{"preprocess": {"imputer": {"strategy": "mean", "fill_values": [1.9980383463541664, 1.9980088686342585, 1.9979270215172555, 1.9979338903356478, 1.9976970920138888, 1.9974015190972219, 1.7054215277777776, 1.7040503255208332, 1.7037530164930552, 1.7030344835069444, 1.105688194444444, 1.1054555700231479, 1.104594122730872, 1.1042471137152774, 0.714890407986111, 0.7149095896026233, 0.7150717291184411, 0.7149467230902775, 0.715129665798611, 1.5687851128472219, 1.5688681278935184, 1.5689509114583333, 1.5693793692129634]}, "scaler": {"mean": [1.9980383463541664, 1.9980088686342585, 1.9979270215172555, 1.9979338903356478, 1.9976970920138888, 1.9974015190972219, 1.7054215277777776, 1.7040503255208332, 1.7037530164930552, 1.7030344835069444, 1.105688194444444, 1.1054555700231479, 1.104594122730872, 1.1042471137152774, 0.714890407986111, 0.7149095896026233, 0.7150717291184411, 0.7149467230902775, 0.715129665798611, 1.5687851128472219, 1.5688681278935184, 1.5689509114583333, 1.5693793692129634], "scale": [0.6186358222987499, 0.6184048165963707, 0.6169131626045646, 0.6188057021583919, 0.6190786780359852, 0.6193483831776628, 0.8499594662199426, 0.8514779433930957, 0.8517786121381, 0.8524615929116781, 1.1429141717043114, 1.1426447311097983, 1.138157761879353, 1.1443259567610633, 0.4179935799248805, 0.41756994389346735, 0.40310509036325237, 0.4180313880471395, 0.4181635803116049, 0.6202163323384536, 0.6184503986090866, 0.6203819752284476, 0.6208497796765585]}}, "mlp": {"activation": "tanh", "n_layers": 3, "hidden_layer_sizes": [10], "coefs": [[[-0.045575818048126805, 0.299565060547346, 0.20100019269224462, 0.10770395018113714, -0.24697111330153892, -0.29803707063779306, -0.1905503425019633, 0.28094875855858653, 0.08709172375916106, -0.15814549687708088], [-0.3863200671851374, 0.2920764926951492, 0.2847428267389475, -0.18845199337266189, -0.1935208865788126, -0.31343227273845714, 0.07037079606811318, -0.043993667698841214, -0.12408960937223802, -0.4530855289282943], [0.19607692866586002, -0.3104948189058302, -0.04690670118840805, -0.2128069509798407, -0.04068247306936456, 0.2730544747298133, -0.11967966834625524, 0.018831788569358982, 0.09368843519453485, -0.4163293864481072], [0.2313777317550132, -0.2292229744927274, -0.19222060985537326, 0.24804771274086407, 0.35258976066454656, 0.322003970740242, -0.06556391491362128, -0.30765077347880937, 0.19166338457738072, -0.015300263902821354], [-0.2348119447663796, 0.00380604754304933, -0.21273173294090453, 0.05875730804382763, -0.2267098301687578, 0.17059804882130794, -0.0813960516267, 0.07874677795625772, 0.18977018531431622, -0.037088890793763964], [0.15749504672757547, 0.08161889769929508, 0.21170144463917231, 0.1409417462954071, 0.1119813633369193, 0.15408755661097515, 0.063796546428489, -0.09812385272574704, -0.20810440817300566, 0.16960812715199455], [-0.09294714584755939, -0.15990445960198116, 0.07827587030919989, -0.1194166188290534, -0.10636646053318981, -0.09149583719134563, -0.10211159132956375, 0.25777430353337566, -0.21302798152898986, 0.18792964470914086], [0.2706370805918521, -0.08024870075278806, -0.2521164175105534, 0.14801508458908974, 0.0701039858311936, 0.22393580123821274, 0.03554481467695141, -0.20630702074154333, 0.0864752691921119, -0.14645945332445678], [0.1681522038257048, 0.037968240761445685, -0.15199042432339413, -0.214733317052203, -0.080865777386328, -0.2977194287232625, 0.2949733984015501, 0.08643204557577594, 0.2808116556553076, 0.06447596625478462], [-0.2877134121043281, 0.19828047430877066, 0.30671459687582475, -0.0174361730499062, 0.1332695113128639, -0.06439707836757791, -0.047054312527629955, 0.01394463467267152, -0.22347739970196503, 0.1505346834510355], [-0.13337035660501836, 0.3009100401433589, -0.05988238335708572, -0.11332797578863313, 0.12221730661387192, -0.0159433428396802, -0.33536578941291395, 0.27019915529164545, 0.04539516507255581, -0.3880583409041714], [-0.07285341155164918, -0.28340649647825333, 0.3462669999471464, 0.3465592970864304, 0.054511138170417625, 0.36127120323268147, 0.21044023846855134, -0.3767313631855608, 0.39572404862191674, -0.07274165269311678], [0.2682753050044798, 0.29578402033008944, -0.14526911522298747, -0.19136215353816627, -0.24758404816193635, -0.08393560139242291, 0.29690990744740176, 0.20944875326978546, -0.42517180933653403, 0.11070277615984231], [-0.04554388435590752, -0.2162711106163175, -0.22290041224467672, -0.048904788126154945, 0.3094001902860094, -0.13430987273180384, -0.018490287250980543, 0.15508612548874876, -0.08377256776050025, 0.6670859174060757], [0.18899480967693494, -0.002133989204594912, 0.09423056818505222, -0.06628907916509824, -0.33158759895386575, -0.29309947127290265, -0.10920440282039222, 0.01905177135304743, -0.1838729038509808, -0.1358643144597307], [0.13666246206239652, -0.0022248018188200627, -0.22298052836698146, 0.09806941622300588, 0.29063076072748995, -0.14625967129228032, -0.009192611115052483, 0.2197160249093875, -0.0666520705771111, 0.26235114063801074], [-0.11550916308170167, 0.28597723120062407, -0.040829821732528984, 0.006443199390388923, -0.17134975638515146, 0.3010530246680968, -0.22999297779125755, -0.270841936006253, -0.32978724184953495, -0.0013830631368201526], [-0.05151956828515825, -0.18236418466405696, 0.03686468057108158, -0.1219206570844593, 0.0569070023526517, -0.24301408786930145, 0.10253255790844824, -0.12979780176829858, 0.44188970869507604, -0.235462047438366], [0.015297011456104244, -0.03341649596010142, 0.08188324236965233, 0.10572008144076582, 0.05357987737531194, 0.1418695453132728, 0.1458751668020965, 0.05654799186941915, 0.15477454034113794, -0.3042064140918661], [-0.16702575792892185, 0.20093923013289922, 0.18485516890564968, -0.03529964979508154, -0.06653805209049274, -0.022871575954030082, 0.3693069756271154, 0.1204468953026733, 0.2363109398751729, 0.09012792187835246], [0.3141944334687285, -0.3454369564738618, -0.22983109699511384, 0.09030988868081166, -0.015701968716114997, -0.13524459532247513, -0.340126216804335, 0.07639362564749932, -0.3684669004348396, -0.25224078446907944], [0.004823700715548702, 0.028721053702688876, 0.11964767479137668, -0.23359905547753362, 0.17597829501355494, -0.07643578394582282, -0.003165526451564683, 0.003959184666188395, 0.010143118301267202, 0.1927935993789068], [-0.0459268050509678, 0.012675302210579194, -0.03725690821912439, 0.016099401748586647, -0.02605568343684615, -0.009074293680423917, 0.09082036700145245, -0.034574868961406706, 0.0516960676968128, 0.20642906692034102]], [[1.051444330993109], [0.9113390875124187], [0.8377538284130712], [-0.6186192726882043], [-1.1024935828241806], [0.3642644274897382], [-0.8064495090110956], [0.8862640953664223], [1.004501421262694], [0.3658515040125445]]], "intercepts": [[0.5161040514083799, 0.1882954071838082, 0.34634901746690944, -0.32603295034718865, -0.5885051610716211, 0.19886756048387697, -0.4333796882220199, -0.5508878378687464, 0.3806596670060149, -0.20873920966025214], [0.022838556141702524]]}}