{"Layer1":{"InputWeights":[-1.5605166110260751,1.0791999236011458,-0.11491683717163823,0.13157874273074918,-0.072248074743575849,-0.063386470909394019,0.042126034708166261,-1.109436889247059,0.93798975822165154,0.12233100499087739,-0.098351157039532164,-0.25130656390642958,0.23251491001803545,-0.026030310156821647,0.00850495806837165,-0.29108896251506461,0.24009520007485985,0.0196608724069998,-1.327636748335641,1.3867743311680982,-0.13254921234424016,0.071972972790635525],"Biases":0.053401094405349452},"Layer2":{"LayerWeights":-1.5505359847626345,"Biases":0.10778970034176498}}