{"Layer1":{"InputWeights":[-1.7201332137860117,1.2019957425006109,0.025212004386935879,-0.064298555599244592,-0.16539175763515473,0.14373860365303598,0.09874206865023348,-0.12373036358809675,-2.9130868356717463,2.6960209152550991,-0.042890504773314221,0.34526160184606042,-0.27972218478455996,-0.33540301789906612,-0.096398816307037158,0.067659562607980242,0.2905398748381447,-0.468196892164524,-0.072257007208182025,0.41553255810453943,0.080386549055046136,-1.4979698965612811,1.5298821594618861,-0.13329789342967788,0.090552922896672425],"Biases":0.027669305502164645},"Layer2":{"LayerWeights":-1.3587382317189844,"Biases":0.077693638467150952}}