{"Layer1":{"InputWeights":[1.5162919865041249,-1.0873992196722304,0.034878351282161893,-0.0043390730930512435,0.12893477203069034,-0.088772927832979187,0.0345150704989945,1.431406585765546,-1.5023328861774932,0.11882519506408851,-0.050196955301174052,0.55136986830897194,-0.56834100989113867,0.055591066333432158,0.023674535708137032,-0.0156293640366613,0.07977838001360972,-0.072035730853024588,0.31367629033913907,-0.28480076445441921,0.05069240635103707,-0.011590472521954803],"Biases":-0.099056145063764145},"Layer2":{"LayerWeights":1.8913530414963968,"Biases":0.14908559378247696}}