{"Layer1":{"InputWeights":[1.1919713731453132,-0.75729630381308044,-0.1804609266702083,0.094440225068331163,0.061032592516612784,-0.0075047070743386665,0.044791466232799677,-0.0096531040217412364,-0.016848215930496971,0.021655486350937465,0.82268699673985635,-0.691183074602162,-0.263006986358191,0.13586131290194256,0.31780072168360451,-0.3366045850793965,-0.053538738040874043,0.066838374727982042,0.048215530407748668,0.19206678994628829,-0.19083103838781978,0.044013394921140869,-0.0031977553267439505],"Biases":-0.080100423993088074},"Layer2":{"LayerWeights":2.2904029716800371,"Biases":0.18299801089250939}}