Date,hr,P1
24/7/2025,1,2.38
24/7/2025,2,2.42
24/7/2025,3,2.47
24/7/2025,4,2.5
24/7/2025,5,2.55
24/7/2025,6,2.58
24/7/2025,7,2.62
24/7/2025,8,2.64
24/7/2025,9,2.68
24/7/2025,10,2.7
24/7/2025,11,2.73
24/7/2025,12,2.75
24/7/2025,13,2.76
24/7/2025,14,2.78
24/7/2025,15,2.79
24/7/2025,16,2.79
24/7/2025,17,2.78
24/7/2025,18,2.77
24/7/2025,19,2.77
24/7/2025,20,2.77
24/7/2025,21,2.76
24/7/2025,22,2.75
24/7/2025,23,2.75
24/7/2025,24,2.75
23/7/2025,1,1.53
23/7/2025,2,1.54
23/7/2025,3,1.55
23/7/2025,4,1.55
23/7/2025,5,1.57
23/7/2025,6,1.58
23/7/2025,7,1.6
23/7/2025,8,1.62
23/7/2025,9,1.64
23/7/2025,10,1.69
23/7/2025,11,1.71
23/7/2025,12,1.77
23/7/2025,13,1.82
23/7/2025,14,1.89
23/7/2025,15,1.94
23/7/2025,16,2
23/7/2025,17,2.05
23/7/2025,18,2.1
23/7/2025,19,2.14
23/7/2025,20,2.17
23/7/2025,21,2.21
23/7/2025,22,2.25
23/7/2025,23,2.29
23/7/2025,24,2.34
17/7/2005,1,1.91
17/7/2005,2,1.91
17/7/2005,3,1.92
17/7/2005,4,1.92
17/7/2005,5,1.93
17/7/2005,6,1.93
17/7/2005,7,1.93
17/7/2005,8,1.93
17/7/2005,9,1.92
17/7/2005,10,1.92
17/7/2005,11,1.91
17/7/2005,12,1.90
17/7/2005,13,1.90
17/7/2005,14,1.89
17/7/2005,15,1.87
17/7/2005,16,1.86
17/7/2005,17,1.86
17/7/2005,18,1.85
17/7/2005,19,1.84
17/7/2005,20,1.83
17/7/2005,21,1.82
17/7/2005,22,1.81
17/7/2005,23,1.81
17/7/2005,24,1.80
18/7/2005,1,1.80
18/7/2005,2,1.79
18/7/2005,3,1.79
18/7/2005,4,1.79
18/7/2005,5,1.79
18/7/2005,6,1.78
18/7/2005,7,1.77
18/7/2005,8,1.77
18/7/2005,9,1.76
18/7/2005,10,1.76
18/7/2005,11,1.76
18/7/2005,12,1.75
18/7/2005,13,1.74
18/7/2005,14,1.73
18/7/2005,15,1.72
18/7/2005,16,1.71
18/7/2005,17,1.71
18/7/2005,18,1.70
18/7/2005,19,1.70
18/7/2005,20,1.69
18/7/2005,21,1.68
18/7/2005,22,1.67
18/7/2005,23,1.66
18/7/2005,24,1.65
19/7/2005,1,1.64
19/7/2005,2,1.64
19/7/2005,3,1.63
19/7/2005,4,1.63
19/7/2005,5,1.62
19/7/2005,6,1.61
19/7/2005,7,1.61
19/7/2005,8,1.60
19/7/2005,9,1.60
19/7/2005,10,1.59
19/7/2005,11,1.59
19/7/2005,12,1.58
19/7/2005,13,1.54
19/7/2005,14,1.58
19/7/2005,15,1.58
19/7/2005,16,1.57
19/7/2005,17,1.57
19/7/2005,18,1.57
19/7/2005,19,1.57
19/7/2005,20,1.57
19/7/2005,21,1.57
19/7/2005,22,1.56
19/7/2005,23,1.55
19/7/2005,24,1.55
20/7/2005,1,1.54
20/7/2005,2,1.54
20/7/2005,3,1.53
20/7/2005,4,1.53
20/7/2005,5,1.53
20/7/2005,6,1.53
20/7/2005,7,1.53
20/7/2005,8,1.53
20/7/2005,9,1.53
20/7/2005,10,1.53
20/7/2005,11,1.53
20/7/2005,12,1.53
20/7/2005,13,1.54
20/7/2005,14,1.54
20/7/2005,15,1.54
20/7/2005,16,1.54
20/7/2005,17,1.54
20/7/2005,18,1.54
20/7/2005,19,1.54
20/7/2005,20,1.54
20/7/2005,21,1.54
20/7/2005,22,1.56
20/7/2005,23,1.57
20/7/2005,24,1.60
21/7/2005,1,1.61
21/7/2005,2,1.62
21/7/2005,3,1.64
21/7/2005,4,1.65
21/7/2005,5,1.66
21/7/2005,6,1.66
21/7/2005,7,1.71
21/7/2005,8,1.73
21/7/2005,9,1.76
21/7/2005,10,1.80
21/7/2005,11,1.83
21/7/2005,12,1.86
21/7/2005,13,1.88
21/7/2005,14,1.92
21/7/2005,15,1.96
21/7/2005,16,2.00
21/7/2005,17,2.03
21/7/2005,18,2.05
21/7/2005,19,2.07
21/7/2005,20,2.10
21/7/2005,21,2.12
21/7/2005,22,2.13
21/7/2005,23,2.14
21/7/2005,24,2.16
22/7/2005,1,2.17
22/7/2005,2,2.18
22/7/2005,3,2.20
22/7/2005,4,2.21
22/7/2005,5,2.22
22/7/2005,6,2.22
22/7/2005,7,2.22
22/7/2005,8,2.22
22/7/2005,9,2.22
22/7/2005,10,2.21
22/7/2005,11,2.21
22/7/2005,12,2.21
22/7/2005,13,2.20
22/7/2005,14,2.20
22/7/2005,15,2.19
22/7/2005,16,2.18
22/7/2005,17,2.18
22/7/2005,18,2.17
22/7/2005,19,2.17
22/7/2005,20,2.15
22/7/2005,21,2.15
22/7/2005,22,2.13
22/7/2005,23,2.12
22/7/2005,24,2.13
23/7/2005,1,2.13
23/7/2005,2,2.13
23/7/2005,3,2.13
23/7/2005,4,2.13
23/7/2005,5,2.12
23/7/2005,6,2.11
23/7/2005,7,2.11
23/7/2005,8,2.11
23/7/2005,9,2.10
23/7/2005,10,2.09
23/7/2005,11,2.09
23/7/2005,12,2.08
23/7/2005,13,2.07
23/7/2005,14,2.07
23/7/2005,15,2.06
23/7/2005,16,2.06
23/7/2005,17,2.06
23/7/2005,18,2.06
23/7/2005,19,2.05
23/7/2005,20,2.05
23/7/2005,21,2.05
23/7/2005,22,2.05
23/7/2005,23,2.05
23/7/2005,24,2.04
24/7/2005,1,2.04
24/7/2005,2,2.03
24/7/2005,3,2.02
24/7/2005,4,2.01
24/7/2005,5,2.01
24/7/2005,6,2.00
24/7/2005,7,2.00
24/7/2005,8,1.99
24/7/2005,9,1.98
24/7/2005,10,1.98
24/7/2005,11,1.97
24/7/2005,12,1.97
24/7/2005,13,1.97
24/7/2005,14,1.97
24/7/2005,15,1.97
24/7/2005,16,1.98
24/7/2005,17,1.99
24/7/2005,18,2.00
24/7/2005,19,2.01
24/7/2005,20,2.02
24/7/2005,21,2.04
24/7/2005,22,2.05
24/7/2005,23,2.07
24/7/2005,24,2.09
25/7/2005,1,2.10
25/7/2005,2,2.11
25/7/2005,3,2.12
25/7/2005,4,2.13
25/7/2005,5,2.13
25/7/2005,6,2.14
25/7/2005,7,2.14
25/7/2005,8,2.15
25/7/2005,9,2.16
25/7/2005,10,2.17
25/7/2005,11,2.18
25/7/2005,12,2.20
25/7/2005,13,2.21
25/7/2005,14,2.24
25/7/2005,15,2.26
25/7/2005,16,2.29
25/7/2005,17,2.31
25/7/2005,18,2.33
25/7/2005,19,2.34
25/7/2005,20,2.35
25/7/2005,21,2.39
25/7/2005,22,2.42
25/7/2005,23,2.44
25/7/2005,24,2.46
26/7/2005,1,2.48
26/7/2005,2,2.50
26/7/2005,3,2.53
26/7/2005,4,2.54
26/7/2005,5,2.56
26/7/2005,6,2.59
26/7/2005,7,2.59
26/7/2005,8,2.60
26/7/2005,9,2.60
26/7/2005,10,2.60
26/7/2005,11,2.60
26/7/2005,12,2.60
26/7/2005,13,2.60
26/7/2005,14,2.59
26/7/2005,15,2.58
26/7/2005,16,2.57
26/7/2005,17,2.56
26/7/2005,18,2.54
26/7/2005,19,2.52
26/7/2005,20,2.51
26/7/2005,21,2.50
26/7/2005,22,2.48
26/7/2005,23,2.47
26/7/2005,24,2.46
27/7/2005,1,2.45
27/7/2005,2,2.44
27/7/2005,3,2.43
27/7/2005,4,2.42
27/7/2005,5,2.41
27/7/2005,6,2.39
27/7/2005,7,2.35
27/7/2005,8,2.33
27/7/2005,9,2.31
27/7/2005,10,2.30
27/7/2005,11,2.29
27/7/2005,12,2.28
27/7/2005,13,2.27
27/7/2005,14,2.26
27/7/2005,15,2.24
27/7/2005,16,2.23
27/7/2005,17,2.22
27/7/2005,18,2.20
27/7/2005,19,2.19
27/7/2005,20,2.18
27/7/2005,21,2.17
27/7/2005,22,2.16
27/7/2005,23,2.14
27/7/2005,24,2.13
28/7/2005,1,2.11
28/7/2005,2,2.10
28/7/2005,3,2.09
28/7/2005,4,2.08
28/7/2005,5,2.05
28/7/2005,6,2.06
28/7/2005,7,2.07
28/7/2005,8,2.07
28/7/2005,9,2.08
28/7/2005,10,2.09
28/7/2005,11,2.09
28/7/2005,12,2.10
28/7/2005,13,2.10
28/7/2005,14,2.11
28/7/2005,15,2.11
28/7/2005,16,2.10
28/7/2005,17,2.09
28/7/2005,18,2.09
28/7/2005,19,2.08
28/7/2005,20,2.07
28/7/2005,21,2.07
28/7/2005,22,2.06
28/7/2005,23,2.05
28/7/2005,24,2.05
29/7/2005,1,2.04
29/7/2005,2,2.03
29/7/2005,3,2.03
29/7/2005,4,2.02
29/7/2005,5,2.01
29/7/2005,6,2.01
29/7/2005,7,1.99
29/7/2005,8,1.98
29/7/2005,9,1.98
29/7/2005,10,1.98
29/7/2005,11,1.98
29/7/2005,12,1.98
29/7/2005,13,1.97
29/7/2005,14,1.97
29/7/2005,15,1.97
29/7/2005,16,1.97
29/7/2005,17,1.99
29/7/2005,18,1.99
29/7/2005,19,1.96
29/7/2005,20,1.96
29/7/2005,21,1.95
29/7/2005,22,1.94
29/7/2005,23,1.94
29/7/2005,24,1.93
30/7/2005,1,1.92
30/7/2005,2,1.90
30/7/2005,3,1.89
30/7/2005,4,1.88
30/7/2005,5,1.87
30/7/2005,6,1.87
30/7/2005,7,1.87
30/7/2005,8,1.87
30/7/2005,9,1.87
30/7/2005,10,1.86
30/7/2005,11,1.86
30/7/2005,12,1.86
30/7/2005,13,1.86
30/7/2005,14,1.86
30/7/2005,15,1.85
30/7/2005,16,1.85
30/7/2005,17,1.85
30/7/2005,18,1.85
30/7/2005,19,1.85
30/7/2005,20,1.84
30/7/2005,21,1.84
30/7/2005,22,1.83
30/7/2005,23,1.83
30/7/2005,24,1.82
31/7/2005,1,1.82
31/7/2005,2,1.81
31/7/2005,3,1.80
31/7/2005,4,1.79
31/7/2005,5,1.78
31/7/2005,6,1.78
31/7/2005,7,1.78
31/7/2005,8,1.77
31/7/2005,9,1.77
31/7/2005,10,1.77
31/7/2005,11,1.77
31/7/2005,12,1.77
31/7/2005,13,1.76
31/7/2005,14,1.76
31/7/2005,15,1.76
31/7/2005,16,1.75
31/7/2005,17,1.75
31/7/2005,18,1.74
31/7/2005,19,1.73
31/7/2005,20,1.72
31/7/2005,21,1.72
31/7/2005,22,1.71
31/7/2005,23,1.71
31/7/2005,24,1.70
1/8/2005,1,1.69
1/8/2005,2,1.68
1/8/2005,3,1.68
1/8/2005,4,1.67
1/8/2005,5,1.67
1/8/2005,6,1.67
1/8/2005,7,1.66
1/8/2005,8,1.66
1/8/2005,9,1.65
1/8/2005,10,1.65
1/8/2005,11,1.64
1/8/2005,12,1.64
1/8/2005,13,1.64
1/8/2005,14,1.63
1/8/2005,15,1.63
1/8/2005,16,1.63
1/8/2005,17,1.63
1/8/2005,18,1.63
1/8/2005,19,1.63
1/8/2005,20,1.63
1/8/2005,21,1.62
1/8/2005,22,1.62
1/8/2005,23,1.62
1/8/2005,24,1.62
2/8/2005,1,1.62
2/8/2005,2,1.62
2/8/2005,3,1.62
2/8/2005,4,1.62
2/8/2005,5,1.62
2/8/2005,6,1.62
2/8/2005,7,1.62
2/8/2005,8,1.62
2/8/2005,9,1.63
2/8/2005,10,1.64
2/8/2005,11,1.65
2/8/2005,12,1.66
2/8/2005,13,1.67
2/8/2005,14,1.68
2/8/2005,15,1.69
2/8/2005,16,1.70
2/8/2005,17,1.71
2/8/2005,18,1.72
2/8/2005,19,1.72
2/8/2005,20,1.72
2/8/2005,21,1.73
2/8/2005,22,1.74
2/8/2005,23,1.74
2/8/2005,24,1.74
3/8/2005,1,1.75
3/8/2005,2,1.76
3/8/2005,3,1.76
3/8/2005,4,1.77
3/8/2005,5,1.78
3/8/2005,6,1.78
3/8/2005,7,1.78
3/8/2005,8,1.79
3/8/2005,9,1.80
3/8/2005,10,1.80
3/8/2005,11,1.80
3/8/2005,12,1.80
3/8/2005,13,1.80
3/8/2005,14,1.80
3/8/2005,15,1.80
3/8/2005,16,1.80
3/8/2005,17,1.79
3/8/2005,18,1.79
3/8/2005,19,1.79
3/8/2005,20,1.78
3/8/2005,21,1.78
3/8/2005,22,1.77
3/8/2005,23,1.76
3/8/2005,24,1.72
4/8/2005,1,1.76
4/8/2005,2,1.75
4/8/2005,3,1.75
4/8/2005,4,1.75
4/8/2005,5,1.75
4/8/2005,6,1.75
4/8/2005,7,1.74
4/8/2005,8,1.73
4/8/2005,9,1.72
4/8/2005,10,1.72
4/8/2005,11,1.72
4/8/2005,12,1.71
4/8/2005,13,1.71
4/8/2005,14,1.71
4/8/2005,15,1.71
4/8/2005,16,1.71
4/8/2005,17,1.71
4/8/2005,18,1.71
4/8/2005,19,1.71
4/8/2005,20,1.70
4/8/2005,21,1.70
4/8/2005,22,1.70
4/8/2005,23,1.70
4/8/2005,24,1.69
5/8/2005,1,1.69
5/8/2005,2,1.69
5/8/2005,3,1.68
5/8/2005,4,1.68
5/8/2005,5,1.68
5/8/2005,6,1.68
5/8/2005,7,1.67
5/8/2005,8,1.67
5/8/2005,9,1.67
5/8/2005,10,1.67
5/8/2005,11,1.66
5/8/2005,12,1.66
5/8/2005,13,1.66
5/8/2005,14,1.66
5/8/2005,15,1.66
5/8/2005,16,1.65
5/8/2005,17,1.65
5/8/2005,18,1.65
5/8/2005,19,1.65
5/8/2005,20,1.65
5/8/2005,21,1.65
5/8/2005,22,1.65
5/8/2005,23,1.64
5/8/2005,24,1.64
6/8/2005,1,1.63
6/8/2005,2,1.63
6/8/2005,3,1.63
6/8/2005,4,1.62
6/8/2005,5,1.62
6/8/2005,6,1.61
6/8/2005,7,1.60
6/8/2005,8,1.60
6/8/2005,9,1.60
6/8/2005,10,1.59
6/8/2005,11,1.59
6/8/2005,12,1.59
6/8/2005,13,1.59
6/8/2005,14,1.59
6/8/2005,15,1.59
6/8/2005,16,1.59
6/8/2005,17,1.58
6/8/2005,18,1.58
6/8/2005,19,1.58
6/8/2005,20,1.58
6/8/2005,21,1.58
6/8/2005,22,1.58
6/8/2005,23,1.58
6/8/2005,24,1.57
7/8/2005,1,1.57
7/8/2005,2,1.57
7/8/2005,3,1.57
7/8/2005,4,1.57
7/8/2005,5,1.57
7/8/2005,6,1.57
7/8/2005,7,1.57
7/8/2005,8,1.57
7/8/2005,9,1.57
7/8/2005,10,1.58
7/8/2005,11,1.58
7/8/2005,12,1.58
7/8/2005,13,1.58
7/8/2005,14,1.58
7/8/2005,15,1.58
7/8/2005,16,1.58
7/8/2005,17,1.58
7/8/2005,18,1.58
7/8/2005,19,1.58
7/8/2005,20,1.58
7/8/2005,21,1.58
7/8/2005,22,1.58
7/8/2005,23,1.58
7/8/2005,24,1.58
8/8/2005,1,1.58
8/8/2005,2,1.58
8/8/2005,3,1.58
8/8/2005,4,1.58
8/8/2005,5,1.58
8/8/2005,6,1.58
8/8/2005,7,1.58
8/8/2005,8,1.58
8/8/2005,9,1.58
8/8/2005,10,1.58
8/8/2005,11,1.58
8/8/2005,12,1.58
8/8/2005,13,1.58
8/8/2005,14,1.58
8/8/2005,15,1.58
8/8/2005,16,1.58
8/8/2005,17,1.58
8/8/2005,18,1.58
8/8/2005,19,1.58
8/8/2005,20,1.57
8/8/2005,21,1.57
8/8/2005,22,1.57
8/8/2005,23,1.57
8/8/2005,24,1.57
9/8/2005,1,1.57
9/8/2005,2,1.57
9/8/2005,3,1.57
9/8/2005,4,1.57
9/8/2005,5,1.57
9/8/2005,6,1.57
9/8/2005,7,1.57
9/8/2005,8,1.57
9/8/2005,9,1.57
9/8/2005,10,1.57
9/8/2005,11,1.57
9/8/2005,12,1.57
9/8/2005,13,1.57
9/8/2005,14,1.57
9/8/2005,15,1.57
9/8/2005,16,1.57
9/8/2005,17,1.57
9/8/2005,18,1.57
9/8/2005,19,1.57
9/8/2005,20,1.57
9/8/2005,21,1.56
9/8/2005,22,1.56
9/8/2005,23,1.56
9/8/2005,24,1.56
10/8/2005,1,1.56
10/8/2005,2,1.56
10/8/2005,3,1.56
10/8/2005,4,1.56
10/8/2005,5,1.56
10/8/2005,6,1.56
10/8/2005,7,1.56
10/8/2005,8,1.56
10/8/2005,9,1.56
10/8/2005,10,1.56
10/8/2005,11,1.56
10/8/2005,12,1.56
10/8/2005,13,1.55
10/8/2005,14,1.55
10/8/2005,15,1.55
10/8/2005,16,1.54
10/8/2005,17,1.54
10/8/2005,18,1.54
10/8/2005,19,1.54
10/8/2005,20,1.54
10/8/2005,21,1.54
10/8/2005,22,1.54
10/8/2005,23,1.54
10/8/2005,24,1.53
11/8/2005,1,1.53
11/8/2005,2,1.53
11/8/2005,3,1.53
11/8/2005,4,1.53
11/8/2005,5,1.53
11/8/2005,6,1.53
11/8/2005,7,1.56
11/8/2005,8,1.55
11/8/2005,9,1.54
11/8/2005,10,1.54
11/8/2005,11,1.53
11/8/2005,12,1.52
11/8/2005,13,1.52
11/8/2005,14,1.50
11/8/2005,15,1.49
11/8/2005,16,1.46
11/8/2005,17,1.46
11/8/2005,18,1.46
11/8/2005,19,1.46
11/8/2005,20,1.46
11/8/2005,21,1.46
11/8/2005,22,1.47
11/8/2005,23,1.47
11/8/2005,24,1.47
12/8/2005,1,1.48
12/8/2005,2,1.48
12/8/2005,3,1.49
12/8/2005,4,1.49
12/8/2005,5,1.50
12/8/2005,6,1.50
12/8/2005,7,1.50
12/8/2005,8,1.50
12/8/2005,9,1.50
12/8/2005,10,1.52
12/8/2005,11,1.52
12/8/2005,12,1.53
12/8/2005,13,1.53
12/8/2005,14,1.53
12/8/2005,15,1.53
12/8/2005,16,1.53
12/8/2005,17,1.53
12/8/2005,18,1.53
12/8/2005,19,1.53
12/8/2005,20,1.53
12/8/2005,21,1.53
12/8/2005,22,1.54
12/8/2005,23,1.55
12/8/2005,24,1.56
13/8/2005,1,1.56
13/8/2005,2,1.56
13/8/2005,3,1.56
13/8/2005,4,1.60
13/8/2005,5,1.64
13/8/2005,6,1.65
13/8/2005,7,1.68
13/8/2005,8,1.72
13/8/2005,9,1.78
13/8/2005,10,1.88
13/8/2005,11,1.96
13/8/2005,12,2.07
13/8/2005,13,2.24
13/8/2005,14,2.37
13/8/2005,15,2.46
13/8/2005,16,2.59
13/8/2005,17,2.70
13/8/2005,18,2.80
13/8/2005,19,2.90
13/8/2005,20,2.97
13/8/2005,21,3.03
13/8/2005,22,3.14
13/8/2005,23,3.26
13/8/2005,24,3.40
14/8/2005,1,3.62
14/8/2005,2,3.90
14/8/2005,3,4.12
14/8/2005,4,4.35
14/8/2005,5,4.47
14/8/2005,6,4.65
14/8/2005,7,4.68
14/8/2005,8,4.70
14/8/2005,9,4.72
14/8/2005,10,4.75
14/8/2005,11,4.78
14/8/2005,12,4.81
14/8/2005,13,4.83
14/8/2005,14,4.85
14/8/2005,15,4.86
14/8/2005,16,4.88
14/8/2005,17,4.89
14/8/2005,18,4.90
14/8/2005,19,4.90
14/8/2005,20,4.90
14/8/2005,21,4.90
14/8/2005,22,4.90
14/8/2005,23,4.90
14/8/2005,24,4.90
15/8/2005,1,4.90
15/8/2005,2,4.89
15/8/2005,3,4.88
15/8/2005,4,4.86
15/8/2005,5,4.84
15/8/2005,6,4.81
15/8/2005,7,4.78
15/8/2005,8,4.75
15/8/2005,9,4.68
15/8/2005,10,4.68
15/8/2005,11,4.64
15/8/2005,12,4.60
15/8/2005,13,4.56
15/8/2005,14,4.51
15/8/2005,15,4.48
15/8/2005,16,4.44
15/8/2005,17,4.40
15/8/2005,18,4.36
15/8/2005,19,4.31
15/8/2005,20,4.27
15/8/2005,21,4.22
15/8/2005,22,4.16
15/8/2005,23,4.10
15/8/2005,24,4.04
16/8/2005,1,3.96
16/8/2005,2,3.90
16/8/2005,3,3.82
16/8/2005,4,3.76
16/8/2005,5,3.68
16/8/2005,6,3.60
16/8/2005,7,3.56
16/8/2005,8,3.51
16/8/2005,9,3.44
16/8/2005,10,3.39
16/8/2005,11,3.35
16/8/2005,12,3.29
16/8/2005,13,3.27
16/8/2005,14,3.23
16/8/2005,15,3.19
16/8/2005,16,3.15
16/8/2005,17,3.11
16/8/2005,18,3.08
16/8/2005,19,3.06
16/8/2005,20,3.03
16/8/2005,21,3.00
16/8/2005,22,2.96
16/8/2005,23,2.94
16/8/2005,24,2.92
17/8/2005,1,2.88
17/8/2005,2,2.86
17/8/2005,3,2.84
17/8/2005,4,2.80
17/8/2005,5,2.76
17/8/2005,6,2.74
17/8/2005,7,2.71
17/8/2005,8,2.68
17/8/2005,9,2.65
17/8/2005,10,2.62
17/8/2005,11,2.59
17/8/2005,12,2.56
17/8/2005,13,2.53
17/8/2005,14,2.52
17/8/2005,15,2.52
17/8/2005,16,2.52
17/8/2005,17,2.51
17/8/2005,18,2.50
17/8/2005,19,2.49
17/8/2005,20,2.48
17/8/2005,21,2.47
17/8/2005,22,2.47
17/8/2005,23,2.47
17/8/2005,24,2.46
18/8/2005,1,2.46
18/8/2005,2,2.45
18/8/2005,3,2.45
18/8/2005,4,2.44
18/8/2005,5,2.43
18/8/2005,6,2.42
18/8/2005,7,2.41
18/8/2005,8,2.40
18/8/2005,9,2.39
18/8/2005,10,2.38
18/8/2005,11,2.36
18/8/2005,12,2.34
18/8/2005,13,2.35
18/8/2005,14,2.34
18/8/2005,15,2.33
18/8/2005,16,2.32
18/8/2005,17,2.31
18/8/2005,18,2.30
18/8/2005,19,2.30
18/8/2005,20,2.31
18/8/2005,21,2.32
18/8/2005,22,2.34
18/8/2005,23,2.36
18/8/2005,24,2.40
19/8/2005,1,2.42
19/8/2005,2,2.44
19/8/2005,3,2.46
19/8/2005,4,2.48
19/8/2005,5,2.49
19/8/2005,6,2.50
19/8/2005,7,2.51
19/8/2005,8,2.51
19/8/2005,9,2.52
19/8/2005,10,2.53
19/8/2005,11,2.53
19/8/2005,12,2.54
19/8/2005,13,2.55
19/8/2005,14,2.55
19/8/2005,15,2.55
19/8/2005,16,2.55
19/8/2005,17,2.55
19/8/2005,18,2.55
19/8/2005,19,2.54
19/8/2005,20,2.53
19/8/2005,21,2.53
19/8/2005,22,2.52
19/8/2005,23,2.50
19/8/2005,24,2.49
20/8/2005,1,2.47
20/8/2005,2,2.46
20/8/2005,3,2.44
20/8/2005,4,2.42
20/8/2005,5,2.41
20/8/2005,6,2.39
20/8/2005,7,2.38
20/8/2005,8,2.36
20/8/2005,9,2.35
20/8/2005,10,2.33
20/8/2005,11,2.31
20/8/2005,12,2.30
20/8/2005,13,2.29
20/8/2005,14,2.27
20/8/2005,15,2.26
20/8/2005,16,2.24
20/8/2005,17,2.22
20/8/2005,18,2.19
20/8/2005,19,2.18
20/8/2005,20,2.16
20/8/2005,21,2.15
20/8/2005,22,2.13
20/8/2005,23,2.12
20/8/2005,24,2.11
21/8/2005,1,2.10
21/8/2005,2,2.09
21/8/2005,3,2.08
21/8/2005,4,2.07
21/8/2005,5,2.06
21/8/2005,6,2.05
21/8/2005,7,2.04
21/8/2005,8,2.03
21/8/2005,9,2.03
21/8/2005,10,2.02
21/8/2005,11,2.01
21/8/2005,12,2.00
21/8/2005,13,2.00
21/8/2005,14,1.99
21/8/2005,15,1.98
21/8/2005,16,1.97
21/8/2005,17,1.96
21/8/2005,18,1.96
21/8/2005,19,1.96
21/8/2005,20,1.96
21/8/2005,21,1.97
21/8/2005,22,1.97
21/8/2005,23,1.96
21/8/2005,24,1.95
22/8/2005,1,1.94
22/8/2005,2,1.94
22/8/2005,3,1.93
22/8/2005,4,1.93
22/8/2005,5,1.93
22/8/2005,6,1.92
22/8/2005,7,1.92
22/8/2005,8,1.92
22/8/2005,9,1.92
22/8/2005,10,1.91
22/8/2005,11,1.90
22/8/2005,12,1.89
22/8/2005,13,1.89
22/8/2005,14,1.88
22/8/2005,15,1.87
22/8/2005,16,1.86
22/8/2005,17,1.85
22/8/2005,18,1.85
22/8/2005,19,1.85
22/8/2005,20,1.85
22/8/2005,21,1.85
22/8/2005,22,1.85
22/8/2005,23,1.85
22/8/2005,24,1.85
23/8/2005,1,1.84
23/8/2005,2,1.84
23/8/2005,3,1.83
23/8/2005,4,1.82
23/8/2005,5,1.81
23/8/2005,6,1.80
23/8/2005,7,1.80
23/8/2005,8,1.80
23/8/2005,9,1.79
23/8/2005,10,1.79
23/8/2005,11,1.79
23/8/2005,12,1.78
23/8/2005,13,1.78
23/8/2005,14,1.78
23/8/2005,15,1.78
23/8/2005,16,1.78
23/8/2005,17,1.77
23/8/2005,18,1.76
23/8/2005,19,1.75
23/8/2005,20,1.74
23/8/2005,21,1.74
23/8/2005,22,1.74
23/8/2005,23,1.74
23/8/2005,24,1.73
24/8/2005,1,1.72
24/8/2005,2,1.72
24/8/2005,3,1.71
24/8/2005,4,1.71
24/8/2005,5,1.71
24/8/2005,6,1.71
24/8/2005,7,1.70
24/8/2005,8,1.70
24/8/2005,9,1.70
24/8/2005,10,1.70
24/8/2005,11,1.70
24/8/2005,12,1.70
24/8/2005,13,1.70
24/8/2005,14,1.70
24/8/2005,15,1.70
24/8/2005,16,1.70
24/8/2005,17,1.69
24/8/2005,18,1.69
24/8/2005,19,1.69
24/8/2005,20,1.69
24/8/2005,21,1.69
24/8/2005,22,1.69
24/8/2005,23,1.69
24/8/2005,24,1.69
25/8/2005,1,1.69
25/8/2005,2,1.68
25/8/2005,3,1.68
25/8/2005,4,1.68
25/8/2005,5,1.67
25/8/2005,6,1.66
25/8/2005,7,1.68
25/8/2005,8,1.68
25/8/2005,9,1.68
25/8/2005,10,1.68
25/8/2005,11,1.69
25/8/2005,12,1.69
25/8/2005,13,1.72
25/8/2005,14,1.72
25/8/2005,15,1.72
25/8/2005,16,1.70
25/8/2005,17,1.70
25/8/2005,18,1.68
25/8/2005,19,1.66
25/8/2005,20,1.66
25/8/2005,21,1.66
25/8/2005,22,1.66
25/8/2005,23,1.66
25/8/2005,24,1.66
26/8/2005,1,1.66
26/8/2005,2,1.66
26/8/2005,3,1.67
26/8/2005,4,1.68
26/8/2005,5,1.70
26/8/2005,6,1.72
26/8/2005,7,1.72
26/8/2005,8,1.73
26/8/2005,9,1.73
26/8/2005,10,1.73
26/8/2005,11,1.74
26/8/2005,12,1.75
26/8/2005,13,1.76
26/8/2005,14,1.76
26/8/2005,15,1.76
26/8/2005,16,1.76
26/8/2005,17,1.76
26/8/2005,18,1.76
26/8/2005,19,1.76
26/8/2005,20,1.76
26/8/2005,21,1.77
26/8/2005,22,1.80
26/8/2005,23,1.84
26/8/2005,24,1.84
27/8/2005,1,1.85
27/8/2005,2,1.85
27/8/2005,3,1.85
27/8/2005,4,1.85
27/8/2005,5,1.85
27/8/2005,6,1.85
27/8/2005,7,1.85
27/8/2005,8,1.85
27/8/2005,9,1.84
27/8/2005,10,1.84
27/8/2005,11,1.83
27/8/2005,12,1.83
27/8/2005,13,1.83
27/8/2005,14,1.83
27/8/2005,15,1.83
27/8/2005,16,1.83
27/8/2005,17,1.83
27/8/2005,18,1.83
27/8/2005,19,1.83
27/8/2005,20,1.83
27/8/2005,21,1.83
27/8/2005,22,1.83
27/8/2005,23,1.83
27/8/2005,24,1.83
28/8/2005,1,1.83
28/8/2005,2,1.83
28/8/2005,3,1.83
28/8/2005,4,1.83
28/8/2005,5,1.83
28/8/2005,6,1.83
28/8/2005,7,1.83
28/8/2005,8,1.83
28/8/2005,9,1.83
28/8/2005,10,1.83
28/8/2005,11,1.83
28/8/2005,12,1.83
28/8/2005,13,1.83
28/8/2005,14,1.83
28/8/2005,15,1.83
28/8/2005,16,1.83
28/8/2005,17,1.83
28/8/2005,18,1.83
28/8/2005,19,1.83
28/8/2005,20,1.83
28/8/2005,21,1.83
28/8/2005,22,1.83
28/8/2005,23,1.83
28/8/2005,24,1.84
29/8/2005,1,1.85
29/8/2005,2,1.85
29/8/2005,3,1.85
29/8/2005,4,1.85
29/8/2005,5,1.85
29/8/2005,6,1.85
29/8/2005,7,1.85
29/8/2005,8,1.85
29/8/2005,9,1.84
29/8/2005,10,1.84
29/8/2005,11,1.84
29/8/2005,12,1.84
29/8/2005,13,1.84
29/8/2005,14,1.83
29/8/2005,15,1.83
29/8/2005,16,1.83
29/8/2005,17,1.83
29/8/2005,18,1.82
29/8/2005,19,1.82
29/8/2005,20,1.81
29/8/2005,21,1.80
29/8/2005,22,1.80
29/8/2005,23,1.79
29/8/2005,24,1.79
30/8/2005,1,1.78
30/8/2005,2,1.77
30/8/2005,3,1.76
30/8/2005,4,1.76
30/8/2005,5,1.76
30/8/2005,6,1.76
30/8/2005,7,1.76
30/8/2005,8,1.76
30/8/2005,9,1.76
30/8/2005,10,1.76
30/8/2005,11,1.76
30/8/2005,12,1.76
30/8/2005,13,1.76
30/8/2005,14,1.76
30/8/2005,15,1.76
30/8/2005,16,1.75
30/8/2005,17,1.75
30/8/2005,18,1.75
30/8/2005,19,1.75
30/8/2005,20,1.75
30/8/2005,21,1.75
30/8/2005,22,1.75
30/8/2005,23,1.75
30/8/2005,24,1.74
31/8/2005,1,1.75
31/8/2005,2,1.75
31/8/2005,3,1.76
31/8/2005,4,1.76
31/8/2005,5,1.76
31/8/2005,6,1.76
31/8/2005,7,1.77
31/8/2005,8,1.78
31/8/2005,9,1.79
31/8/2005,10,1.80
31/8/2005,11,1.81
31/8/2005,12,1.82
31/8/2005,13,1.83
31/8/2005,14,1.84
31/8/2005,15,1.84
31/8/2005,16,1.83
31/8/2005,17,1.82
31/8/2005,18,1.82
31/8/2005,19,1.82
31/8/2005,20,1.82
31/8/2005,21,1.82
31/8/2005,22,1.82
31/8/2005,23,1.82
31/8/2005,24,1.83
1/9/2005,1,1.83
1/9/2005,2,1.83
1/9/2005,3,1.83
1/9/2005,4,1.85
1/9/2005,5,1.86
1/9/2005,6,1.87
1/9/2005,7,1.89
1/9/2005,8,1.90
1/9/2005,9,1.91
1/9/2005,10,1.92
1/9/2005,11,1.93
1/9/2005,12,1.93
1/9/2005,13,1.95
1/9/2005,14,1.95
1/9/2005,15,1.96
1/9/2005,16,1.97
1/9/2005,17,1.97
1/9/2005,18,1.97
1/9/2005,19,1.97
1/9/2005,20,1.98
1/9/2005,21,1.99
1/9/2005,22,2.00
1/9/2005,23,2.02
1/9/2005,24,2.04
2/9/2005,1,2.06
2/9/2005,2,2.09
2/9/2005,3,2.11
2/9/2005,4,2.14
2/9/2005,5,2.17
2/9/2005,6,2.19
2/9/2005,7,2.22
2/9/2005,8,2.23
2/9/2005,9,2.25
2/9/2005,10,2.25
2/9/2005,11,2.25
2/9/2005,12,2.26
2/9/2005,13,2.27
2/9/2005,14,2.27
2/9/2005,15,2.27
2/9/2005,16,2.27
2/9/2005,17,2.27
2/9/2005,18,2.28
2/9/2005,19,2.28
2/9/2005,20,2.29
2/9/2005,21,2.29
2/9/2005,22,2.29
2/9/2005,23,2.29
2/9/2005,24,2.30
3/9/2005,1,2.30
3/9/2005,2,2.30
3/9/2005,3,2.30
3/9/2005,4,2.30
3/9/2005,5,2.30
3/9/2005,6,2.30
3/9/2005,7,2.28
3/9/2005,8,2.28
3/9/2005,9,2.28
3/9/2005,10,2.28
3/9/2005,11,2.29
3/9/2005,12,2.30
3/9/2005,13,2.30
3/9/2005,14,2.29
3/9/2005,15,2.29
3/9/2005,16,2.28
3/9/2005,17,2.28
3/9/2005,18,2.28
3/9/2005,19,2.29
3/9/2005,20,2.29
3/9/2005,21,2.30
3/9/2005,22,2.30
3/9/2005,23,2.30
3/9/2005,24,2.30
4/9/2005,1,2.30
4/9/2005,2,2.30
4/9/2005,3,2.28
4/9/2005,4,2.28
4/9/2005,5,2.27
4/9/2005,6,2.26
4/9/2005,7,2.26
4/9/2005,8,2.25
4/9/2005,9,2.24
4/9/2005,10,2.23
4/9/2005,11,2.23
4/9/2005,12,2.22
4/9/2005,13,2.22
4/9/2005,14,2.22
4/9/2005,15,2.21
4/9/2005,16,2.21
4/9/2005,17,2.20
4/9/2005,18,2.20
4/9/2005,19,2.19
4/9/2005,20,2.19
4/9/2005,21,2.18
4/9/2005,22,2.17
4/9/2005,23,2.16
4/9/2005,24,2.16
5/9/2005,1,2.15
5/9/2005,2,2.13
5/9/2005,3,2.13
5/9/2005,4,2.12
5/9/2005,5,2.12
5/9/2005,6,2.11
5/9/2005,7,2.10
5/9/2005,8,2.09
5/9/2005,9,2.08
5/9/2005,10,2.07
5/9/2005,11,2.06
5/9/2005,12,2.05
5/9/2005,13,2.05
5/9/2005,14,2.04
5/9/2005,15,2.04
5/9/2005,16,2.04
5/9/2005,17,2.03
5/9/2005,18,2.03
5/9/2005,19,2.02
5/9/2005,20,2.02
5/9/2005,21,2.01
5/9/2005,22,2.01
5/9/2005,23,2.01
5/9/2005,24,2.00
6/9/2005,1,1.99
6/9/2005,2,1.99
6/9/2005,3,1.98
6/9/2005,4,1.97
6/9/2005,5,1.97
6/9/2005,6,1.96
6/9/2005,7,1.96
6/9/2005,8,1.96
6/9/2005,9,1.96
6/9/2005,10,1.96
6/9/2005,11,1.95
6/9/2005,12,1.95
6/9/2005,13,1.95
6/9/2005,14,1.94
6/9/2005,15,1.94
6/9/2005,16,1.94
6/9/2005,17,1.94
6/9/2005,18,1.94
6/9/2005,19,1.94
6/9/2005,20,1.93
6/9/2005,21,1.93
6/9/2005,22,1.92
6/9/2005,23,1.92
6/9/2005,24,1.92
7/9/2005,1,1.91
7/9/2005,2,1.91
7/9/2005,3,1.90
7/9/2005,4,1.90
7/9/2005,5,1.89
7/9/2005,6,1.89
7/9/2005,7,1.88
7/9/2005,8,1.88
7/9/2005,9,1.87
7/9/2005,10,1.86
7/9/2005,11,1.85
7/9/2005,12,1.84
7/9/2005,13,1.84
7/9/2005,14,1.84
7/9/2005,15,1.84
7/9/2005,16,1.84
7/9/2005,17,1.84
7/9/2005,18,1.84
7/9/2005,19,1.84
7/9/2005,20,1.83
7/9/2005,21,1.83
7/9/2005,22,1.83
7/9/2005,23,1.82
7/9/2005,24,1.82
8/9/2005,1,1.82
8/9/2005,2,1.81
8/9/2005,3,1.81
8/9/2005,4,1.81
8/9/2005,5,1.80
8/9/2005,6,1.80
8/9/2005,7,1.80
8/9/2005,8,1.79
8/9/2005,9,1.79
8/9/2005,10,1.79
8/9/2005,11,1.79
8/9/2005,12,1.79
8/9/2005,13,1.80
8/9/2005,14,1.80
8/9/2005,15,1.81
8/9/2005,16,1.82
8/9/2005,17,1.83
8/9/2005,18,1.84
8/9/2005,19,1.85
8/9/2005,20,1.85
8/9/2005,21,1.86
8/9/2005,22,1.87
8/9/2005,23,1.87
8/9/2005,24,1.88
9/9/2005,1,1.89
9/9/2005,2,1.89
9/9/2005,3,1.90
9/9/2005,4,1.91
9/9/2005,5,1.91
9/9/2005,6,1.92
9/9/2005,7,1.92
9/9/2005,8,1.91
9/9/2005,9,1.91
9/9/2005,10,1.92
9/9/2005,11,1.94
9/9/2005,12,1.95
9/9/2005,13,1.96
9/9/2005,14,1.96
9/9/2005,15,1.97
9/9/2005,16,1.98
9/9/2005,17,1.99
9/9/2005,18,2.00
9/9/2005,19,2.01
9/9/2005,20,2.02
9/9/2005,21,2.03
9/9/2005,22,2.04
9/9/2005,23,2.05
9/9/2005,24,2.07
10/9/2005,1,2.08
10/9/2005,2,2.09
10/9/2005,3,2.10
10/9/2005,4,2.11
10/9/2005,5,2.12
10/9/2005,6,2.13
10/9/2005,7,2.14
10/9/2005,8,2.14
10/9/2005,9,2.15
10/9/2005,10,2.16
10/9/2005,11,2.17
10/9/2005,12,2.18
10/9/2005,13,2.21
10/9/2005,14,2.23
10/9/2005,15,2.26
10/9/2005,16,2.28
10/9/2005,17,2.30
10/9/2005,18,2.32
10/9/2005,19,2.36
10/9/2005,20,2.40
10/9/2005,21,2.44
10/9/2005,22,2.48
10/9/2005,23,2.52
10/9/2005,24,2.57
11/9/2005,1,2.61
11/9/2005,2,2.65
11/9/2005,3,2.69
11/9/2005,4,2.73
11/9/2005,5,2.77
11/9/2005,6,2.81
11/9/2005,7,2.90
11/9/2005,8,2.99
11/9/2005,9,3.06
11/9/2005,10,3.11
11/9/2005,11,3.13
11/9/2005,12,3.14
11/9/2005,13,3.17
11/9/2005,14,3.18
11/9/2005,15,3.19
11/9/2005,16,3.20
11/9/2005,17,3.22
11/9/2005,18,3.22
11/9/2005,19,3.24
11/9/2005,20,3.25
11/9/2005,21,3.27
11/9/2005,22,3.28
11/9/2005,23,3.29
11/9/2005,24,3.30
12/9/2005,1,3.30
12/9/2005,2,3.30
12/9/2005,3,3.30
12/9/2005,4,3.30
12/9/2005,5,3.30
12/9/2005,6,3.30
12/9/2005,7,3.29
12/9/2005,8,3.28
12/9/2005,9,3.28
12/9/2005,10,3.29
12/9/2005,11,3.35
12/9/2005,12,3.42
12/9/2005,13,3.51
12/9/2005,14,3.58
12/9/2005,15,3.63
12/9/2005,16,3.67
12/9/2005,17,3.69
12/9/2005,18,3.70
12/9/2005,19,3.72
12/9/2005,20,3.73
12/9/2005,21,3.74
12/9/2005,22,3.75
12/9/2005,23,3.76
12/9/2005,24,3.76
13/9/2005,1,3.76
13/9/2005,2,3.77
13/9/2005,3,3.78
13/9/2005,4,3.78
13/9/2005,5,3.79
13/9/2005,6,3.79
13/9/2005,7,3.77
13/9/2005,8,3.75
13/9/2005,9,3.73
13/9/2005,10,3.70
13/9/2005,11,3.68
13/9/2005,12,3.65
13/9/2005,13,3.60
13/9/2005,14,3.56
13/9/2005,15,3.51
13/9/2005,16,3.46
13/9/2005,17,3.42
13/9/2005,18,3.37
13/9/2005,19,3.32
13/9/2005,20,3.27
13/9/2005,21,3.23
13/9/2005,22,3.18
13/9/2005,23,3.13
13/9/2005,24,3.08
14/9/2005,1,3.03
14/9/2005,2,2.98
14/9/2005,3,2.94
14/9/2005,4,2.89
14/9/2005,5,2.84
14/9/2005,6,2.79
14/9/2005,7,2.76
14/9/2005,8,2.73
14/9/2005,9,2.70
14/9/2005,10,2.67
14/9/2005,11,2.63
14/9/2005,12,2.60
14/9/2005,13,2.58
14/9/2005,14,2.56
14/9/2005,15,2.54
14/9/2005,16,2.52
14/9/2005,17,2.50
14/9/2005,18,2.48
14/9/2005,19,2.47
14/9/2005,20,2.45
14/9/2005,21,2.44
14/9/2005,22,2.42
14/9/2005,23,2.41
14/9/2005,24,2.40
15/9/2005,1,2.38
15/9/2005,2,2.37
15/9/2005,3,2.35
15/9/2005,4,2.34
15/9/2005,5,2.32
15/9/2005,6,2.31
15/9/2005,7,2.30
15/9/2005,8,2.28
15/9/2005,9,2.27
15/9/2005,10,2.26
15/9/2005,11,2.26
15/9/2005,12,2.25
15/9/2005,13,2.24
15/9/2005,14,2.24
15/9/2005,15,2.23
15/9/2005,16,2.23
15/9/2005,17,2.22
15/9/2005,18,2.22
15/9/2005,19,2.22
15/9/2005,20,2.22
15/9/2005,21,2.22
15/9/2005,22,2.22
15/9/2005,23,2.22
15/9/2005,24,2.22
16/9/2005,1,2.21
16/9/2005,2,2.21
16/9/2005,3,2.21
16/9/2005,4,2.21
16/9/2005,5,2.21
16/9/2005,6,2.21
16/9/2005,7,2.21
16/9/2005,8,2.20
16/9/2005,9,2.20
16/9/2005,10,2.20
16/9/2005,11,2.21
16/9/2005,12,2.21
16/9/2005,13,2.21
16/9/2005,14,2.20
16/9/2005,15,2.20
16/9/2005,16,2.20
16/9/2005,17,2.19
16/9/2005,18,2.19
16/9/2005,19,2.19
16/9/2005,20,2.20
16/9/2005,21,2.20
16/9/2005,22,2.20
16/9/2005,23,2.21
16/9/2005,24,2.21
17/9/2005,1,2.21
17/9/2005,2,2.22
17/9/2005,3,2.22
17/9/2005,4,2.22
17/9/2005,5,2.23
17/9/2005,6,2.23
17/9/2005,7,2.23
17/9/2005,8,2.23
17/9/2005,9,2.23
17/9/2005,10,2.23
17/9/2005,11,2.22
17/9/2005,12,2.22
17/9/2005,13,2.21
17/9/2005,14,2.21
17/9/2005,15,2.20
17/9/2005,16,2.19
17/9/2005,17,2.19
17/9/2005,18,2.18
17/9/2005,19,2.17
17/9/2005,20,2.17
17/9/2005,21,2.16
17/9/2005,22,2.15
17/9/2005,23,2.14
17/9/2005,24,2.14
18/9/2005,1,2.13
18/9/2005,2,2.12
18/9/2005,3,2.11
18/9/2005,4,2.11
18/9/2005,5,2.10
18/9/2005,6,2.09
18/9/2005,7,2.09
18/9/2005,8,2.08
18/9/2005,9,2.08
18/9/2005,10,2.08
18/9/2005,11,2.08
18/9/2005,12,2.08
18/9/2005,13,2.08
18/9/2005,14,2.09
18/9/2005,15,2.09
18/9/2005,16,2.09
18/9/2005,17,2.09
18/9/2005,18,2.09
18/9/2005,19,2.09
18/9/2005,20,2.10
18/9/2005,21,2.11
18/9/2005,22,2.11
18/9/2005,23,2.11
18/9/2005,24,2.12
19/9/2005,1,2.13
19/9/2005,2,2.13
19/9/2005,3,2.14
19/9/2005,4,2.14
19/9/2005,5,2.15
19/9/2005,6,2.15
19/9/2005,7,2.15
19/9/2005,8,2.15
19/9/2005,9,2.15
19/9/2005,10,2.16
19/9/2005,11,2.17
19/9/2005,12,2.18
19/9/2005,13,2.22
19/9/2005,14,2.26
19/9/2005,15,2.30
19/9/2005,16,2.33
19/9/2005,17,2.35
19/9/2005,18,2.38
19/9/2005,19,2.47
19/9/2005,20,2.57
19/9/2005,21,2.66
19/9/2005,22,2.75
19/9/2005,23,2.85
19/9/2005,24,2.94
20/9/2005,1,3.03
20/9/2005,2,3.13
20/9/2005,3,3.22
20/9/2005,4,3.31
20/9/2005,5,3.41
20/9/2005,6,3.50
20/9/2005,7,3.60
20/9/2005,8,3.70
20/9/2005,9,3.80
20/9/2005,10,3.90
20/9/2005,11,3.98
20/9/2005,12,4.05
20/9/2005,13,4.12
20/9/2005,14,4.20
20/9/2005,15,4.28
20/9/2005,16,4.33
20/9/2005,17,4.38
20/9/2005,18,4.45
20/9/2005,19,4.50
20/9/2005,20,4.54
20/9/2005,21,4.57
20/9/2005,22,4.60
20/9/2005,23,4.63
20/9/2005,24,4.66
21/9/2005,1,4.67
21/9/2005,2,4.69
21/9/2005,3,4.70
21/9/2005,4,4.71
21/9/2005,5,4.71
21/9/2005,6,4.71
21/9/2005,7,4.71
21/9/2005,8,4.71
21/9/2005,9,4.70
21/9/2005,10,4.70
21/9/2005,11,4.69
21/9/2005,12,4.68
21/9/2005,13,4.67
21/9/2005,14,4.65
21/9/2005,15,4.62
21/9/2005,16,4.59
21/9/2005,17,4.57
21/9/2005,18,4.55
21/9/2005,19,4.50
21/9/2005,20,4.47
21/9/2005,21,4.44
21/9/2005,22,4.41
21/9/2005,23,4.37
21/9/2005,24,4.33
22/9/2005,1,4.30
22/9/2005,2,4.27
22/9/2005,3,4.24
22/9/2005,4,4.20
22/9/2005,5,4.17
22/9/2005,6,4.13
22/9/2005,7,4.10
22/9/2005,8,4.07
22/9/2005,9,4.03
22/9/2005,10,4.00
22/9/2005,11,3.97
22/9/2005,12,3.94
22/9/2005,13,3.89
22/9/2005,14,3.84
22/9/2005,15,3.79
22/9/2005,16,3.74
22/9/2005,17,3.69
22/9/2005,18,3.65
22/9/2005,19,3.60
22/9/2005,20,3.55
22/9/2005,21,3.51
22/9/2005,22,3.49
22/9/2005,23,3.45
22/9/2005,24,3.41
23/9/2005,1,3.37
23/9/2005,2,3.33
23/9/2005,3,3.29
23/9/2005,4,3.25
23/9/2005,5,3.22
23/9/2005,6,3.19
23/9/2005,7,3.17
23/9/2005,8,3.15
23/9/2005,9,3.13
23/9/2005,10,3.11
23/9/2005,11,3.09
23/9/2005,12,3.08
23/9/2005,13,3.07
23/9/2005,14,3.05
23/9/2005,15,3.03
23/9/2005,16,3.00
23/9/2005,17,2.98
23/9/2005,18,2.96
23/9/2005,19,2.94
23/9/2005,20,2.94
23/9/2005,21,2.93
23/9/2005,22,2.91
23/9/2005,23,2.91
23/9/2005,24,2.90
24/9/2005,1,2.88
24/9/2005,2,2.88
24/9/2005,3,2.90
24/9/2005,4,2.94
24/9/2005,5,3.02
24/9/2005,6,3.08
24/9/2005,7,3.16
24/9/2005,8,3.22
24/9/2005,9,3.27
24/9/2005,10,3.30
24/9/2005,11,3.33
24/9/2005,12,3.33
24/9/2005,13,3.31
24/9/2005,14,3.29
24/9/2005,15,3.28
24/9/2005,16,3.25
24/9/2005,17,3.23
24/9/2005,18,3.20
24/9/2005,19,3.19
24/9/2005,20,3.18
24/9/2005,21,3.16
24/9/2005,22,3.15
24/9/2005,23,3.14
24/9/2005,24,3.13
25/9/2005,1,3.11
25/9/2005,2,3.10
25/9/2005,3,3.09
25/9/2005,4,3.07
25/9/2005,5,3.06
25/9/2005,6,3.05
25/9/2005,7,3.06
25/9/2005,8,3.06
25/9/2005,9,3.07
25/9/2005,10,3.08
25/9/2005,11,3.09
25/9/2005,12,3.10
25/9/2005,13,3.10
25/9/2005,14,3.10
25/9/2005,15,3.10
25/9/2005,16,3.10
25/9/2005,17,3.09
25/9/2005,18,3.09
25/9/2005,19,3.09
25/9/2005,20,3.09
25/9/2005,21,3.09
25/9/2005,22,3.09
25/9/2005,23,3.09
25/9/2005,24,3.09
26/9/2005,1,3.08
26/9/2005,2,3.08
26/9/2005,3,3.08
26/9/2005,4,3.08
26/9/2005,5,3.08
26/9/2005,6,3.08
26/9/2005,7,3.09
26/9/2005,8,3.09
26/9/2005,9,3.10
26/9/2005,10,3.11
26/9/2005,11,3.12
26/9/2005,12,3.13
26/9/2005,13,3.13
26/9/2005,14,3.12
26/9/2005,15,3.12
26/9/2005,16,3.12
26/9/2005,17,3.13
26/9/2005,18,3.13
26/9/2005,19,3.12
26/9/2005,20,3.11
26/9/2005,21,3.10
26/9/2005,22,3.10
26/9/2005,23,3.09
26/9/2005,24,3.08
27/9/2005,1,3.07
27/9/2005,2,3.07
27/9/2005,3,3.06
27/9/2005,4,3.05
27/9/2005,5,3.04
27/9/2005,6,3.03
27/9/2005,7,3.02
27/9/2005,8,3.00
27/9/2005,9,2.97
27/9/2005,10,2.96
27/9/2005,11,2.97
27/9/2005,12,2.92
27/9/2005,13,2.90
27/9/2005,14,2.89
27/9/2005,15,2.88
27/9/2005,16,2.87
27/9/2005,17,2.86
27/9/2005,18,2.86
27/9/2005,19,2.84
27/9/2005,20,2.83
27/9/2005,21,2.82
27/9/2005,22,2.81
27/9/2005,23,2.80
27/9/2005,24,2.80
28/9/2005,1,2.79
28/9/2005,2,2.78
28/9/2005,3,2.78
28/9/2005,4,2.77
28/9/2005,5,2.77
28/9/2005,6,2.77
28/9/2005,7,2.77
28/9/2005,8,2.77
28/9/2005,9,2.77
28/9/2005,10,2.77
28/9/2005,11,2.78
28/9/2005,12,2.79
28/9/2005,13,2.80
28/9/2005,14,2.81
28/9/2005,15,2.83
28/9/2005,16,2.85
28/9/2005,17,2.84
28/9/2005,18,2.89
28/9/2005,19,2.97
28/9/2005,20,3.05
28/9/2005,21,3.15
28/9/2005,22,3.26
28/9/2005,23,3.36
28/9/2005,24,3.45
29/9/2005,1,3.53
29/9/2005,2,3.61
29/9/2005,3,3.69
29/9/2005,4,3.78
29/9/2005,5,3.87
29/9/2005,6,3.96
29/9/2005,7,4.05
29/9/2005,8,4.14
29/9/2005,9,4.24
29/9/2005,10,4.33
29/9/2005,11,4.40
29/9/2005,12,4.48
29/9/2005,13,4.55
29/9/2005,14,4.63
29/9/2005,15,4.70
29/9/2005,16,4.75
29/9/2005,17,4.80
29/9/2005,18,4.85
29/9/2005,19,4.87
29/9/2005,20,4.90
29/9/2005,21,4.90
29/9/2005,22,4.91
29/9/2005,23,4.92
29/9/2005,24,4.92
30/9/2005,1,4.93
30/9/2005,2,4.93
30/9/2005,3,4.93
30/9/2005,4,4.93
30/9/2005,5,4.92
30/9/2005,6,4.92
30/9/2005,7,4.91
30/9/2005,8,4.91
30/9/2005,9,4.90
30/9/2005,10,4.89
30/9/2005,11,4.89
30/9/2005,12,4.88
30/9/2005,13,4.87
30/9/2005,14,4.86
30/9/2005,15,4.85
30/9/2005,16,4.84
30/9/2005,17,4.83
30/9/2005,18,4.82
30/9/2005,19,4.80
30/9/2005,20,4.78
30/9/2005,21,4.76
30/9/2005,22,4.76
30/9/2005,23,4.75
30/9/2005,24,4.75
1/10/2005,1,4.74
1/10/2005,2,4.73
1/10/2005,3,4.72
1/10/2005,4,4.71
1/10/2005,5,4.71
1/10/2005,6,4.70
1/10/2005,7,4.69
1/10/2005,8,4.69
1/10/2005,9,4.69
1/10/2005,10,4.69
1/10/2005,11,4.68
1/10/2005,12,4.66
1/10/2005,13,4.66
1/10/2005,14,4.65
1/10/2005,15,4.64
1/10/2005,16,4.62
1/10/2005,17,4.60
1/10/2005,18,4.58
1/10/2005,19,4.56
1/10/2005,20,4.54
1/10/2005,21,4.52
1/10/2005,22,4.49
1/10/2005,23,4.45
1/10/2005,24,4.41
2/10/2005,1,4.36
2/10/2005,2,4.31
2/10/2005,3,4.25
2/10/2005,4,4.18
2/10/2005,5,4.11
2/10/2005,6,4.05
2/10/2005,7,3.98
2/10/2005,8,3.91
2/10/2005,9,3.86
2/10/2005,10,3.81
2/10/2005,11,3.76
2/10/2005,12,3.72
2/10/2005,13,3.69
2/10/2005,14,3.66
2/10/2005,15,3.63
2/10/2005,16,3.59
2/10/2005,17,3.55
2/10/2005,18,3.50
2/10/2005,19,3.47
2/10/2005,20,3.47
2/10/2005,21,3.47
2/10/2005,22,3.43
2/10/2005,23,3.39
2/10/2005,24,3.35
3/10/2005,1,3.31
3/10/2005,2,3.31
3/10/2005,3,3.31
3/10/2005,4,3.31
3/10/2005,5,3.31
3/10/2005,6,3.31
3/10/2005,7,3.30
3/10/2005,8,3.29
3/10/2005,9,3.28
3/10/2005,10,3.28
3/10/2005,11,3.28
3/10/2005,12,3.27
3/10/2005,13,3.25
3/10/2005,14,3.23
3/10/2005,15,3.21
3/10/2005,16,3.21
3/10/2005,17,3.20
3/10/2005,18,3.19
3/10/2005,19,3.18
3/10/2005,20,3.18
3/10/2005,21,3.18
3/10/2005,22,3.18
3/10/2005,23,3.18
3/10/2005,24,3.18
4/10/2005,1,3.18
4/10/2005,2,3.17
4/10/2005,3,3.16
4/10/2005,4,3.15
4/10/2005,5,3.14
4/10/2005,6,3.14
4/10/2005,7,3.14
4/10/2005,8,3.14
4/10/2005,9,3.14
4/10/2005,10,3.13
4/10/2005,11,3.13
4/10/2005,12,3.13
4/10/2005,13,3.12
4/10/2005,14,3.11
4/10/2005,15,3.10
4/10/2005,16,3.09
4/10/2005,17,3.08
4/10/2005,18,3.06
4/10/2005,19,3.04
4/10/2005,20,3.02
4/10/2005,21,3.01
4/10/2005,22,3.00
4/10/2005,23,2.98
4/10/2005,24,2.96
5/10/2005,1,2.96
5/10/2005,2,2.94
5/10/2005,3,2.92
5/10/2005,4,2.92
5/10/2005,5,2.92
5/10/2005,6,2.92
5/10/2005,7,2.92
5/10/2005,8,2.92
5/10/2005,9,2.93
5/10/2005,10,2.94
5/10/2005,11,2.94
5/10/2005,12,2.95
5/10/2005,13,2.96
5/10/2005,14,2.96
5/10/2005,15,2.94
5/10/2005,16,2.94
5/10/2005,17,2.94
5/10/2005,18,2.92
5/10/2005,19,2.92
5/10/2005,20,2.90
5/10/2005,21,2.90
5/10/2005,22,2.88
5/10/2005,23,2.86
5/10/2005,24,2.86
6/10/2005,1,2.86
6/10/2005,2,2.84
6/10/2005,3,2.84
6/10/2005,4,2.84
6/10/2005,5,2.84
6/10/2005,6,2.82
6/10/2005,7,2.82
6/10/2005,8,2.82
6/10/2005,9,2.81
6/10/2005,10,2.81
6/10/2005,11,2.75
6/10/2005,12,2.75
6/10/2005,13,2.75
6/10/2005,14,2.75
6/10/2005,15,2.75
6/10/2005,16,2.75
6/10/2005,17,2.75
6/10/2005,18,2.75
6/10/2005,19,2.75
6/10/2005,20,2.72
6/10/2005,21,2.72
6/10/2005,22,2.72
6/10/2005,23,2.72
6/10/2005,24,2.72
7/10/2005,1,2.72
7/10/2005,2,2.72
7/10/2005,3,2.72
7/10/2005,4,2.72
7/10/2005,5,2.72
7/10/2005,6,2.72
7/10/2005,7,2.71
7/10/2005,8,2.70
7/10/2005,9,2.69
7/10/2005,10,2.68
7/10/2005,11,2.66
7/10/2005,12,2.65
7/10/2005,13,2.65
7/10/2005,14,2.64
7/10/2005,15,2.64
7/10/2005,16,2.63
7/10/2005,17,2.63
7/10/2005,18,2.63
7/10/2005,19,2.62
7/10/2005,20,2.62
7/10/2005,21,2.61
7/10/2005,22,2.60
7/10/2005,23,2.59
7/10/2005,24,2.58
8/10/2005,1,2.56
8/10/2005,2,2.55
8/10/2005,3,2.52
8/10/2005,4,2.50
8/10/2005,5,2.47
8/10/2005,6,2.44
8/10/2005,7,2.43
8/10/2005,8,2.42
8/10/2005,9,2.42
8/10/2005,10,2.42
8/10/2005,11,2.42
8/10/2005,12,2.42
8/10/2005,13,2.42
8/10/2005,14,2.41
8/10/2005,15,2.41
8/10/2005,16,2.41
8/10/2005,17,2.41
8/10/2005,18,2.40
8/10/2005,19,2.38
8/10/2005,20,2.36
8/10/2005,21,2.34
8/10/2005,22,2.32
8/10/2005,23,2.30
8/10/2005,24,2.28
9/10/2005,1,2.26
9/10/2005,2,2.24
9/10/2005,3,2.22
9/10/2005,4,2.20
9/10/2005,5,2.19
9/10/2005,6,2.18
9/10/2005,7,2.16
9/10/2005,8,2.15
9/10/2005,9,2.14
9/10/2005,10,2.13
9/10/2005,11,2.13
9/10/2005,12,2.12
9/10/2005,13,2.12
9/10/2005,14,2.12
9/10/2005,15,2.12
9/10/2005,16,2.12
9/10/2005,17,2.12
9/10/2005,18,2.12
9/10/2005,19,2.13
9/10/2005,20,2.13
9/10/2005,21,2.13
9/10/2005,22,2.13
9/10/2005,23,2.13
9/10/2005,24,2.12
10/10/2005,1,2.12
10/10/2005,2,2.11
10/10/2005,3,2.11
10/10/2005,4,2.10
10/10/2005,5,2.10
10/10/2005,6,2.09
10/10/2005,7,2.09
10/10/2005,8,2.08
10/10/2005,9,2.08
10/10/2005,10,2.07
10/10/2005,11,2.07
10/10/2005,12,2.06
10/10/2005,13,2.05
10/10/2005,14,2.05
10/10/2005,15,2.05
10/10/2005,16,2.05
10/10/2005,17,2.05
10/10/2005,18,2.05
10/10/2005,19,2.05
10/10/2005,20,2.05
10/10/2005,21,2.04
10/10/2005,22,2.04
10/10/2005,23,2.03
10/10/2005,24,2.03
11/10/2005,1,2.03
11/10/2005,2,2.02
11/10/2005,3,2.02
11/10/2005,4,2.01
11/10/2005,5,2.01
11/10/2005,6,2.01
11/10/2005,7,2.01
11/10/2005,8,2.01
11/10/2005,9,2.01
11/10/2005,10,2.01
11/10/2005,11,2.01
11/10/2005,12,2.00
11/10/2005,13,2.00
11/10/2005,14,2.00
11/10/2005,15,2.00
11/10/2005,16,2.00
11/10/2005,17,2.00
11/10/2005,18,1.96
11/10/2005,19,1.96
11/10/2005,20,1.96
11/10/2005,21,1.96
11/10/2005,22,1.96
11/10/2005,23,1.96
11/10/2005,24,1.96
12/10/2005,1,1.95
12/10/2005,2,1.95
12/10/2005,3,1.94
12/10/2005,4,1.94
12/10/2005,5,1.94
12/10/2005,6,1.94
12/10/2005,7,1.94
12/10/2005,8,1.94
12/10/2005,9,1.94
12/10/2005,10,1.94
12/10/2005,11,1.93
12/10/2005,12,1.93
12/10/2005,13,1.93
12/10/2005,14,1.93
12/10/2005,15,1.93
12/10/2005,16,1.93
12/10/2005,17,1.92
12/10/2005,18,1.92
12/10/2005,19,1.92
12/10/2005,20,1.92
12/10/2005,21,1.92
12/10/2005,22,1.92
12/10/2005,23,1.92
12/10/2005,24,1.92
13/10/2005,1,1.92
13/10/2005,2,1.92
13/10/2005,3,1.92
13/10/2005,4,1.91
13/10/2005,5,1.91
13/10/2005,6,1.91
13/10/2005,7,1.90
13/10/2005,8,1.90
13/10/2005,9,1.90
13/10/2005,10,1.90
13/10/2005,11,1.89
13/10/2005,12,1.89
13/10/2005,13,1.89
13/10/2005,14,1.88
13/10/2005,15,1.88
13/10/2005,16,1.88
13/10/2005,17,1.88
13/10/2005,18,1.88
13/10/2005,19,1.88
13/10/2005,20,1.88
13/10/2005,21,1.89
13/10/2005,22,1.89
13/10/2005,23,1.90
13/10/2005,24,1.90
14/10/2005,1,1.91
14/10/2005,2,1.92
14/10/2005,3,1.93
14/10/2005,4,1.94
14/10/2005,5,1.95
14/10/2005,6,1.96
14/10/2005,7,1.96
14/10/2005,8,1.96
14/10/2005,9,1.96
14/10/2005,10,1.96
14/10/2005,11,1.96
14/10/2005,12,1.96
14/10/2005,13,1.96
14/10/2005,14,1.96
14/10/2005,15,1.95
14/10/2005,16,1.95
14/10/2005,17,1.94
14/10/2005,18,1.93
14/10/2005,19,1.92
14/10/2005,20,1.91
14/10/2005,21,1.91
14/10/2005,22,1.91
14/10/2005,23,1.91
14/10/2005,24,1.91
15/10/2005,1,1.91
15/10/2005,2,1.91
15/10/2005,3,1.91
15/10/2005,4,1.91
15/10/2005,5,1.91
15/10/2005,6,1.91
15/10/2005,7,1.91
15/10/2005,8,1.91
15/10/2005,9,1.91
15/10/2005,10,1.91
15/10/2005,11,1.90
15/10/2005,12,1.90
15/10/2005,13,1.90
15/10/2005,14,1.90
15/10/2005,15,1.90
15/10/2005,16,1.90
15/10/2005,17,1.90
15/10/2005,18,1.90
15/10/2005,19,1.91
15/10/2005,20,1.91
15/10/2005,21,1.91
15/10/2005,22,1.91
15/10/2005,23,1.91
15/10/2005,24,1.92
16/10/2005,1,1.92
16/10/2005,2,1.92
16/10/2005,3,1.92
16/10/2005,4,1.92
16/10/2005,5,1.92
16/10/2005,6,1.92
16/10/2005,7,1.92
16/10/2005,8,1.91
16/10/2005,9,1.91
16/10/2005,10,1.91
16/10/2005,11,1.91
16/10/2005,12,1.91
16/10/2005,13,1.91
16/10/2005,14,1.90
16/10/2005,15,1.90
16/10/2005,16,1.90
16/10/2005,17,1.90
16/10/2005,18,1.90
16/10/2005,19,1.89
16/10/2005,20,1.89
16/10/2005,21,1.89
16/10/2005,22,1.88
16/10/2005,23,1.88
16/10/2005,24,1.88
17/10/2005,1,1.87
17/10/2005,2,1.87
17/10/2005,3,1.87
17/10/2005,4,1.87
17/10/2005,5,1.86
17/10/2005,6,1.86
17/10/2005,7,1.86
17/10/2005,8,1.86
17/10/2005,9,1.85
17/10/2005,10,1.85
17/10/2005,11,1.85
17/10/2005,12,1.85
17/10/2005,13,1.85
17/10/2005,14,1.85
17/10/2005,15,1.85
17/10/2005,16,1.85
17/10/2005,17,1.85
17/10/2005,18,1.85
17/10/2005,19,1.85
17/10/2005,20,1.85
17/10/2005,21,1.85
17/10/2005,22,1.85
17/10/2005,23,1.85
17/10/2005,24,1.85
18/10/2005,1,1.85
18/10/2005,2,1.84
18/10/2005,3,1.84
18/10/2005,4,1.84
18/10/2005,5,1.84
18/10/2005,6,1.84
18/10/2005,7,1.84
18/10/2005,8,1.84
18/10/2005,9,1.84
18/10/2005,10,1.84
18/10/2005,11,1.84
18/10/2005,12,1.83
18/10/2005,13,1.83
18/10/2005,14,1.83
18/10/2005,15,1.82
18/10/2005,16,1.82
18/10/2005,17,1.82
18/10/2005,18,1.81
18/10/2005,19,1.81
18/10/2005,20,1.81
18/10/2005,21,1.81
18/10/2005,22,1.81
18/10/2005,23,1.81
18/10/2005,24,1.80
19/10/2005,1,1.80
19/10/2005,2,1.80
19/10/2005,3,1.80
19/10/2005,4,1.80
19/10/2005,5,1.80
19/10/2005,6,1.80
19/10/2005,7,1.80
19/10/2005,8,1.80
19/10/2005,9,1.80
19/10/2005,10,1.80
19/10/2005,11,1.80
19/10/2005,12,1.80
19/10/2005,13,1.80
19/10/2005,14,1.79
19/10/2005,15,1.79
19/10/2005,16,1.79
19/10/2005,17,1.78
19/10/2005,18,1.77
19/10/2005,19,1.77
19/10/2005,20,1.77
19/10/2005,21,1.77
19/10/2005,22,1.77
19/10/2005,23,1.77
19/10/2005,24,1.77
20/10/2005,1,1.77
20/10/2005,2,1.77
20/10/2005,3,1.77
20/10/2005,4,1.77
20/10/2005,5,1.77
20/10/2005,6,1.77
20/10/2005,7,1.77
20/10/2005,8,1.77
20/10/2005,9,1.77
20/10/2005,10,1.77
20/10/2005,11,1.77
20/10/2005,12,1.77
20/10/2005,13,1.77
20/10/2005,14,1.77
20/10/2005,15,1.77
20/10/2005,16,1.77
20/10/2005,17,1.77
20/10/2005,18,1.77
20/10/2005,19,1.77
20/10/2005,20,1.77
20/10/2005,21,1.77
20/10/2005,22,1.77
20/10/2005,23,1.77
20/10/2005,24,1.77
21/10/2005,1,1.77
21/10/2005,2,1.77
21/10/2005,3,1.77
21/10/2005,4,1.77
21/10/2005,5,1.77
21/10/2005,6,1.77
21/10/2005,7,1.77
21/10/2005,8,1.77
21/10/2005,9,1.77
21/10/2005,10,1.77
21/10/2005,11,1.77
21/10/2005,12,1.77
21/10/2005,13,1.77
21/10/2005,14,1.76
21/10/2005,15,1.76
21/10/2005,16,1.76
21/10/2005,17,1.76
21/10/2005,18,1.75
21/10/2005,19,1.75
21/10/2005,20,1.75
21/10/2005,21,1.75
21/10/2005,22,1.75
21/10/2005,23,1.75
21/10/2005,24,1.75
22/10/2005,1,1.75
22/10/2005,2,1.75
22/10/2005,3,1.75
22/10/2005,4,1.75
22/10/2005,5,1.75
22/10/2005,6,1.74
22/10/2005,7,1.74
22/10/2005,8,1.74
22/10/2005,9,1.74
22/10/2005,10,1.74
22/10/2005,11,1.74
22/10/2005,12,1.74
22/10/2005,13,1.73
22/10/2005,14,1.73
22/10/2005,15,1.73
22/10/2005,16,1.73
22/10/2005,17,1.73
22/10/2005,18,1.73
22/10/2005,19,1.72
22/10/2005,20,1.72
22/10/2005,21,1.72
22/10/2005,22,1.72
22/10/2005,23,1.72
22/10/2005,24,1.72
23/10/2005,1,1.71
23/10/2005,2,1.71
23/10/2005,3,1.70
23/10/2005,4,1.70
23/10/2005,5,1.70
23/10/2005,6,1.70
23/10/2005,7,1.70
23/10/2005,8,1.70
23/10/2005,9,1.70
23/10/2005,10,1.70
23/10/2005,11,1.70
23/10/2005,12,1.70
23/10/2005,13,1.70
23/10/2005,14,1.70
23/10/2005,15,1.70
23/10/2005,16,1.70
23/10/2005,17,1.70
23/10/2005,18,1.68
23/10/2005,19,1.68
23/10/2005,20,1.68
23/10/2005,21,1.68
23/10/2005,22,1.68
23/10/2005,23,1.68
23/10/2005,24,1.68
24/10/2005,1,1.68
24/10/2005,2,1.68
24/10/2005,3,1.68
24/10/2005,4,1.68
24/10/2005,5,1.68
24/10/2005,6,1.68
24/10/2005,7,1.68
24/10/2005,8,1.67
24/10/2005,9,1.67
24/10/2005,10,1.67
24/10/2005,11,1.67
24/10/2005,12,1.67
24/10/2005,13,1.67
24/10/2005,14,1.67
24/10/2005,15,1.67
24/10/2005,16,1.67
24/10/2005,17,1.67
24/10/2005,18,1.67
24/10/2005,19,1.67
24/10/2005,20,1.67
24/10/2005,21,1.67
24/10/2005,22,1.67
24/10/2005,23,1.67
24/10/2005,24,1.67
25/10/2005,1,1.67
25/10/2005,2,1.67
25/10/2005,3,1.67
25/10/2005,4,1.67
25/10/2005,5,1.67
25/10/2005,6,1.67
25/10/2005,7,1.67
25/10/2005,8,1.67
25/10/2005,9,1.67
25/10/2005,10,1.67
25/10/2005,11,1.67
25/10/2005,12,1.67
25/10/2005,13,1.67
25/10/2005,14,1.67
25/10/2005,15,1.67
25/10/2005,16,1.67
25/10/2005,17,1.67
25/10/2005,18,1.67
25/10/2005,19,1.67
25/10/2005,20,1.67
25/10/2005,21,1.67
25/10/2005,22,1.67
25/10/2005,23,1.67
25/10/2005,24,1.67
26/10/2005,1,1.68
26/10/2005,2,1.68
26/10/2005,3,1.69
26/10/2005,4,1.70
26/10/2005,5,1.71
26/10/2005,6,1.72
26/10/2005,7,1.73
26/10/2005,8,1.73
26/10/2005,9,1.74
26/10/2005,10,1.74
26/10/2005,11,1.75
26/10/2005,12,1.76
26/10/2005,13,1.76
26/10/2005,14,1.77
26/10/2005,15,1.77
26/10/2005,16,1.77
26/10/2005,17,1.77
26/10/2005,18,1.76
26/10/2005,19,1.75
26/10/2005,20,1.75
26/10/2005,21,1.74
26/10/2005,22,1.74
26/10/2005,23,1.73
26/10/2005,24,1.73
27/10/2005,1,1.72
27/10/2005,2,1.72
27/10/2005,3,1.72
27/10/2005,4,1.72
27/10/2005,5,1.72
27/10/2005,6,1.71
27/10/2005,7,1.71
27/10/2005,8,1.71
27/10/2005,9,1.71
27/10/2005,10,1.71
27/10/2005,11,1.70
27/10/2005,12,1.70
27/10/2005,13,1.70
27/10/2005,14,1.70
27/10/2005,15,1.70
27/10/2005,16,1.70
27/10/2005,17,1.70
27/10/2005,18,1.69
27/10/2005,19,1.69
27/10/2005,20,1.69
27/10/2005,21,1.69
27/10/2005,22,1.68
27/10/2005,23,1.68
27/10/2005,24,1.68
28/10/2005,1,1.68
28/10/2005,2,1.68
28/10/2005,3,1.68
28/10/2005,4,1.67
28/10/2005,5,1.67
28/10/2005,6,1.67
28/10/2005,7,1.67
28/10/2005,8,1.67
28/10/2005,9,1.67
28/10/2005,10,1.67
28/10/2005,11,1.67
28/10/2005,12,1.67
28/10/2005,13,1.67
28/10/2005,14,1.67
28/10/2005,15,1.67
28/10/2005,16,1.67
28/10/2005,17,1.67
28/10/2005,18,1.67
28/10/2005,19,1.67
28/10/2005,20,1.67
28/10/2005,21,1.67
28/10/2005,22,1.67
28/10/2005,23,1.67
28/10/2005,24,1.67
29/10/2005,1,1.67
29/10/2005,2,1.67
29/10/2005,3,1.67
29/10/2005,4,1.67
29/10/2005,5,1.67
29/10/2005,6,1.67
29/10/2005,7,1.67
29/10/2005,8,1.67
29/10/2005,9,1.67
29/10/2005,10,1.67
29/10/2005,11,1.67
29/10/2005,12,1.68
29/10/2005,13,1.68
29/10/2005,14,1.68
29/10/2005,15,1.68
29/10/2005,16,1.68
29/10/2005,17,1.68
29/10/2005,18,1.68
29/10/2005,19,1.69
29/10/2005,20,1.69
29/10/2005,21,1.69
29/10/2005,22,1.70
29/10/2005,23,1.70
29/10/2005,24,1.70
30/10/2005,1,1.70
30/10/2005,2,1.70
30/10/2005,3,1.70
30/10/2005,4,1.70
30/10/2005,5,1.70
30/10/2005,6,1.70
30/10/2005,7,1.72
30/10/2005,8,1.74
30/10/2005,9,1.77
30/10/2005,10,1.78
30/10/2005,11,1.80
30/10/2005,12,1.82
30/10/2005,13,1.85
30/10/2005,14,1.87
30/10/2005,15,1.89
30/10/2005,16,1.90
30/10/2005,17,1.93
30/10/2005,18,1.94
30/10/2005,19,1.97
30/10/2005,20,1.98
30/10/2005,21,2.00
30/10/2005,22,2.02
30/10/2005,23,2.05
30/10/2005,24,2.07
31/10/2005,1,2.09
31/10/2005,2,2.11
31/10/2005,3,2.13
31/10/2005,4,2.16
31/10/2005,5,2.17
31/10/2005,6,2.19
31/10/2005,7,2.22
31/10/2005,8,2.26
31/10/2005,9,2.30
31/10/2005,10,2.34
31/10/2005,11,2.38
31/10/2005,12,2.42
31/10/2005,13,2.46
31/10/2005,14,2.49
31/10/2005,15,2.53
31/10/2005,16,2.57
31/10/2005,17,2.60
31/10/2005,18,2.64
31/10/2005,19,2.68
31/10/2005,20,2.72
31/10/2005,21,2.76
31/10/2005,22,2.80
31/10/2005,23,2.83
31/10/2005,24,2.87
1/11/2005,1,2.91
1/11/2005,2,2.95
1/11/2005,3,2.99
1/11/2005,4,3.02
1/11/2005,5,3.06
1/11/2005,6,3.10
1/11/2005,7,3.13
1/11/2005,8,3.15
1/11/2005,9,3.18
1/11/2005,10,3.20
1/11/2005,11,3.30
1/11/2005,12,3.37
1/11/2005,13,3.42
1/11/2005,14,3.48
1/11/2005,15,3.54
1/11/2005,16,3.60
1/11/2005,17,3.65
1/11/2005,18,3.70
1/11/2005,19,3.74
1/11/2005,20,3.76
1/11/2005,21,3.78
1/11/2005,22,3.79
1/11/2005,23,3.78
1/11/2005,24,3.72
2/11/2005,1,3.76
2/11/2005,2,3.72
2/11/2005,3,3.70
2/11/2005,4,3.68
2/11/2005,5,3.64
2/11/2005,6,3.60
2/11/2005,7,3.55
2/11/2005,8,3.50
2/11/2005,9,3.44
2/11/2005,10,3.37
2/11/2005,11,3.30
2/11/2005,12,3.24
2/11/2005,13,3.17
2/11/2005,14,3.11
2/11/2005,15,3.07
2/11/2005,16,3.03
2/11/2005,17,3.00
2/11/2005,18,2.96
2/11/2005,19,2.92
2/11/2005,20,2.90
2/11/2005,21,2.86
2/11/2005,22,2.82
2/11/2005,23,2.78
2/11/2005,24,2.76
3/11/2005,1,2.72
3/11/2005,2,2.69
3/11/2005,3,2.66
3/11/2005,4,2.62
3/11/2005,5,2.59
3/11/2005,6,2.55
3/11/2005,7,2.53
3/11/2005,8,2.52
3/11/2005,9,2.50
3/11/2005,10,2.49
3/11/2005,11,2.48
3/11/2005,12,2.47
3/11/2005,13,2.46
3/11/2005,14,2.45
3/11/2005,15,2.44
3/11/2005,16,2.43
3/11/2005,17,2.43
3/11/2005,18,2.42
3/11/2005,19,2.41
3/11/2005,20,2.41
3/11/2005,21,2.40
3/11/2005,22,2.39
3/11/2005,23,2.39
3/11/2005,24,2.38
4/11/2005,1,2.37
4/11/2005,2,2.37
4/11/2005,3,2.36
4/11/2005,4,2.35
4/11/2005,5,2.35
4/11/2005,6,2.34
4/11/2005,7,2.33
4/11/2005,8,2.31
4/11/2005,9,2.30
4/11/2005,10,2.29
4/11/2005,11,2.27
4/11/2005,12,2.26
4/11/2005,13,2.25
4/11/2005,14,2.23
4/11/2005,15,2.22
4/11/2005,16,2.21
4/11/2005,17,2.20
4/11/2005,18,2.19
4/11/2005,19,2.18
4/11/2005,20,2.17
4/11/2005,21,2.16
4/11/2005,22,2.14
4/11/2005,23,2.13
4/11/2005,24,2.12
5/11/2005,1,2.11
5/11/2005,2,2.10
5/11/2005,3,2.09
5/11/2005,4,2.07
5/11/2005,5,2.06
5/11/2005,6,2.05
5/11/2005,7,2.05
5/11/2005,8,2.05
5/11/2005,9,2.05
5/11/2005,10,2.05
5/11/2005,11,2.04
5/11/2005,12,2.04
5/11/2005,13,2.04
5/11/2005,14,2.03
5/11/2005,15,2.03
5/11/2005,16,2.03
5/11/2005,17,2.03
5/11/2005,18,2.03
5/11/2005,19,2.03
5/11/2005,20,2.03
5/11/2005,21,2.03
5/11/2005,22,2.03
5/11/2005,23,2.03
5/11/2005,24,2.04
6/11/2005,1,2.04
6/11/2005,2,2.04
6/11/2005,3,2.04
6/11/2005,4,2.04
6/11/2005,5,2.04
6/11/2005,6,2.04
6/11/2005,7,2.03
6/11/2005,8,2.01
6/11/2005,9,2.00
6/11/2005,10,1.99
6/11/2005,11,1.99
6/11/2005,12,1.98
6/11/2005,13,1.97
6/11/2005,14,1.97
6/11/2005,15,1.96
6/11/2005,16,1.96
6/11/2005,17,1.95
6/11/2005,18,1.95
6/11/2005,19,1.95
6/11/2005,20,1.94
6/11/2005,21,1.94
6/11/2005,22,1.93
6/11/2005,23,1.93
6/11/2005,24,1.92
7/11/2005,1,1.92
7/11/2005,2,1.92
7/11/2005,3,1.91
7/11/2005,4,1.91
7/11/2005,5,1.90
7/11/2005,6,1.90
7/11/2005,7,1.90
7/11/2005,8,1.90
7/11/2005,9,1.90
7/11/2005,10,1.90
7/11/2005,11,1.90
7/11/2005,12,1.90
7/11/2005,13,1.90
7/11/2005,14,1.90
7/11/2005,15,1.90
7/11/2005,16,1.90
7/11/2005,17,1.91
7/11/2005,18,1.91
7/11/2005,19,1.91
7/11/2005,20,1.91
7/11/2005,21,1.91
7/11/2005,22,1.91
7/11/2005,23,1.91
7/11/2005,24,1.92
8/11/2005,1,1.92
8/11/2005,2,1.92
8/11/2005,3,1.92
8/11/2005,4,1.92
8/11/2005,5,1.92
8/11/2005,6,1.92
8/11/2005,7,1.92
8/11/2005,8,1.92
8/11/2005,9,1.92
8/11/2005,10,1.92
8/11/2005,11,1.92
8/11/2005,12,1.92
8/11/2005,13,1.92
8/11/2005,14,1.91
8/11/2005,15,1.91
8/11/2005,16,1.91
8/11/2005,17,1.91
8/11/2005,18,1.91
8/11/2005,19,1.91
8/11/2005,20,1.91
8/11/2005,21,1.91
8/11/2005,22,1.91
8/11/2005,23,1.91
8/11/2005,24,1.91
9/11/2005,1,1.91
9/11/2005,2,1.91
9/11/2005,3,1.91
9/11/2005,4,1.91
9/11/2005,5,1.91
9/11/2005,6,1.91
9/11/2005,7,1.91
9/11/2005,8,1.92
9/11/2005,9,1.92
9/11/2005,10,1.93
9/11/2005,11,1.94
9/11/2005,12,1.95
9/11/2005,13,1.96
9/11/2005,14,1.97
9/11/2005,15,1.98
9/11/2005,16,1.99
9/11/2005,17,1.99
9/11/2005,18,2.00
9/11/2005,19,2.01
9/11/2005,20,2.02
9/11/2005,21,2.02
9/11/2005,22,2.03
9/11/2005,23,2.04
9/11/2005,24,2.05
10/11/2005,1,2.05
10/11/2005,2,2.06
10/11/2005,3,2.07
10/11/2005,4,2.07
10/11/2005,5,2.08
10/11/2005,6,2.09
10/11/2005,7,2.10
10/11/2005,8,2.10
10/11/2005,9,2.11
10/11/2005,10,2.11
10/11/2005,11,2.11
10/11/2005,12,2.11
10/11/2005,13,2.11
10/11/2005,14,2.10
10/11/2005,15,2.10
10/11/2005,16,2.10
10/11/2005,17,2.10
10/11/2005,18,2.10
10/11/2005,19,2.09
10/11/2005,20,2.09
10/11/2005,21,2.08
10/11/2005,22,2.07
10/11/2005,23,2.07
10/11/2005,24,2.06
11/11/2005,1,2.05
11/11/2005,2,2.05
11/11/2005,3,2.04
11/11/2005,4,2.03
11/11/2005,5,2.03
11/11/2005,6,2.02
11/11/2005,7,2.01
11/11/2005,8,2.01
11/11/2005,9,2.00
11/11/2005,10,1.99
11/11/2005,11,1.99
11/11/2005,12,1.98
11/11/2005,13,1.98
11/11/2005,14,1.97
11/11/2005,15,1.97
11/11/2005,16,1.97
11/11/2005,17,1.96
11/11/2005,18,1.96
11/11/2005,19,1.96
11/11/2005,20,1.96
11/11/2005,21,1.96
11/11/2005,22,1.96
11/11/2005,23,1.96
11/11/2005,24,1.96
12/11/2005,1,1.96
12/11/2005,2,1.96
12/11/2005,3,1.96
12/11/2005,4,1.96
12/11/2005,5,1.96
12/11/2005,6,1.96
12/11/2005,7,1.96
12/11/2005,8,1.95
12/11/2005,9,1.95
12/11/2005,10,1.95
12/11/2005,11,1.94
12/11/2005,12,1.94
12/11/2005,13,1.94
12/11/2005,14,1.93
12/11/2005,15,1.93
12/11/2005,16,1.93
12/11/2005,17,1.92
12/11/2005,18,1.92
12/11/2005,19,1.92
12/11/2005,20,1.91
12/11/2005,21,1.91
12/11/2005,22,1.91
12/11/2005,23,1.90
12/11/2005,24,1.90
13/11/2005,1,1.90
13/11/2005,2,1.89
13/11/2005,3,1.89
13/11/2005,4,1.89
13/11/2005,5,1.88
13/11/2005,6,1.88
13/11/2005,7,1.88
13/11/2005,8,1.88
13/11/2005,9,1.88
13/11/2005,10,1.88
13/11/2005,11,1.87
13/11/2005,12,1.87
13/11/2005,13,1.87
13/11/2005,14,1.86
13/11/2005,15,1.86
13/11/2005,16,1.86
13/11/2005,17,1.86
13/11/2005,18,1.86
13/11/2005,19,1.86
13/11/2005,20,1.86
13/11/2005,21,1.86
13/11/2005,22,1.85
13/11/2005,23,1.85
13/11/2005,24,1.85
17/7/2006,,1.47
17/7/2006,2,1.47
17/7/2006,3,1.47
17/7/2006,4,1.48
17/7/2006,5,1.48
17/7/2006,6,1.48
17/7/2006,7,1.48
17/7/2006,8,1.48
17/7/2006,9,1.48
17/7/2006,10,1.48
17/7/2006,11,1.47
17/7/2006,12,1.47
17/7/2006,13,1.47
17/7/2006,14,1.47
17/7/2006,15,1.47
17/7/2006,16,1.47
17/7/2006,17,1.46
17/7/2006,18,1.46
17/7/2006,19,1.46
17/7/2006,20,1.46
17/7/2006,21,1.45
17/7/2006,22,1.45
17/7/2006,23,1.45
17/7/2006,24,1.44
18/7/2006,1,1.44
18/7/2006,2,1.44
18/7/2006,3,1.44
18/7/2006,4,1.43
18/7/2006,5,1.43
18/7/2006,6,1.43
18/7/2006,7,1.43
18/7/2006,8,1.42
18/7/2006,9,1.42
18/7/2006,10,1.42
18/7/2006,11,1.42
18/7/2006,12,1.42
18/7/2006,13,1.42
18/7/2006,14,1.41
18/7/2006,15,1.41
18/7/2006,16,1.41
18/7/2006,17,1.41
18/7/2006,18,1.41
18/7/2006,19,1.41
18/7/2006,20,1.41
18/7/2006,21,1.40
18/7/2006,22,1.40
18/7/2006,23,1.40
18/7/2006,24,1.40
19/7/2006,1,1.40
19/7/2006,2,1.40
19/7/2006,3,1.40
19/7/2006,4,1.39
19/7/2006,5,1.39
19/7/2006,6,1.39
19/7/2006,7,1.39
19/7/2006,8,1.39
19/7/2006,9,1.39
19/7/2006,10,1.39
19/7/2006,11,1.38
19/7/2006,12,1.38
19/7/2006,13,1.38
19/7/2006,14,1.38
19/7/2006,15,1.38
19/7/2006,16,1.38
19/7/2006,17,1.37
19/7/2006,18,1.37
19/7/2006,19,1.38
19/7/2006,20,1.38
19/7/2006,21,1.39
19/7/2006,22,1.39
19/7/2006,23,1.40
19/7/2006,24,1.41
20/7/2006,1,1.41
20/7/2006,2,1.42
20/7/2006,3,1.42
20/7/2006,4,1.43
20/7/2006,5,1.43
20/7/2006,6,1.44
20/7/2006,7,1.44
20/7/2006,8,1.45
20/7/2006,9,1.45
20/7/2006,10,1.45
20/7/2006,11,1.46
20/7/2006,12,1.46
20/7/2006,13,1.46
20/7/2006,14,1.47
20/7/2006,15,1.47
20/7/2006,16,1.47
20/7/2006,17,1.48
20/7/2006,18,1.48
20/7/2006,19,1.49
20/7/2006,20,1.49
20/7/2006,21,1.50
20/7/2006,22,1.51
20/7/2006,23,1.51
20/7/2006,24,1.52
21/7/2006,1,1.53
21/7/2006,2,1.53
21/7/2006,3,1.54
21/7/2006,4,1.55
21/7/2006,5,1.55
21/7/2006,6,1.56
21/7/2006,7,1.56
21/7/2006,8,1.56
21/7/2006,9,1.56
21/7/2006,10,1.56
21/7/2006,11,1.56
21/7/2006,12,1.56
21/7/2006,13,1.56
21/7/2006,14,1.56
21/7/2006,15,1.56
21/7/2006,16,1.56
21/7/2006,17,1.56
21/7/2006,18,1.56
21/7/2006,19,1.56
21/7/2006,20,1.56
21/7/2006,21,1.56
21/7/2006,22,1.55
21/7/2006,23,1.55
21/7/2006,24,1.55
22/7/2006,1,1.55
22/7/2006,2,1.55
22/7/2006,3,1.55
22/7/2006,4,1.54
22/7/2006,5,1.54
22/7/2006,6,1.54
22/7/2006,7,1.54
22/7/2006,8,1.54
22/7/2006,9,1.54
22/7/2006,10,1.54
22/7/2006,11,1.54
22/7/2006,12,1.54
22/7/2006,13,1.54
22/7/2006,14,1.54
22/7/2006,15,1.54
22/7/2006,16,1.54
22/7/2006,17,1.54
22/7/2006,18,1.54
22/7/2006,19,1.54
22/7/2006,20,1.54
22/7/2006,21,1.54
22/7/2006,22,1.54
22/7/2006,23,1.54
22/7/2006,24,1.55
23/7/2006,1,1.55
23/7/2006,2,1.55
23/7/2006,3,1.55
23/7/2006,4,1.55
23/7/2006,5,1.55
23/7/2006,6,1.55
23/7/2006,7,1.54
23/7/2006,8,1.54
23/7/2006,9,1.53
23/7/2006,10,1.53
23/7/2006,11,1.52
23/7/2006,12,1.52
23/7/2006,13,1.51
23/7/2006,14,1.51
23/7/2006,15,1.50
23/7/2006,16,1.49
23/7/2006,17,1.49
23/7/2006,18,1.48
23/7/2006,19,1.48
23/7/2006,20,1.47
23/7/2006,21,1.47
23/7/2006,22,1.47
23/7/2006,23,1.46
23/7/2006,24,1.46
24/7/2006,1,1.46
24/7/2006,2,1.45
24/7/2006,3,1.45
24/7/2006,4,1.45
24/7/2006,5,1.44
24/7/2006,6,1.44
24/7/2006,7,1.43
24/7/2006,8,1.42
24/7/2006,9,1.41
24/7/2006,10,1.42
24/7/2006,11,1.42
24/7/2006,12,1.43
24/7/2006,13,1.44
24/7/2006,14,1.44
24/7/2006,15,1.45
24/7/2006,16,1.45
24/7/2006,17,1.46
24/7/2006,18,1.46
24/7/2006,19,1.47
24/7/2006,20,1.48
24/7/2006,21,1.49
24/7/2006,22,1.50
24/7/2006,23,1.51
24/7/2006,24,1.53
25/7/2006,1,1.54
25/7/2006,2,1.55
25/7/2006,3,1.56
25/7/2006,4,1.57
25/7/2006,5,1.58
25/7/2006,6,1.59
25/7/2006,7,1.60
25/7/2006,8,1.61
25/7/2006,9,1.62
25/7/2006,10,1.63
25/7/2006,11,1.63
25/7/2006,12,1.64
25/7/2006,13,1.65
25/7/2006,14,1.65
25/7/2006,15,1.66
25/7/2006,16,1.67
25/7/2006,17,1.67
25/7/2006,18,1.68
25/7/2006,19,1.69
25/7/2006,20,1.70
25/7/2006,21,1.71
25/7/2006,22,1.73
25/7/2006,23,1.74
25/7/2006,24,1.75
26/7/2006,1,1.76
26/7/2006,2,1.77
26/7/2006,3,1.79
26/7/2006,4,1.80
26/7/2006,5,1.81
26/7/2006,6,1.82
26/7/2006,7,1.82
26/7/2006,8,1.83
26/7/2006,9,1.83
26/7/2006,10,1.83
26/7/2006,11,1.84
26/7/2006,12,1.84
26/7/2006,13,1.84
26/7/2006,14,1.84
26/7/2006,15,1.84
26/7/2006,16,1.84
26/7/2006,17,1.85
26/7/2006,18,1.85
26/7/2006,19,1.85
26/7/2006,20,1.85
26/7/2006,21,1.85
26/7/2006,22,1.84
26/7/2006,23,1.84
26/7/2006,24,1.84
27/7/2006,1,1.84
27/7/2006,2,1.84
27/7/2006,3,1.84
27/7/2006,4,1.83
27/7/2006,5,1.83
27/7/2006,6,1.83
27/7/2006,7,1.84
27/7/2006,8,1.84
27/7/2006,9,1.85
27/7/2006,10,1.86
27/7/2006,11,1.86
27/7/2006,12,1.87
27/7/2006,13,1.88
27/7/2006,14,1.88
27/7/2006,15,1.89
27/7/2006,16,1.90
27/7/2006,17,1.90
27/7/2006,18,1.91
27/7/2006,19,1.93
27/7/2006,20,1.94
27/7/2006,21,1.96
27/7/2006,22,1.98
27/7/2006,23,2.00
27/7/2006,24,2.02
28/7/2006,1,2.03
28/7/2006,2,2.05
28/7/2006,3,2.07
28/7/2006,4,2.09
28/7/2006,5,2.10
28/7/2006,6,2.12
28/7/2006,7,2.12
28/7/2006,8,2.13
28/7/2006,9,2.13
28/7/2006,10,2.14
28/7/2006,11,2.14
28/7/2006,12,2.15
28/7/2006,13,2.15
28/7/2006,14,2.16
28/7/2006,15,2.16
28/7/2006,16,2.16
28/7/2006,17,2.17
28/7/2006,18,2.17
28/7/2006,19,2.17
28/7/2006,20,2.17
28/7/2006,21,2.16
28/7/2006,22,2.16
28/7/2006,23,2.16
28/7/2006,24,2.16
29/7/2006,1,2.15
29/7/2006,2,2.15
29/7/2006,3,2.15
29/7/2006,4,2.15
29/7/2006,5,2.14
29/7/2006,6,2.14
29/7/2006,7,2.13
29/7/2006,8,2.13
29/7/2006,9,2.12
29/7/2006,10,2.12
29/7/2006,11,2.11
29/7/2006,12,2.11
29/7/2006,13,2.10
29/7/2006,14,2.09
29/7/2006,15,2.08
29/7/2006,16,2.06
29/7/2006,17,2.04
29/7/2006,18,2.02
29/7/2006,19,2.01
29/7/2006,20,1.99
29/7/2006,21,1.98
29/7/2006,22,1.97
29/7/2006,23,1.95
29/7/2006,24,1.94
30/7/2006,1,1.93
30/7/2006,2,1.91
30/7/2006,3,1.90
30/7/2006,4,1.89
30/7/2006,5,1.87
30/7/2006,6,1.86
30/7/2006,7,1.85
30/7/2006,8,1.83
30/7/2006,9,1.82
30/7/2006,10,1.81
30/7/2006,11,1.79
30/7/2006,12,1.78
30/7/2006,13,1.77
30/7/2006,14,1.77
30/7/2006,15,1.76
30/7/2006,16,1.75
30/7/2006,17,1.75
30/7/2006,18,1.74
30/7/2006,19,1.74
30/7/2006,20,1.74
30/7/2006,21,1.74
30/7/2006,22,1.75
30/7/2006,23,1.75
30/7/2006,24,1.75
31/7/2006,1,1.75
31/7/2006,2,1.76
31/7/2006,3,1.78
31/7/2006,4,1.80
31/7/2006,5,1.83
31/7/2006,6,1.85
31/7/2006,7,1.81
31/7/2006,8,1.99
31/7/2006,9,2.07
31/7/2006,10,2.20
31/7/2006,11,2.27
31/7/2006,12,2.37
31/7/2006,13,2.44
31/7/2006,14,2.52
31/7/2006,15,2.59
31/7/2006,16,2.67
31/7/2006,17,2.77
31/7/2006,18,2.87
31/7/2006,19,2.98
31/7/2006,20,3.10
31/7/2006,21,3.24
31/7/2006,22,3.35
31/7/2006,23,3.46
31/7/2006,24,3.51
1/8/2006,1,3.56
1/8/2006,2,3.67
1/8/2006,3,3.76
1/8/2006,4,3.85
1/8/2006,5,3.94
1/8/2006,6,4.02
1/8/2006,7,4.15
1/8/2006,8,4.20
1/8/2006,9,4.25
1/8/2006,10,4.28
1/8/2006,11,4.30
1/8/2006,12,4.32
1/8/2006,13,4.33
1/8/2006,14,4.33
1/8/2006,15,4.33
1/8/2006,16,4.33
1/8/2006,17,4.31
1/8/2006,18,4.29
1/8/2006,19,4.26
1/8/2006,20,4.23
1/8/2006,21,4.20
1/8/2006,22,4.17
1/8/2006,23,4.13
1/8/2006,24,4.09
2/8/2006,1,4.04
2/8/2006,2,4.00
2/8/2006,3,3.93
2/8/2006,4,3.90
2/8/2006,5,3.85
2/8/2006,6,3.80
2/8/2006,7,3.75
2/8/2006,8,3.72
2/8/2006,9,3.68
2/8/2006,10,3.65
2/8/2006,11,3.63
2/8/2006,12,3.61
2/8/2006,13,3.60
2/8/2006,14,3.59
2/8/2006,15,3.59
2/8/2006,16,3.59
2/8/2006,17,3.59
2/8/2006,18,3.59
2/8/2006,19,3.58
2/8/2006,20,3.55
2/8/2006,21,3.53
2/8/2006,22,3.50
2/8/2006,23,3.48
2/8/2006,24,3.46
3/8/2006,1,3.41
3/8/2006,2,3.36
3/8/2006,3,3.30
3/8/2006,4,3.25
3/8/2006,5,3.20
3/8/2006,6,3.15
3/8/2006,7,3.10
3/8/2006,8,3.05
3/8/2006,9,3.02
3/8/2006,10,2.98
3/8/2006,11,2.96
3/8/2006,12,2.93
3/8/2006,13,2.90
3/8/2006,14,2.87
3/8/2006,15,2.84
3/8/2006,16,2.80
3/8/2006,17,2.71
3/8/2006,18,2.64
3/8/2006,19,2.62
3/8/2006,20,2.60
3/8/2006,21,2.58
3/8/2006,22,2.56
3/8/2006,23,2.54
3/8/2006,24,2.53
4/8/2006,1,2.51
4/8/2006,2,2.49
4/8/2006,3,2.47
4/8/2006,4,2.45
4/8/2006,5,2.43
4/8/2006,6,2.41
4/8/2006,7,2.41
4/8/2006,8,2.40
4/8/2006,9,2.40
4/8/2006,10,2.39
4/8/2006,11,2.39
4/8/2006,12,2.38
4/8/2006,13,2.37
4/8/2006,14,2.36
4/8/2006,15,2.35
4/8/2006,16,2.34
4/8/2006,17,2.32
4/8/2006,18,2.31
4/8/2006,19,2.30
4/8/2006,20,2.29
4/8/2006,21,2.28
4/8/2006,22,2.27
4/8/2006,23,2.26
4/8/2006,24,2.25
5/8/2006,1,2.23
5/8/2006,2,2.22
5/8/2006,3,2.21
5/8/2006,4,2.20
5/8/2006,5,2.19
5/8/2006,6,2.18
5/8/2006,7,2.17
5/8/2006,8,2.16
5/8/2006,9,2.15
5/8/2006,10,2.14
5/8/2006,11,2.14
5/8/2006,12,2.13
5/8/2006,13,2.12
5/8/2006,14,2.12
5/8/2006,15,2.11
5/8/2006,16,2.10
5/8/2006,17,2.09
5/8/2006,18,2.08
5/8/2006,19,2.07
5/8/2006,20,2.06
5/8/2006,21,2.05
5/8/2006,22,2.04
5/8/2006,23,2.03
5/8/2006,24,2.02
6/8/2006,1,2.00
6/8/2006,2,1.99
6/8/2006,3,1.98
6/8/2006,4,1.97
6/8/2006,5,1.96
6/8/2006,6,1.95
6/8/2006,7,1.95
6/8/2006,8,1.95
6/8/2006,9,1.95
6/8/2006,10,1.94
6/8/2006,11,1.94
6/8/2006,12,1.93
6/8/2006,13,1.92
6/8/2006,14,1.92
6/8/2006,15,1.91
6/8/2006,16,1.91
6/8/2006,17,1.90
6/8/2006,18,1.90
6/8/2006,19,1.90
6/8/2006,20,1.90
6/8/2006,21,1.90
6/8/2006,22,1.89
6/8/2006,23,1.89
6/8/2006,24,1.89
7/8/2006,1,1.89
7/8/2006,2,1.89
7/8/2006,3,1.88
7/8/2006,4,1.88
7/8/2006,5,1.88
7/8/2006,6,1.88
7/8/2006,7,1.88
7/8/2006,8,1.88
7/8/2006,9,1.88
7/8/2006,10,1.88
7/8/2006,11,1.87
7/8/2006,12,1.87
7/8/2006,13,1.87
7/8/2006,14,1.87
7/8/2006,15,1.87
7/8/2006,16,1.87
7/8/2006,17,1.86
7/8/2006,18,1.86
7/8/2006,19,1.85
7/8/2006,20,1.85
7/8/2006,21,1.84
7/8/2006,22,1.83
7/8/2006,23,1.83
7/8/2006,24,1.82
8/8/2006,1,1.81
8/8/2006,2,1.81
8/8/2006,3,1.80
8/8/2006,4,1.79
8/8/2006,5,1.79
8/8/2006,6,1.78
8/8/2006,7,1.78
8/8/2006,8,1.78
8/8/2006,9,1.78
8/8/2006,10,1.78
8/8/2006,11,1.77
8/8/2006,12,1.77
8/8/2006,13,1.77
8/8/2006,14,1.77
8/8/2006,15,1.77
8/8/2006,16,1.77
8/8/2006,17,1.76
8/8/2006,18,1.76
8/8/2006,19,1.76
8/8/2006,20,1.77
8/8/2006,21,1.77
8/8/2006,22,1.77
8/8/2006,23,1.77
8/8/2006,24,1.78
9/8/2006,1,1.78
9/8/2006,2,1.78
9/8/2006,3,1.78
9/8/2006,4,1.79
9/8/2006,5,1.79
9/8/2006,6,1.79
9/8/2006,7,1.79
9/8/2006,8,1.80
9/8/2006,9,1.80
9/8/2006,10,1.81
9/8/2006,11,1.81
9/8/2006,12,1.82
9/8/2006,13,1.82
9/8/2006,14,1.83
9/8/2006,15,1.83
9/8/2006,16,1.83
9/8/2006,17,1.84
9/8/2006,18,1.84
9/8/2006,19,1.84
9/8/2006,20,1.85
9/8/2006,21,1.85
9/8/2006,22,1.86
9/8/2006,23,1.86
9/8/2006,24,1.87
10/8/2006,1,1.87
10/8/2006,2,1.87
10/8/2006,3,1.88
10/8/2006,4,1.88
10/8/2006,5,1.89
10/8/2006,6,1.89
10/8/2006,7,1.90
10/8/2006,8,1.90
10/8/2006,9,1.91
10/8/2006,10,1.92
10/8/2006,11,1.93
10/8/2006,12,1.94
10/8/2006,13,1.95
10/8/2006,14,1.96
10/8/2006,15,1.97
10/8/2006,16,1.98
10/8/2006,17,1.99
10/8/2006,18,2.00
10/8/2006,19,2.00
10/8/2006,20,1.99
10/8/2006,21,1.99
10/8/2006,22,1.99
10/8/2006,23,1.98
10/8/2006,24,1.98
11/8/2006,1,1.98
11/8/2006,2,1.97
11/8/2006,3,1.97
11/8/2006,4,1.97
11/8/2006,5,1.96
11/8/2006,6,1.96
11/8/2006,7,1.96
11/8/2006,8,1.95
11/8/2006,9,1.95
11/8/2006,10,1.95
11/8/2006,11,1.95
11/8/2006,12,1.95
11/8/2006,13,1.95
11/8/2006,14,1.94
11/8/2006,15,1.94
11/8/2006,16,1.94
11/8/2006,17,1.93
11/8/2006,18,1.93
11/8/2006,19,1.93
11/8/2006,20,1.92
11/8/2006,21,1.92
11/8/2006,22,1.91
11/8/2006,23,1.91
11/8/2006,24,1.90
12/8/2006,1,1.90
12/8/2006,2,1.90
12/8/2006,3,1.89
12/8/2006,4,1.89
12/8/2006,5,1.88
12/8/2006,6,1.88
12/8/2006,7,1.88
12/8/2006,8,1.87
12/8/2006,9,1.87
12/8/2006,10,1.87
12/8/2006,11,1.86
12/8/2006,12,1.86
12/8/2006,13,1.86
12/8/2006,14,1.85
12/8/2006,15,1.85
12/8/2006,16,1.85
12/8/2006,17,1.85
12/8/2006,18,1.85
12/8/2006,19,1.85
12/8/2006,20,1.86
12/8/2006,21,1.86
12/8/2006,22,1.86
12/8/2006,23,1.86
12/8/2006,24,1.87
13/8/2006,1,1.87
13/8/2006,2,1.87
13/8/2006,3,1.87
13/8/2006,4,1.88
13/8/2006,5,1.88
13/8/2006,6,1.88
13/8/2006,7,1.87
13/8/2006,8,1.87
13/8/2006,9,1.86
13/8/2006,10,1.86
13/8/2006,11,1.85
13/8/2006,12,1.85
13/8/2006,13,1.85
13/8/2006,14,1.84
13/8/2006,15,1.84
13/8/2006,16,1.83
13/8/2006,17,1.83
13/8/2006,18,1.82
13/8/2006,19,1.84
13/8/2006,20,1.86
13/8/2006,21,1.88
13/8/2006,22,1.90
13/8/2006,23,1.92
13/8/2006,24,1.94
14/8/2006,1,1.95
14/8/2006,2,1.97
14/8/2006,3,1.99
14/8/2006,4,2.01
14/8/2006,5,2.03
14/8/2006,6,2.05
14/8/2006,7,2.08
14/8/2006,8,2.11
14/8/2006,9,2.14
14/8/2006,10,2.17
14/8/2006,11,2.20
14/8/2006,12,2.23
14/8/2006,13,2.25
14/8/2006,14,2.27
14/8/2006,15,2.29
14/8/2006,16,2.30
14/8/2006,17,2.31
14/8/2006,18,2.32
14/8/2006,19,2.32
14/8/2006,20,2.32
14/8/2006,21,2.32
14/8/2006,22,2.32
14/8/2006,23,2.32
14/8/2006,24,2.32
15/8/2006,1,2.32
15/8/2006,2,2.32
15/8/2006,3,2.32
15/8/2006,4,2.32
15/8/2006,5,2.32
15/8/2006,6,2.32
15/8/2006,7,2.31
15/8/2006,8,2.30
15/8/2006,9,2.29
15/8/2006,10,2.28
15/8/2006,11,2.27
15/8/2006,12,2.26
15/8/2006,13,2.25
15/8/2006,14,2.23
15/8/2006,15,2.22
15/8/2006,16,2.21
15/8/2006,17,2.20
15/8/2006,18,2.19
15/8/2006,19,2.17
15/8/2006,20,2.15
15/8/2006,21,2.13
15/8/2006,22,2.11
15/8/2006,23,2.09
15/8/2006,24,2.08
16/8/2006,1,2.06
16/8/2006,2,2.04
16/8/2006,3,2.02
16/8/2006,4,2.00
16/8/2006,5,1.98
16/8/2006,6,1.96
16/8/2006,7,1.96
16/8/2006,8,1.96
16/8/2006,9,1.96
16/8/2006,10,1.96
16/8/2006,11,1.96
16/8/2006,12,1.96
16/8/2006,13,1.95
16/8/2006,14,1.95
16/8/2006,15,1.94
16/8/2006,16,1.94
16/8/2006,17,1.93
16/8/2006,18,1.93
16/8/2006,19,1.92
16/8/2006,20,1.91
16/8/2006,21,1.90
16/8/2006,22,1.89
16/8/2006,23,1.88
16/8/2006,24,1.88
17/8/2006,1,1.87
17/8/2006,2,1.86
17/8/2006,3,1.85
17/8/2006,4,1.84
17/8/2006,5,1.83
17/8/2006,6,1.82
17/8/2006,7,1.82
17/8/2006,8,1.82
17/8/2006,9,1.82
17/8/2006,10,1.82
17/8/2006,11,1.82
17/8/2006,12,1.82
17/8/2006,13,1.82
17/8/2006,14,1.82
17/8/2006,15,1.82
17/8/2006,16,1.81
17/8/2006,17,1.81
17/8/2006,18,1.80
17/8/2006,19,1.80
17/8/2006,20,1.79
17/8/2006,21,1.79
17/8/2006,22,1.78
17/8/2006,23,1.78
17/8/2006,24,1.77
18/8/2006,1,1.77
18/8/2006,2,1.76
18/8/2006,3,1.76
18/8/2006,4,1.75
18/8/2006,5,1.75
18/8/2006,6,1.74
18/8/2006,7,1.74
18/8/2006,8,1.74
18/8/2006,9,1.74
18/8/2006,10,1.74
18/8/2006,11,1.74
18/8/2006,12,1.74
18/8/2006,13,1.74
18/8/2006,14,1.73
18/8/2006,15,1.73
18/8/2006,16,1.73
18/8/2006,17,1.73
18/8/2006,18,1.73
18/8/2006,19,1.73
18/8/2006,20,1.74
18/8/2006,21,1.75
18/8/2006,22,1.75
18/8/2006,23,1.76
18/8/2006,24,1.76
19/8/2006,1,1.77
19/8/2006,2,1.77
19/8/2006,3,1.78
19/8/2006,4,1.78
19/8/2006,5,1.79
19/8/2006,6,1.79
19/8/2006,7,1.79
19/8/2006,8,1.79
19/8/2006,9,1.79
19/8/2006,10,1.79
19/8/2006,11,1.78
19/8/2006,12,1.78
19/8/2006,13,1.78
19/8/2006,14,1.78
19/8/2006,15,1.78
19/8/2006,16,1.78
19/8/2006,17,1.77
19/8/2006,18,1.77
19/8/2006,19,1.78
19/8/2006,20,1.79
19/8/2006,21,1.80
19/8/2006,22,1.81
19/8/2006,23,1.82
19/8/2006,24,1.83
20/8/2006,1,1.83
20/8/2006,2,1.84
20/8/2006,3,1.85
20/8/2006,4,1.86
20/8/2006,5,1.87
20/8/2006,6,1.88
20/8/2006,7,1.87
20/8/2006,8,1.85
20/8/2006,9,1.84
20/8/2006,10,1.83
20/8/2006,11,1.81
20/8/2006,12,1.80
20/8/2006,13,1.79
20/8/2006,14,1.77
20/8/2006,15,1.76
20/8/2006,16,1.75
20/8/2006,17,1.74
20/8/2006,18,1.73
20/8/2006,19,1.73
20/8/2006,20,1.72
20/8/2006,21,1.71
20/8/2006,22,1.71
20/8/2006,23,1.71
20/8/2006,24,1.70
21/8/2006,1,1.69
21/8/2006,2,1.69
21/8/2006,3,1.69
21/8/2006,4,1.68
21/8/2006,5,1.67
21/8/2006,6,1.67
21/8/2006,7,1.67
21/8/2006,8,1.67
21/8/2006,9,1.67
21/8/2006,10,1.67
21/8/2006,11,1.67
21/8/2006,12,1.67
21/8/2006,13,1.67
21/8/2006,14,1.67
21/8/2006,15,1.67
21/8/2006,16,1.67
21/8/2006,17,1.67
21/8/2006,18,1.67
21/8/2006,19,1.67
21/8/2006,20,1.67
21/8/2006,21,1.67
21/8/2006,22,1.67
21/8/2006,23,1.67
21/8/2006,24,1.67
22/8/2006,1,1.66
22/8/2006,2,1.66
22/8/2006,3,1.66
22/8/2006,4,1.66
22/8/2006,5,1.66
22/8/2006,6,1.66
22/8/2006,7,1.66
22/8/2006,8,1.66
22/8/2006,9,1.66
22/8/2006,10,1.66
22/8/2006,11,1.66
22/8/2006,12,1.66
22/8/2006,13,1.66
22/8/2006,14,1.66
22/8/2006,15,1.66
22/8/2006,16,1.66
22/8/2006,17,1.66
22/8/2006,18,1.66
22/8/2006,19,1.66
22/8/2006,20,1.66
22/8/2006,21,1.66
22/8/2006,22,1.66
22/8/2006,23,1.66
22/8/2006,24,1.65
23/8/2006,1,1.65
23/8/2006,2,1.65
23/8/2006,3,1.65
23/8/2006,4,1.65
23/8/2006,5,1.65
23/8/2006,6,1.65
23/8/2006,7,1.65
23/8/2006,8,1.65
23/8/2006,9,1.65
23/8/2006,10,1.65
23/8/2006,11,1.64
23/8/2006,12,1.64
23/8/2006,13,1.64
23/8/2006,14,1.64
23/8/2006,15,1.64
23/8/2006,16,1.64
23/8/2006,17,1.63
23/8/2006,18,1.63
23/8/2006,19,1.63
23/8/2006,20,1.63
23/8/2006,21,1.63
23/8/2006,22,1.62
23/8/2006,23,1.62
23/8/2006,24,1.62
24/8/2006,1,1.62
24/8/2006,2,1.62
24/8/2006,3,1.62
24/8/2006,4,1.61
24/8/2006,5,1.61
24/8/2006,6,1.61
24/8/2006,7,1.61
24/8/2006,8,1.61
24/8/2006,9,1.61
24/8/2006,10,1.61
24/8/2006,11,1.61
24/8/2006,12,1.61
24/8/2006,13,1.61
24/8/2006,14,1.60
24/8/2006,15,1.60
24/8/2006,16,1.60
24/8/2006,17,1.60
24/8/2006,18,1.60
24/8/2006,19,1.60
24/8/2006,20,1.59
24/8/2006,21,1.59
24/8/2006,22,1.59
24/8/2006,23,1.58
24/8/2006,24,1.58
25/8/2006,1,1.58
25/8/2006,2,1.57
25/8/2006,3,1.57
25/8/2006,4,1.57
25/8/2006,5,1.56
25/8/2006,6,1.56
25/8/2006,7,1.56
25/8/2006,8,1.56
25/8/2006,9,1.56
25/8/2006,10,1.56
25/8/2006,11,1.57
25/8/2006,12,1.57
25/8/2006,13,1.57
25/8/2006,14,1.58
25/8/2006,15,1.58
25/8/2006,16,1.58
25/8/2006,17,1.59
25/8/2006,18,1.59
25/8/2006,19,1.60
25/8/2006,20,1.61
25/8/2006,21,1.62
25/8/2006,22,1.63
25/8/2006,23,1.64
25/8/2006,24,1.65
26/8/2006,1,1.65
26/8/2006,2,1.66
26/8/2006,3,1.67
26/8/2006,4,1.68
26/8/2006,5,1.69
26/8/2006,6,1.70
26/8/2006,7,1.71
26/8/2006,8,1.73
26/8/2006,9,1.74
26/8/2006,10,1.75
26/8/2006,11,1.76
26/8/2006,12,1.77
26/8/2006,13,1.78
26/8/2006,14,1.79
26/8/2006,15,1.80
26/8/2006,16,1.81
26/8/2006,17,1.83
26/8/2006,18,1.84
26/8/2006,19,1.85
26/8/2006,20,1.86
26/8/2006,21,1.88
26/8/2006,22,1.89
26/8/2006,23,1.90
26/8/2006,24,1.91
27/8/2006,1,1.92
27/8/2006,2,1.93
27/8/2006,3,1.95
27/8/2006,4,1.96
27/8/2006,5,1.97
27/8/2006,6,1.98
27/8/2006,7,1.99
27/8/2006,8,1.99
27/8/2006,9,2.00
27/8/2006,10,2.01
27/8/2006,11,2.02
27/8/2006,12,2.03
27/8/2006,13,2.04
27/8/2006,14,2.05
27/8/2006,15,2.06
27/8/2006,16,2.07
27/8/2006,17,2.07
27/8/2006,18,2.08
27/8/2006,19,2.09
27/8/2006,20,2.10
27/8/2006,21,2.11
27/8/2006,22,2.11
27/8/2006,23,2.12
27/8/2006,24,2.13
28/8/2006,1,2.14
28/8/2006,2,2.15
28/8/2006,3,2.16
28/8/2006,4,2.16
28/8/2006,5,2.17
28/8/2006,6,2.18
28/8/2006,7,2.22
28/8/2006,8,2.24
28/8/2006,9,2.27
28/8/2006,10,2.32
28/8/2006,11,2.37
28/8/2006,12,2.40
28/8/2006,13,2.45
28/8/2006,14,2.49
28/8/2006,15,2.51
28/8/2006,16,2.54
28/8/2006,17,2.56
28/8/2006,18,2.59
28/8/2006,19,2.58
28/8/2006,20,2.58
28/8/2006,21,2.57
28/8/2006,22,2.57
28/8/2006,23,2.56
28/8/2006,24,2.55
29/8/2006,1,2.55
29/8/2006,2,2.54
29/8/2006,3,2.54
29/8/2006,4,2.53
29/8/2006,5,2.53
29/8/2006,6,2.52
29/8/2006,7,2.51
29/8/2006,8,2.50
29/8/2006,9,2.49
29/8/2006,10,2.48
29/8/2006,11,2.47
29/8/2006,12,2.46
29/8/2006,13,2.45
29/8/2006,14,2.45
29/8/2006,15,2.44
29/8/2006,16,2.43
29/8/2006,17,2.42
29/8/2006,18,2.41
29/8/2006,19,2.40
29/8/2006,20,2.39
29/8/2006,21,2.38
29/8/2006,22,2.37
29/8/2006,23,2.36
29/8/2006,24,2.34
30/8/2006,1,2.33
30/8/2006,2,2.32
30/8/2006,3,2.31
30/8/2006,4,2.30
30/8/2006,5,2.29
30/8/2006,6,2.28
30/8/2006,7,2.28
30/8/2006,8,2.29
30/8/2006,9,2.29
30/8/2006,10,2.29
30/8/2006,11,2.30
30/8/2006,12,2.30
30/8/2006,13,2.30
30/8/2006,14,2.30
30/8/2006,15,2.30
30/8/2006,16,2.30
30/8/2006,17,2.31
30/8/2006,18,2.31
30/8/2006,19,2.31
30/8/2006,20,2.32
30/8/2006,21,2.32
30/8/2006,22,2.32
30/8/2006,23,2.32
30/8/2006,24,2.33
31/8/2006,1,2.33
31/8/2006,2,2.33
31/8/2006,3,2.33
31/8/2006,4,2.34
31/8/2006,5,2.34
31/8/2006,6,2.34
31/8/2006,7,2.35
31/8/2006,8,2.36
31/8/2006,9,2.37
31/8/2006,10,2.43
31/8/2006,11,2.48
31/8/2006,12,2.56
31/8/2006,13,2.66
31/8/2006,14,2.76
31/8/2006,15,2.80
31/8/2006,16,2.84
31/8/2006,17,2.89
31/8/2006,18,2.93
31/8/2006,19,3.00
31/8/2006,20,3.04
31/8/2006,21,3.11
31/8/2006,22,3.18
31/8/2006,23,3.24
31/8/2006,24,3.31
1/9/2006,1,3.37
1/9/2006,2,3.44
1/9/2006,3,3.50
1/9/2006,4,3.55
1/9/2006,5,3.60
1/9/2006,6,3.65
1/9/2006,7,3.67
1/9/2006,8,3.67
1/9/2006,9,3.72
1/9/2006,10,3.72
1/9/2006,11,3.73
1/9/2006,12,3.73
1/9/2006,13,3.74
1/9/2006,14,3.75
1/9/2006,15,3.75
1/9/2006,16,3.75
1/9/2006,17,3.75
1/9/2006,18,3.75
1/9/2006,19,3.75
1/9/2006,20,3.75
1/9/2006,21,3.77
1/9/2006,22,3.78
1/9/2006,23,3.78
1/9/2006,24,3.79
2/9/2006,1,3.79
2/9/2006,2,3.80
2/9/2006,3,3.81
2/9/2006,4,3.82
2/9/2006,5,3.83
2/9/2006,6,3.84
2/9/2006,7,3.84
2/9/2006,8,3.85
2/9/2006,9,3.85
2/9/2006,10,3.85
2/9/2006,11,3.85
2/9/2006,12,3.84
2/9/2006,13,3.83
2/9/2006,14,3.82
2/9/2006,15,3.81
2/9/2006,16,3.80
2/9/2006,17,3.79
2/9/2006,18,3.78
2/9/2006,19,3.77
2/9/2006,20,3.72
2/9/2006,21,3.70
2/9/2006,22,3.65
2/9/2006,23,3.63
2/9/2006,24,3.60
3/9/2006,1,3.57
3/9/2006,2,3.52
3/9/2006,3,3.49
3/9/2006,4,3.45
3/9/2006,5,3.40
3/9/2006,6,3.35
3/9/2006,7,3.31
3/9/2006,8,3.26
3/9/2006,9,3.22
3/9/2006,10,3.15
3/9/2006,11,3.14
3/9/2006,12,3.12
3/9/2006,13,3.09
3/9/2006,14,3.03
3/9/2006,15,2.99
3/9/2006,16,2.95
3/9/2006,17,2.93
3/9/2006,18,2.90
3/9/2006,19,2.89
3/9/2006,20,2.87
3/9/2006,21,2.83
3/9/2006,22,2.80
3/9/2006,23,2.76
3/9/2006,24,2.73
4/9/2006,1,2.71
4/9/2006,2,2.69
4/9/2006,3,2.67
4/9/2006,4,2.64
4/9/2006,5,2.62
4/9/2006,6,2.60
4/9/2006,7,2.59
4/9/2006,8,2.57
4/9/2006,9,2.56
4/9/2006,10,2.53
4/9/2006,11,2.50
4/9/2006,12,2.47
4/9/2006,13,2.45
4/9/2006,14,2.42
4/9/2006,15,2.40
4/9/2006,16,2.38
4/9/2006,17,2.37
4/9/2006,18,2.35
4/9/2006,19,2.34
4/9/2006,20,2.32
4/9/2006,21,2.31
4/9/2006,22,2.30
4/9/2006,23,2.28
4/9/2006,24,2.27
5/9/2006,1,2.26
5/9/2006,2,2.24
5/9/2006,3,2.23
5/9/2006,4,2.22
5/9/2006,5,2.20
5/9/2006,6,2.19
5/9/2006,7,2.18
5/9/2006,8,2.16
5/9/2006,9,2.15
5/9/2006,10,2.15
5/9/2006,11,2.14
5/9/2006,12,2.14
5/9/2006,13,2.15
5/9/2006,14,2.17
5/9/2006,15,2.18
5/9/2006,16,2.13
5/9/2006,17,2.07
5/9/2006,18,2.02
5/9/2006,19,2.02
5/9/2006,20,2.02
5/9/2006,21,2.02
5/9/2006,22,2.02
5/9/2006,23,2.02
5/9/2006,24,2.03
6/9/2006,1,2.03
6/9/2006,2,2.03
6/9/2006,3,2.03
6/9/2006,4,2.03
6/9/2006,5,2.03
6/9/2006,6,2.03
6/9/2006,7,2.03
6/9/2006,8,2.02
6/9/2006,9,2.02
6/9/2006,10,2.01
6/9/2006,11,2.01
6/9/2006,12,2.00
6/9/2006,13,2.00
6/9/2006,14,1.99
6/9/2006,15,1.99
6/9/2006,16,1.99
6/9/2006,17,1.98
6/9/2006,18,1.98
6/9/2006,19,1.98
6/9/2006,20,1.98
6/9/2006,21,1.98
6/9/2006,22,1.97
6/9/2006,23,1.97
6/9/2006,24,1.97
7/9/2006,1,1.97
7/9/2006,2,1.97
7/9/2006,3,1.96
7/9/2006,4,1.96
7/9/2006,5,1.96
7/9/2006,6,1.96
7/9/2006,7,1.96
7/9/2006,8,1.95
7/9/2006,9,1.95
7/9/2006,10,1.95
7/9/2006,11,1.95
7/9/2006,12,1.95
7/9/2006,13,1.95
7/9/2006,14,1.94
7/9/2006,15,1.94
7/9/2006,16,1.94
7/9/2006,17,1.94
7/9/2006,18,1.94
7/9/2006,19,1.94
7/9/2006,20,1.94
7/9/2006,21,1.94
7/9/2006,22,1.94
7/9/2006,23,1.94
7/9/2006,24,1.94
8/9/2006,1,1.93
8/9/2006,2,1.93
8/9/2006,3,1.93
8/9/2006,4,1.93
8/9/2006,5,1.93
8/9/2006,6,1.93
8/9/2006,7,1.89
8/9/2006,8,1.86
8/9/2006,9,1.82
8/9/2006,10,1.81
8/9/2006,11,1.81
8/9/2006,12,1.80
8/9/2006,13,1.83
8/9/2006,14,1.87
8/9/2006,15,1.90
8/9/2006,16,1.90
8/9/2006,17,1.89
8/9/2006,18,1.89
8/9/2006,19,1.89
8/9/2006,20,1.88
8/9/2006,21,1.88
8/9/2006,22,1.88
8/9/2006,23,1.87
8/9/2006,24,1.87
9/9/2006,1,1.87
9/9/2006,2,1.86
9/9/2006,3,1.86
9/9/2006,4,1.86
9/9/2006,5,1.85
9/9/2006,6,1.85
9/9/2006,7,1.85
9/9/2006,8,1.85
9/9/2006,9,1.85
9/9/2006,10,1.85
9/9/2006,11,1.84
9/9/2006,12,1.84
9/9/2006,13,1.84
9/9/2006,14,1.84
9/9/2006,15,1.84
9/9/2006,16,1.84
9/9/2006,17,1.84
9/9/2006,18,1.84
9/9/2006,19,1.86
9/9/2006,20,1.88
9/9/2006,21,1.90
9/9/2006,22,1.92
9/9/2006,23,1.94
9/9/2006,24,1.96
10/9/2006,1,1.98
10/9/2006,2,2.00
10/9/2006,3,2.02
10/9/2006,4,2.04
10/9/2006,5,2.06
10/9/2006,6,2.08
10/9/2006,7,2.08
10/9/2006,8,2.07
10/9/2006,9,2.07
10/9/2006,10,2.07
10/9/2006,11,2.06
10/9/2006,12,2.06
10/9/2006,13,2.06
10/9/2006,14,2.05
10/9/2006,15,2.05
10/9/2006,16,2.05
10/9/2006,17,2.04
10/9/2006,18,2.04
10/9/2006,19,2.03
10/9/2006,20,2.03
10/9/2006,21,2.02
10/9/2006,22,2.01
10/9/2006,23,2.01
10/9/2006,24,2.00
11/9/2006,1,1.99
11/9/2006,2,1.99
11/9/2006,3,1.98
11/9/2006,4,1.97
11/9/2006,5,1.97
11/9/2006,6,1.96
11/9/2006,7,1.96
11/9/2006,8,1.95
11/9/2006,9,1.95
11/9/2006,10,1.95
11/9/2006,11,1.94
11/9/2006,12,1.94
11/9/2006,13,1.93
11/9/2006,14,1.93
11/9/2006,15,1.92
11/9/2006,16,1.92
11/9/2006,17,1.91
11/9/2006,18,1.91
11/9/2006,19,1.90
11/9/2006,20,1.90
11/9/2006,21,1.89
11/9/2006,22,1.89
11/9/2006,23,1.88
11/9/2006,24,1.88
12/9/2006,1,1.87
12/9/2006,2,1.86
12/9/2006,3,1.86
12/9/2006,4,1.85
12/9/2006,5,1.85
12/9/2006,6,1.84
12/9/2006,7,1.85
12/9/2006,8,1.87
12/9/2006,9,1.88
12/9/2006,10,1.91
12/9/2006,11,1.94
12/9/2006,12,1.97
12/9/2006,13,2.02
12/9/2006,14,2.07
12/9/2006,15,2.12
12/9/2006,16,2.20
12/9/2006,17,2.29
12/9/2006,18,2.37
12/9/2006,19,2.36
12/9/2006,20,2.35
12/9/2006,21,2.34
12/9/2006,22,2.33
12/9/2006,23,2.32
12/9/2006,24,2.31
13/9/2006,1,2.29
13/9/2006,2,2.28
13/9/2006,3,2.27
13/9/2006,4,2.26
13/9/2006,5,2.25
13/9/2006,6,2.24
13/9/2006,7,2.23
13/9/2006,8,2.21
13/9/2006,9,2.20
13/9/2006,10,2.19
13/9/2006,11,2.18
13/9/2006,12,2.17
13/9/2006,13,2.16
13/9/2006,14,2.14
13/9/2006,15,2.13
13/9/2006,16,2.12
13/9/2006,17,2.11
13/9/2006,18,2.10
13/9/2006,19,2.09
13/9/2006,20,2.08
13/9/2006,21,2.07
13/9/2006,22,2.06
13/9/2006,23,2.05
13/9/2006,24,2.05
14/9/2006,1,2.04
14/9/2006,2,2.03
14/9/2006,3,2.02
14/9/2006,4,2.01
14/9/2006,5,2.00
14/9/2006,6,1.99
14/9/2006,7,1.98
14/9/2006,8,1.97
14/9/2006,9,1.96
14/9/2006,10,1.95
14/9/2006,11,1.95
14/9/2006,12,1.94
14/9/2006,13,1.93
14/9/2006,14,1.93
14/9/2006,15,1.92
14/9/2006,16,1.91
14/9/2006,17,1.91
14/9/2006,18,1.90
14/9/2006,19,1.90
14/9/2006,20,1.89
14/9/2006,21,1.89
14/9/2006,22,1.88
14/9/2006,23,1.88
14/9/2006,24,1.88
15/9/2006,1,1.87
15/9/2006,2,1.87
15/9/2006,3,1.86
15/9/2006,4,1.86
15/9/2006,5,1.85
15/9/2006,6,1.85
15/9/2006,7,1.85
15/9/2006,8,1.84
15/9/2006,9,1.84
15/9/2006,10,1.84
15/9/2006,11,1.83
15/9/2006,12,1.83
15/9/2006,13,1.83
15/9/2006,14,1.82
15/9/2006,15,1.82
15/9/2006,16,1.82
15/9/2006,17,1.81
15/9/2006,18,1.81
15/9/2006,19,1.80
15/9/2006,20,1.80
15/9/2006,21,1.79
15/9/2006,22,1.79
15/9/2006,23,1.78
15/9/2006,24,1.78
16/9/2006,1,1.77
16/9/2006,2,1.76
16/9/2006,3,1.76
16/9/2006,4,1.75
16/9/2006,5,1.75
16/9/2006,6,1.74
16/9/2006,7,1.74
16/9/2006,8,1.74
16/9/2006,9,1.74
16/9/2006,10,1.74
16/9/2006,11,1.74
16/9/2006,12,1.74
16/9/2006,13,1.74
16/9/2006,14,1.74
16/9/2006,15,1.74
16/9/2006,16,1.74
16/9/2006,17,1.74
16/9/2006,18,1.74
16/9/2006,19,1.74
16/9/2006,20,1.74
16/9/2006,21,1.74
16/9/2006,22,1.74
16/9/2006,23,1.74
16/9/2006,24,1.74
17/9/2006,1,1.74
17/9/2006,2,1.74
17/9/2006,3,1.74
17/9/2006,4,1.74
17/9/2006,5,1.74
17/9/2006,6,1.74
17/9/2006,7,1.74
17/9/2006,8,1.74
17/9/2006,9,1.74
17/9/2006,10,1.74
17/9/2006,11,1.74
17/9/2006,12,1.74
17/9/2006,13,1.74
17/9/2006,14,1.73
17/9/2006,15,1.73
17/9/2006,16,1.73
17/9/2006,17,1.73
17/9/2006,18,1.73
17/9/2006,19,1.73
17/9/2006,20,1.73
17/9/2006,21,1.73
17/9/2006,22,1.73
17/9/2006,23,1.73
17/9/2006,24,1.73
18/9/2006,1,1.73
18/9/2006,2,1.73
18/9/2006,3,1.73
18/9/2006,4,1.73
18/9/2006,5,1.73
18/9/2006,6,1.73
18/9/2006,7,1.73
18/9/2006,8,1.73
18/9/2006,9,1.73
18/9/2006,10,1.73
18/9/2006,11,1.73
18/9/2006,12,1.73
18/9/2006,13,1.73
18/9/2006,14,1.74
18/9/2006,15,1.74
18/9/2006,16,1.74
18/9/2006,17,1.74
18/9/2006,18,1.74
18/9/2006,19,1.74
18/9/2006,20,1.74
18/9/2006,21,1.75
18/9/2006,22,1.75
18/9/2006,23,1.75
18/9/2006,24,1.75
19/9/2006,1,1.75
19/9/2006,2,1.75
19/9/2006,3,1.76
19/9/2006,4,1.76
19/9/2006,5,1.76
19/9/2006,6,1.76
19/9/2006,7,1.77
19/9/2006,8,1.79
19/9/2006,9,1.80
19/9/2006,10,1.82
19/9/2006,11,1.85
19/9/2006,12,1.87
19/9/2006,13,1.90
19/9/2006,14,1.93
19/9/2006,15,1.96
19/9/2006,16,1.99
19/9/2006,17,2.01
19/9/2006,18,2.04
19/9/2006,19,2.06
19/9/2006,20,2.09
19/9/2006,21,2.11
19/9/2006,22,2.13
19/9/2006,23,2.16
19/9/2006,24,2.18
20/9/2006,1,2.20
20/9/2006,2,2.23
20/9/2006,3,2.25
20/9/2006,4,2.27
20/9/2006,5,2.30
20/9/2006,6,2.32
20/9/2006,7,2.34
20/9/2006,8,2.35
20/9/2006,9,2.37
20/9/2006,10,2.38
20/9/2006,11,2.40
20/9/2006,12,2.41
20/9/2006,13,2.48
20/9/2006,14,2.54
20/9/2006,15,2.61
20/9/2006,16,2.64
20/9/2006,17,2.68
20/9/2006,18,2.71
20/9/2006,19,2.72
20/9/2006,20,2.72
20/9/2006,21,2.73
20/9/2006,22,2.73
20/9/2006,23,2.74
20/9/2006,24,2.74
21/9/2006,1,2.75
21/9/2006,2,2.75
21/9/2006,3,2.76
21/9/2006,4,2.76
21/9/2006,5,2.77
21/9/2006,6,2.77
21/9/2006,7,2.79
21/9/2006,8,2.81
21/9/2006,9,2.83
21/9/2006,10,2.85
21/9/2006,11,2.88
21/9/2006,12,2.91
21/9/2006,13,2.94
21/9/2006,14,2.97
21/9/2006,15,3.02
21/9/2006,16,3.04
21/9/2006,17,3.07
21/9/2006,18,3.10
21/9/2006,19,3.12
21/9/2006,20,3.17
21/9/2006,21,3.18
21/9/2006,22,3.20
21/9/2006,23,3.20
21/9/2006,24,3.21
22/9/2006,1,3.19
22/9/2006,2,3.17
22/9/2006,3,3.15
22/9/2006,4,3.12
22/9/2006,5,3.10
22/9/2006,6,3.08
22/9/2006,7,3.07
22/9/2006,8,3.06
22/9/2006,9,3.05
22/9/2006,10,3.04
22/9/2006,11,3.03
22/9/2006,12,3.02
22/9/2006,13,3.01
22/9/2006,14,2.99
22/9/2006,15,2.98
22/9/2006,16,2.97
22/9/2006,17,2.96
22/9/2006,18,2.95
22/9/2006,19,2.96
22/9/2006,20,2.97
22/9/2006,21,2.98
22/9/2006,22,2.99
22/9/2006,23,3.00
22/9/2006,24,3.01
23/9/2006,1,3.01
23/9/2006,2,3.02
23/9/2006,3,3.03
23/9/2006,4,3.04
23/9/2006,5,3.05
23/9/2006,6,3.06
23/9/2006,7,3.11
23/9/2006,8,3.15
23/9/2006,9,3.17
23/9/2006,10,3.18
23/9/2006,11,3.20
23/9/2006,12,3.24
23/9/2006,13,3.26
23/9/2006,14,3.27
23/9/2006,15,3.28
23/9/2006,16,3.29
23/9/2006,17,3.29
23/9/2006,18,3.29
23/9/2006,19,3.27
23/9/2006,20,3.26
23/9/2006,21,3.24
23/9/2006,22,3.23
23/9/2006,23,3.21
23/9/2006,24,3.20
24/9/2006,1,3.18
24/9/2006,2,3.16
24/9/2006,3,3.15
24/9/2006,4,3.13
24/9/2006,5,3.12
24/9/2006,6,3.10
24/9/2006,7,3.08
24/9/2006,8,3.06
24/9/2006,9,3.04
24/9/2006,10,3.02
24/9/2006,11,2.99
24/9/2006,12,2.97
24/9/2006,13,2.94
24/9/2006,14,2.91
24/9/2006,15,2.90
24/9/2006,16,2.89
24/9/2006,17,2.89
24/9/2006,18,2.88
24/9/2006,19,2.85
24/9/2006,20,2.82
24/9/2006,21,2.79
24/9/2006,22,2.75
24/9/2006,23,2.72
24/9/2006,24,2.69
25/9/2006,1,2.66
25/9/2006,2,2.63
25/9/2006,3,2.59
25/9/2006,4,2.56
25/9/2006,5,2.53
25/9/2006,6,2.50
25/9/2006,7,2.48
25/9/2006,8,2.47
25/9/2006,9,2.45
25/9/2006,10,2.44
25/9/2006,11,2.42
25/9/2006,12,2.41
25/9/2006,13,2.39
25/9/2006,14,2.38
25/9/2006,15,2.36
25/9/2006,16,2.35
25/9/2006,17,2.33
25/9/2006,18,2.32
25/9/2006,19,2.31
25/9/2006,20,2.29
25/9/2006,21,2.28
25/9/2006,22,2.26
25/9/2006,23,2.25
25/9/2006,24,2.24
26/9/2006,1,2.22
26/9/2006,2,2.21
26/9/2006,3,2.19
26/9/2006,4,2.18
26/9/2006,5,2.16
26/9/2006,6,2.15
26/9/2006,7,2.15
26/9/2006,8,2.15
26/9/2006,9,2.15
26/9/2006,10,2.15
26/9/2006,11,2.15
26/9/2006,12,2.15
26/9/2006,13,2.15
26/9/2006,14,2.14
26/9/2006,15,2.14
26/9/2006,16,2.14
26/9/2006,17,2.14
26/9/2006,18,2.14
26/9/2006,19,2.14
26/9/2006,20,2.14
26/9/2006,21,2.14
26/9/2006,22,2.14
26/9/2006,23,2.14
26/9/2006,24,2.14
27/9/2006,1,2.14
27/9/2006,2,2.14
27/9/2006,3,2.14
27/9/2006,4,2.14
27/9/2006,5,2.14
27/9/2006,6,2.14
27/9/2006,7,2.13
27/9/2006,8,2.11
27/9/2006,9,2.10
27/9/2006,10,2.09
27/9/2006,11,2.07
27/9/2006,12,2.06
27/9/2006,13,2.05
27/9/2006,14,2.03
27/9/2006,15,2.02
27/9/2006,16,2.00
27/9/2006,17,1.99
27/9/2006,18,1.97
27/9/2006,19,1.97
27/9/2006,20,1.97
27/9/2006,21,1.96
27/9/2006,22,1.96
27/9/2006,23,1.96
27/9/2006,24,1.96
28/9/2006,1,1.96
28/9/2006,2,1.96
28/9/2006,3,1.96
28/9/2006,4,1.95
28/9/2006,5,1.95
28/9/2006,6,1.95
28/9/2006,7,1.95
28/9/2006,8,1.95
28/9/2006,9,1.95
28/9/2006,10,1.95
28/9/2006,11,1.94
28/9/2006,12,1.94
28/9/2006,13,1.94
28/9/2006,14,1.95
28/9/2006,15,1.95
28/9/2006,16,1.95
28/9/2006,17,1.96
28/9/2006,18,1.96
28/9/2006,19,1.96
28/9/2006,20,1.96
28/9/2006,21,1.96
28/9/2006,22,1.97
28/9/2006,23,1.97
28/9/2006,24,1.97
29/9/2006,1,1.97
29/9/2006,2,1.97
29/9/2006,3,1.98
29/9/2006,4,1.98
29/9/2006,5,1.98
29/9/2006,6,1.98
29/9/2006,7,1.98
29/9/2006,8,1.97
29/9/2006,9,1.97
29/9/2006,10,1.97
29/9/2006,11,1.96
29/9/2006,12,1.96
29/9/2006,13,1.96
29/9/2006,14,1.96
29/9/2006,15,1.96
29/9/2006,16,1.96
29/9/2006,17,1.95
29/9/2006,18,1.95
29/9/2006,19,1.95
29/9/2006,20,1.95
29/9/2006,21,1.95
29/9/2006,22,1.95
29/9/2006,23,1.95
29/9/2006,24,1.96
30/9/2006,1,1.96
30/9/2006,2,1.96
30/9/2006,3,1.96
30/9/2006,4,1.96
30/9/2006,5,1.96
30/9/2006,6,1.96
30/9/2006,7,1.96
30/9/2006,8,1.95
30/9/2006,9,1.95
30/9/2006,10,1.95
30/9/2006,11,1.94
30/9/2006,12,1.94
30/9/2006,13,1.93
30/9/2006,14,1.93
30/9/2006,15,1.92
30/9/2006,16,1.92
30/9/2006,17,1.91
30/9/2006,18,1.91
30/9/2006,19,1.92
30/9/2006,20,1.94
30/9/2006,21,1.95
30/9/2006,22,1.96
30/9/2006,23,1.97
30/9/2006,24,1.99
1/10/2006,1,1.97
1/10/2006,2,1.95
1/10/2006,3,1.93
1/10/2006,4,1.90
1/10/2006,5,1.88
1/10/2006,6,1.86
1/10/2006,7,1.85
1/10/2006,8,1.85
1/10/2006,9,1.84
1/10/2006,10,1.83
1/10/2006,11,1.83
1/10/2006,12,1.82
1/10/2006,13,1.81
1/10/2006,14,1.81
1/10/2006,15,1.80
1/10/2006,16,1.80
1/10/2006,17,1.79
1/10/2006,18,1.79
1/10/2006,19,1.79
1/10/2006,20,1.80
1/10/2006,21,1.80
1/10/2006,22,1.80
1/10/2006,23,1.81
1/10/2006,24,1.81
2/10/2006,1,1.81
2/10/2006,2,1.82
2/10/2006,3,1.82
2/10/2006,4,1.82
2/10/2006,5,1.83
2/10/2006,6,1.83
2/10/2006,7,1.83
2/10/2006,8,1.82
2/10/2006,9,1.82
2/10/2006,10,1.82
2/10/2006,11,1.81
2/10/2006,12,1.81
2/10/2006,13,1.81
2/10/2006,14,1.81
2/10/2006,15,1.81
2/10/2006,16,1.81
2/10/2006,17,1.80
2/10/2006,18,1.80
2/10/2006,19,1.80
2/10/2006,20,1.79
2/10/2006,21,1.79
2/10/2006,22,1.78
2/10/2006,23,1.78
2/10/2006,24,1.78
3/10/2006,1,1.77
3/10/2006,2,1.77
3/10/2006,3,1.76
3/10/2006,4,1.76
3/10/2006,5,1.75
3/10/2006,6,1.75
3/10/2006,7,1.75
3/10/2006,8,1.75
3/10/2006,9,1.75
3/10/2006,10,1.75
3/10/2006,11,1.75
3/10/2006,12,1.75
3/10/2006,13,1.75
3/10/2006,14,1.76
3/10/2006,15,1.76
3/10/2006,16,1.76
3/10/2006,17,1.77
3/10/2006,18,1.77
3/10/2006,19,1.77
3/10/2006,20,1.77
3/10/2006,21,1.78
3/10/2006,22,1.78
3/10/2006,23,1.78
3/10/2006,24,1.78
4/10/2006,1,1.78
4/10/2006,2,1.78
4/10/2006,3,1.79
4/10/2006,4,1.79
4/10/2006,5,1.79
4/10/2006,6,1.79
4/10/2006,7,1.80
4/10/2006,8,1.81
4/10/2006,9,1.82
4/10/2006,10,1.83
4/10/2006,11,1.83
4/10/2006,12,1.84
4/10/2006,13,1.84
4/10/2006,14,1.85
4/10/2006,15,1.85
4/10/2006,16,1.86
4/10/2006,17,1.86
4/10/2006,18,1.87
4/10/2006,19,1.87
4/10/2006,20,1.87
4/10/2006,21,1.87
4/10/2006,22,1.87
4/10/2006,23,1.87
4/10/2006,24,1.88
5/10/2006,1,1.88
5/10/2006,2,1.88
5/10/2006,3,1.88
5/10/2006,4,1.88
5/10/2006,5,1.88
5/10/2006,6,1.88
5/10/2006,7,1.88
5/10/2006,8,1.88
5/10/2006,9,1.88
5/10/2006,10,1.88
5/10/2006,11,1.88
5/10/2006,12,1.88
5/10/2006,13,1.88
5/10/2006,14,1.88
5/10/2006,15,1.88
5/10/2006,16,1.88
5/10/2006,17,1.88
5/10/2006,18,1.88
5/10/2006,19,1.88
5/10/2006,20,1.88
5/10/2006,21,1.88
5/10/2006,22,1.88
5/10/2006,23,1.88
5/10/2006,24,1.88
6/10/2006,1,1.88
6/10/2006,2,1.88
6/10/2006,3,1.88
6/10/2006,4,1.88
6/10/2006,5,1.88
6/10/2006,6,1.88
6/10/2006,7,1.88
6/10/2006,8,1.88
6/10/2006,9,1.88
6/10/2006,10,1.88
6/10/2006,11,1.88
6/10/2006,12,1.88
6/10/2006,13,1.88
6/10/2006,14,1.89
6/10/2006,15,1.89
6/10/2006,16,1.89
6/10/2006,17,1.89
6/10/2006,18,1.89
6/10/2006,19,1.90
6/10/2006,20,1.91
6/10/2006,21,1.92
6/10/2006,22,1.93
6/10/2006,23,1.94
6/10/2006,24,1.95
7/10/2006,1,1.96
7/10/2006,2,1.97
7/10/2006,3,1.98
7/10/2006,4,1.99
7/10/2006,5,2.00
7/10/2006,6,2.01
7/10/2006,7,2.01
7/10/2006,8,2.02
7/10/2006,9,2.02
7/10/2006,10,2.02
7/10/2006,11,2.03
7/10/2006,12,2.03
7/10/2006,13,2.03
7/10/2006,14,2.04
7/10/2006,15,2.04
7/10/2006,16,2.04
7/10/2006,17,2.05
7/10/2006,18,2.05
7/10/2006,19,2.06
7/10/2006,20,2.07
7/10/2006,21,2.09
7/10/2006,22,2.10
7/10/2006,23,2.11
7/10/2006,24,2.13
8/10/2006,1,2.14
8/10/2006,2,2.15
8/10/2006,3,2.16
8/10/2006,4,2.18
8/10/2006,5,2.19
8/10/2006,6,2.20
8/10/2006,7,2.20
8/10/2006,8,2.21
8/10/2006,9,2.21
8/10/2006,10,2.22
8/10/2006,11,2.22
8/10/2006,12,2.23
8/10/2006,13,2.23
8/10/2006,14,2.24
8/10/2006,15,2.24
8/10/2006,16,2.24
8/10/2006,17,2.25
8/10/2006,18,2.25
8/10/2006,19,2.25
8/10/2006,20,2.26
8/10/2006,21,2.26
8/10/2006,22,2.27
8/10/2006,23,2.27
8/10/2006,24,2.28
9/10/2006,1,2.28
9/10/2006,2,2.29
9/10/2006,3,2.30
9/10/2006,4,2.32
9/10/2006,5,2.33
9/10/2006,6,2.35
9/10/2006,7,2.38
9/10/2006,8,2.42
9/10/2006,9,2.45
9/10/2006,10,2.47
9/10/2006,11,2.50
9/10/2006,12,2.53
9/10/2006,13,2.57
9/10/2006,14,2.61
9/10/2006,15,2.68
9/10/2006,16,2.70
9/10/2006,17,2.74
9/10/2006,18,2.75
9/10/2006,19,2.80
9/10/2006,20,2.83
9/10/2006,21,2.87
9/10/2006,22,2.89
9/10/2006,23,2.90
9/10/2006,24,2.91
10/10/2006,1,2.92
10/10/2006,2,2.93
10/10/2006,3,2.95
10/10/2006,4,2.96
10/10/2006,5,2.97
10/10/2006,6,2.98
10/10/2006,7,3.02
10/10/2006,8,3.05
10/10/2006,9,3.12
10/10/2006,10,3.17
10/10/2006,11,3.24
10/10/2006,12,3.30
10/10/2006,13,3.36
10/10/2006,14,3.40
10/10/2006,15,3.45
10/10/2006,16,3.48
10/10/2006,17,3.51
10/10/2006,18,3.53
10/10/2006,19,3.53
10/10/2006,20,3.53
10/10/2006,21,3.52
10/10/2006,22,3.49
10/10/2006,23,3.48
10/10/2006,24,3.47
11/10/2006,1,3.42
11/10/2006,2,3.36
11/10/2006,3,3.31
11/10/2006,4,3.25
11/10/2006,5,3.20
11/10/2006,6,3.14
11/10/2006,7,3.12
11/10/2006,8,3.10
11/10/2006,9,3.08
11/10/2006,10,3.06
11/10/2006,11,3.03
11/10/2006,12,3.01
11/10/2006,13,3.01
11/10/2006,14,3.00
11/10/2006,15,3.00
11/10/2006,16,2.99
11/10/2006,17,2.99
11/10/2006,18,2.98
11/10/2006,19,2.97
11/10/2006,20,2.96
11/10/2006,21,2.95
11/10/2006,22,2.94
11/10/2006,23,2.93
11/10/2006,24,2.93
12/10/2006,1,2.92
12/10/2006,2,2.91
12/10/2006,3,2.90
12/10/2006,4,2.89
12/10/2006,5,2.88
12/10/2006,6,2.87
12/10/2006,7,2.85
12/10/2006,8,2.82
12/10/2006,9,2.80
12/10/2006,10,2.78
12/10/2006,11,2.76
12/10/2006,12,2.74
12/10/2006,13,2.72
12/10/2006,14,2.69
12/10/2006,15,2.67
12/10/2006,16,2.65
12/10/2006,17,2.62
12/10/2006,18,2.60
12/10/2006,19,2.59
12/10/2006,20,2.58
12/10/2006,21,2.56
12/10/2006,22,2.55
12/10/2006,23,2.54
12/10/2006,24,2.53
13/10/2006,1,2.51
13/10/2006,2,2.50
13/10/2006,3,2.49
13/10/2006,4,2.48
13/10/2006,5,2.46
13/10/2006,6,2.45
13/10/2006,7,2.44
13/10/2006,8,2.43
13/10/2006,9,2.42
13/10/2006,10,2.41
13/10/2006,11,2.39
13/10/2006,12,2.38
13/10/2006,13,2.37
13/10/2006,14,2.36
13/10/2006,15,2.35
13/10/2006,16,2.34
13/10/2006,17,2.33
13/10/2006,18,2.32
13/10/2006,19,2.31
13/10/2006,20,2.30
13/10/2006,21,2.29
13/10/2006,22,2.28
13/10/2006,23,2.27
13/10/2006,24,2.26
14/10/2006,1,2.26
14/10/2006,2,2.25
14/10/2006,3,2.24
14/10/2006,4,2.23
14/10/2006,5,2.22
14/10/2006,6,2.21
14/10/2006,7,2.21
14/10/2006,8,2.20
14/10/2006,9,2.20
14/10/2006,10,2.19
14/10/2006,11,2.19
14/10/2006,12,2.18
14/10/2006,13,2.17
14/10/2006,14,2.17
14/10/2006,15,2.16
14/10/2006,16,2.15
14/10/2006,17,2.15
14/10/2006,18,2.14
14/10/2006,19,2.13
14/10/2006,20,2.13
14/10/2006,21,2.12
14/10/2006,22,2.11
14/10/2006,23,2.11
14/10/2006,24,2.10
15/10/2006,1,2.09
15/10/2006,2,2.09
15/10/2006,3,2.08
15/10/2006,4,2.07
15/10/2006,5,2.07
15/10/2006,6,2.06
15/10/2006,7,2.06
15/10/2006,8,2.05
15/10/2006,9,2.05
15/10/2006,10,2.05
15/10/2006,11,2.04
15/10/2006,12,2.04
15/10/2006,13,2.04
15/10/2006,14,2.03
15/10/2006,15,2.03
15/10/2006,16,2.03
15/10/2006,17,2.02
15/10/2006,18,2.02
15/10/2006,19,2.02
15/10/2006,20,2.02
15/10/2006,21,2.02
15/10/2006,22,2.01
15/10/2006,23,2.01
15/10/2006,24,2.01
16/10/2006,1,2.01
16/10/2006,2,2.01
16/10/2006,3,2.01
16/10/2006,4,2.00
16/10/2006,5,2.00
16/10/2006,6,2.00
16/10/2006,7,2.00
16/10/2006,8,2.00
16/10/2006,9,2.00
16/10/2006,10,2.00
16/10/2006,11,1.99
16/10/2006,12,1.99
16/10/2006,13,1.99
16/10/2006,14,1.99
16/10/2006,15,1.99
16/10/2006,16,1.99
16/10/2006,17,1.98
16/10/2006,18,1.98
16/10/2006,19,1.98
16/10/2006,20,1.97
16/10/2006,21,1.97
16/10/2006,22,1.96
16/10/2006,23,1.96
16/10/2006,24,1.96
17/10/2006,1,1.95
17/10/2006,2,1.95
17/10/2006,3,1.94
17/10/2006,4,1.94
17/10/2006,5,1.93
17/10/2006,6,1.93
17/10/2006,7,1.93
17/10/2006,8,1.93
17/10/2006,9,1.93
17/10/2006,10,1.93
17/10/2006,11,1.93
17/10/2006,12,1.93
17/10/2006,13,1.93
17/10/2006,14,1.93
17/10/2006,15,1.93
17/10/2006,16,1.93
17/10/2006,17,1.93
17/10/2006,18,1.93
17/10/2006,19,1.93
17/10/2006,20,1.93
17/10/2006,21,1.93
17/10/2006,22,1.93
17/10/2006,23,1.93
17/10/2006,24,1.93
18/10/2006,1,1.93
18/10/2006,2,1.93
18/10/2006,3,1.93
18/10/2006,4,1.93
18/10/2006,5,1.93
18/10/2006,6,1.93
18/10/2006,7,1.93
18/10/2006,8,1.93
18/10/2006,9,1.93
18/10/2006,10,1.93
18/10/2006,11,1.92
18/10/2006,12,1.92
18/10/2006,13,1.92
18/10/2006,14,1.92
18/10/2006,15,1.92
18/10/2006,16,1.92
18/10/2006,17,1.91
18/10/2006,18,1.91
18/10/2006,19,1.91
18/10/2006,20,1.91
18/10/2006,21,1.91
18/10/2006,22,1.91
18/10/2006,23,1.91
18/10/2006,24,1.90
19/10/2006,1,1.90
19/10/2006,2,1.90
19/10/2006,3,1.90
19/10/2006,4,1.90
19/10/2006,5,1.90
19/10/2006,6,1.90
19/10/2006,7,1.90
19/10/2006,8,1.90
19/10/2006,9,1.90
19/10/2006,10,1.90
19/10/2006,11,1.90
19/10/2006,12,1.90
19/10/2006,13,1.90
19/10/2006,14,1.90
19/10/2006,15,1.90
19/10/2006,16,1.90
19/10/2006,17,1.90
19/10/2006,18,1.90
19/10/2006,19,1.90
19/10/2006,20,1.89
19/10/2006,21,1.89
19/10/2006,22,1.89
19/10/2006,23,1.88
19/10/2006,24,1.88
20/10/2006,1,1.88
20/10/2006,2,1.87
20/10/2006,3,1.87
20/10/2006,4,1.87
20/10/2006,5,1.86
20/10/2006,6,1.86
20/10/2006,7,1.86
20/10/2006,8,1.86
20/10/2006,9,1.86
20/10/2006,10,1.86
20/10/2006,11,1.85
20/10/2006,12,1.85
20/10/2006,13,1.85
20/10/2006,14,1.85
20/10/2006,15,1.85
20/10/2006,16,1.85
20/10/2006,17,1.84
20/10/2006,18,1.84
20/10/2006,19,1.84
20/10/2006,20,1.83
20/10/2006,21,1.83
20/10/2006,22,1.83
20/10/2006,23,1.82
20/10/2006,24,1.82
21/10/2006,1,1.82
21/10/2006,2,1.81
21/10/2006,3,1.81
21/10/2006,4,1.81
21/10/2006,5,1.80
21/10/2006,6,1.80
21/10/2006,7,1.80
21/10/2006,8,1.80
21/10/2006,9,1.80
21/10/2006,10,1.80
21/10/2006,11,1.80
21/10/2006,12,1.80
21/10/2006,13,1.80
21/10/2006,14,1.80
21/10/2006,15,1.80
21/10/2006,16,1.80
21/10/2006,17,1.80
21/10/2006,18,1.80
21/10/2006,19,1.80
21/10/2006,20,1.79
21/10/2006,21,1.79
21/10/2006,22,1.78
21/10/2006,23,1.78
21/10/2006,24,1.77
22/10/2006,1,1.77
22/10/2006,2,1.76
22/10/2006,3,1.76
22/10/2006,4,1.75
22/10/2006,5,1.74
22/10/2006,6,1.74
22/10/2006,7,1.74
22/10/2006,8,1.74
22/10/2006,9,1.74
22/10/2006,10,1.74
22/10/2006,11,1.74
22/10/2006,12,1.74
22/10/2006,13,1.74
22/10/2006,14,1.74
22/10/2006,15,1.74
22/10/2006,16,1.74
22/10/2006,17,1.74
22/10/2006,18,1.74
22/10/2006,19,1.74
22/10/2006,20,1.74
22/10/2006,21,1.74
22/10/2006,22,1.74
22/10/2006,23,1.74
22/10/2006,24,1.74
23/10/2006,1,1.74
23/10/2006,2,1.74
23/10/2006,3,1.74
23/10/2006,4,1.74
23/10/2006,5,1.74
23/10/2006,6,1.74
23/10/2006,7,1.74
23/10/2006,8,1.74
23/10/2006,9,1.74
23/10/2006,10,1.74
23/10/2006,11,1.74
23/10/2006,12,1.74
23/10/2006,13,1.74
23/10/2006,14,1.73
23/10/2006,15,1.73
23/10/2006,16,1.73
23/10/2006,17,1.73
23/10/2006,18,1.73
23/10/2006,19,1.73
23/10/2006,20,1.73
23/10/2006,21,1.73
23/10/2006,22,1.73
23/10/2006,23,1.73
23/10/2006,24,1.73
24/10/2006,1,1.73
24/10/2006,2,1.73
24/10/2006,3,1.73
24/10/2006,4,1.73
24/10/2006,5,1.73
24/10/2006,6,1.73
24/10/2006,7,1.73
24/10/2006,8,1.73
24/10/2006,9,1.73
24/10/2006,10,1.73
24/10/2006,11,1.72
24/10/2006,12,1.72
24/10/2006,13,1.72
24/10/2006,14,1.72
24/10/2006,15,1.72
24/10/2006,16,1.72
24/10/2006,17,1.71
24/10/2006,18,1.71
24/10/2006,19,1.71
24/10/2006,20,1.71
24/10/2006,21,1.71
24/10/2006,22,1.71
24/10/2006,23,1.71
24/10/2006,24,1.71
25/10/2006,1,1.70
25/10/2006,2,1.70
25/10/2006,3,1.70
25/10/2006,4,1.70
25/10/2006,5,1.70
25/10/2006,6,1.70
25/10/2006,7,1.70
25/10/2006,8,1.70
25/10/2006,9,1.70
25/10/2006,10,1.70
25/10/2006,11,1.70
25/10/2006,12,1.70
25/10/2006,13,1.70
25/10/2006,14,1.70
25/10/2006,15,1.70
25/10/2006,16,1.70
25/10/2006,17,1.70
25/10/2006,18,1.70
25/10/2006,19,1.70
25/10/2006,20,1.70
25/10/2006,21,1.69
25/10/2006,22,1.69
25/10/2006,23,1.69
25/10/2006,24,1.69
26/10/2006,1,1.69
26/10/2006,2,1.69
26/10/2006,3,1.69
26/10/2006,4,1.68
26/10/2006,5,1.68
26/10/2006,6,1.68
26/10/2006,7,1.68
26/10/2006,8,1.68
26/10/2006,9,1.68
26/10/2006,10,1.68
26/10/2006,11,1.68
26/10/2006,12,1.68
26/10/2006,13,1.68
26/10/2006,14,1.67
26/10/2006,15,1.67
26/10/2006,16,1.67
26/10/2006,17,1.67
26/10/2006,18,1.67
26/10/2006,19,1.67
26/10/2006,20,1.67
26/10/2006,21,1.67
26/10/2006,22,1.66
26/10/2006,23,1.66
26/10/2006,24,1.66
27/10/2006,1,1.66
27/10/2006,2,1.66
27/10/2006,3,1.65
27/10/2006,4,1.65
27/10/2006,5,1.65
27/10/2006,6,1.65
27/10/2006,7,1.65
27/10/2006,8,1.64
27/10/2006,9,1.64
27/10/2006,10,1.64
27/10/2006,11,1.63
27/10/2006,12,1.63
27/10/2006,13,1.63
27/10/2006,14,1.62
27/10/2006,15,1.62
27/10/2006,16,1.62
27/10/2006,17,1.61
27/10/2006,18,1.61
27/10/2006,19,1.61
27/10/2006,20,1.61
27/10/2006,21,1.62
27/10/2006,22,1.62
27/10/2006,23,1.62
27/10/2006,24,1.62
28/10/2006,1,1.62
28/10/2006,2,1.62
28/10/2006,3,1.63
28/10/2006,4,1.63
28/10/2006,5,1.63
28/10/2006,6,1.63
28/10/2006,7,1.63
28/10/2006,8,1.63
28/10/2006,9,1.63
28/10/2006,10,1.63
28/10/2006,11,1.63
28/10/2006,12,1.63
28/10/2006,13,1.63
28/10/2006,14,1.63
28/10/2006,15,1.63
28/10/2006,16,1.63
28/10/2006,17,1.63
28/10/2006,18,1.63
28/10/2006,19,1.63
28/10/2006,20,1.64
28/10/2006,21,1.64
28/10/2006,22,1.64
28/10/2006,23,1.65
28/10/2006,24,1.65
29/10/2006,1,1.65
29/10/2006,2,1.66
29/10/2006,3,1.66
29/10/2006,4,1.66
29/10/2006,5,1.67
29/10/2006,6,1.67
29/10/2006,7,1.67
29/10/2006,8,1.67
29/10/2006,9,1.67
29/10/2006,10,1.67
29/10/2006,11,1.67
29/10/2006,12,1.67
29/10/2006,13,1.67
29/10/2006,14,1.66
29/10/2006,15,1.66
29/10/2006,16,1.66
29/10/2006,17,1.66
29/10/2006,18,1.66
29/10/2006,19,1.66
29/10/2006,20,1.66
29/10/2006,21,1.66
29/10/2006,22,1.66
29/10/2006,23,1.66
29/10/2006,24,1.65
30/10/2006,1,1.65
30/10/2006,2,1.65
30/10/2006,3,1.65
30/10/2006,4,1.65
30/10/2006,5,1.65
30/10/2006,6,1.65
30/10/2006,7,1.65
30/10/2006,8,1.65
30/10/2006,9,1.65
30/10/2006,10,1.65
30/10/2006,11,1.64
30/10/2006,12,1.64
30/10/2006,13,1.64
30/10/2006,14,1.64
30/10/2006,15,1.64
30/10/2006,16,1.64
30/10/2006,17,1.63
30/10/2006,18,1.63
30/10/2006,19,1.63
30/10/2006,20,1.63
30/10/2006,21,1.62
30/10/2006,22,1.62
30/10/2006,23,1.62
30/10/2006,24,1.62
31/10/2006,1,1.61
31/10/2006,2,1.61
31/10/2006,3,1.61
31/10/2006,4,1.61
31/10/2006,5,1.60
31/10/2006,6,1.60
31/10/2006,7,1.60
31/10/2006,8,1.60
31/10/2006,9,1.60
31/10/2006,10,1.60
31/10/2006,11,1.60
31/10/2006,12,1.60
31/10/2006,13,1.60
31/10/2006,14,1.59
31/10/2006,15,1.59
31/10/2006,16,1.59
31/10/2006,17,1.59
31/10/2006,18,1.59
31/10/2006,19,1.59
31/10/2006,20,1.59
31/10/2006,21,1.59
31/10/2006,22,1.59
31/10/2006,23,1.59
31/10/2006,24,1.59
1/11/2006,1,1.59
1/11/2006,2,1.59
1/11/2006,3,1.59
1/11/2006,4,1.58
1/11/2006,5,1.58
1/11/2006,6,1.58
1/11/2006,7,1.58
1/11/2006,8,1.58
1/11/2006,9,1.58
1/11/2006,10,1.58
1/11/2006,11,1.58
1/11/2006,12,1.58
1/11/2006,13,1.58
1/11/2006,14,1.58
1/11/2006,15,1.58
1/11/2006,16,1.58
1/11/2006,17,1.58
1/11/2006,18,1.58
1/11/2006,19,1.58
1/11/2006,20,1.58
1/11/2006,21,1.58
1/11/2006,22,1.58
1/11/2006,23,1.58
1/11/2006,24,1.58
2/11/2006,1,1.57
2/11/2006,2,1.57
2/11/2006,3,1.57
2/11/2006,4,1.57
2/11/2006,5,1.57
2/11/2006,6,1.57
2/11/2006,7,1.57
2/11/2006,8,1.57
2/11/2006,9,1.57
2/11/2006,10,1.57
2/11/2006,11,1.57
2/11/2006,12,1.57
2/11/2006,13,1.57
2/11/2006,14,1.56
2/11/2006,15,1.56
2/11/2006,16,1.56
2/11/2006,17,1.56
2/11/2006,18,1.56
2/11/2006,19,1.56
2/11/2006,20,1.56
2/11/2006,21,1.56
2/11/2006,22,1.56
2/11/2006,23,1.56
2/11/2006,24,1.56
3/11/2006,1,1.55
3/11/2006,2,1.55
3/11/2006,3,1.55
3/11/2006,4,1.55
3/11/2006,5,1.55
3/11/2006,6,1.55
3/11/2006,7,1.55
3/11/2006,8,1.55
3/11/2006,9,1.55
3/11/2006,10,1.55
3/11/2006,11,1.55
3/11/2006,12,1.55
3/11/2006,13,1.55
3/11/2006,14,1.56
3/11/2006,15,1.56
3/11/2006,16,1.56
3/11/2006,17,1.56
3/11/2006,18,1.56
3/11/2006,19,1.56
3/11/2006,20,1.56
3/11/2006,21,1.56
3/11/2006,22,1.55
3/11/2006,23,1.55
3/11/2006,24,1.55
4/11/2006,1,1.55
4/11/2006,2,1.55
4/11/2006,3,1.55
4/11/2006,4,1.54
4/11/2006,5,1.54
4/11/2006,6,1.54
4/11/2006,7,1.54
4/11/2006,8,1.54
4/11/2006,9,1.54
4/11/2006,10,1.54
4/11/2006,11,1.54
4/11/2006,12,1.54
4/11/2006,13,1.54
4/11/2006,14,1.53
4/11/2006,15,1.53
4/11/2006,16,1.53
4/11/2006,17,1.53
4/11/2006,18,1.53
4/11/2006,19,1.53
4/11/2006,20,1.53
4/11/2006,21,1.53
4/11/2006,22,1.53
4/11/2006,23,1.53
4/11/2006,24,1.53
5/11/2006,1,1.52
5/11/2006,2,1.52
5/11/2006,3,1.52
5/11/2006,4,1.52
5/11/2006,5,1.52
5/11/2006,6,1.52
5/11/2006,7,1.52
5/11/2006,8,1.53
5/11/2006,9,1.53
5/11/2006,10,1.53
5/11/2006,11,1.54
5/11/2006,12,1.54
5/11/2006,13,1.54
5/11/2006,14,1.55
5/11/2006,15,1.55
5/11/2006,16,1.55
5/11/2006,17,1.56
5/11/2006,18,1.56
5/11/2006,19,1.56
5/11/2006,20,1.56
5/11/2006,21,1.56
5/11/2006,22,1.56
5/11/2006,23,1.56
5/11/2006,24,1.56
6/11/2006,1,1.55
6/11/2006,2,1.55
6/11/2006,3,1.55
6/11/2006,4,1.55
6/11/2006,5,1.55
6/11/2006,6,1.55
6/11/2006,7,1.55
6/11/2006,8,1.55
6/11/2006,9,1.55
6/11/2006,10,1.55
6/11/2006,11,1.54
6/11/2006,12,1.54
6/11/2006,13,1.54
6/11/2006,14,1.54
6/11/2006,15,1.54
6/11/2006,16,1.54
6/11/2006,17,1.53
6/11/2006,18,1.53
6/11/2006,19,1.53
6/11/2006,20,1.53
6/11/2006,21,1.53
6/11/2006,22,1.53
6/11/2006,23,1.53
6/11/2006,24,1.53
7/11/2006,1,1.53
7/11/2006,2,1.53
7/11/2006,3,1.53
7/11/2006,4,1.53
7/11/2006,5,1.53
7/11/2006,6,1.53
7/11/2006,7,1.53
7/11/2006,8,1.53
7/11/2006,9,1.53
7/11/2006,10,1.53
7/11/2006,11,1.54
7/11/2006,12,1.54
7/11/2006,13,1.54
7/11/2006,14,1.55
7/11/2006,15,1.55
7/11/2006,16,1.55
7/11/2006,17,1.56
7/11/2006,18,1.56
7/11/2006,19,1.56
7/11/2006,20,1.57
7/11/2006,21,1.57
7/11/2006,22,1.58
7/11/2006,23,1.58
7/11/2006,24,1.59
8/11/2006,1,1.59
8/11/2006,2,1.59
8/11/2006,3,1.60
8/11/2006,4,1.60
8/11/2006,5,1.61
8/11/2006,6,1.61
8/11/2006,7,1.61
8/11/2006,8,1.61
8/11/2006,9,1.61
8/11/2006,10,1.61
8/11/2006,11,1.60
8/11/2006,12,1.60
8/11/2006,13,1.60
8/11/2006,14,1.60
8/11/2006,15,1.60
8/11/2006,16,1.60
8/11/2006,17,1.60
8/11/2006,18,1.60
8/11/2006,19,1.60
8/11/2006,20,1.60
8/11/2006,21,1.60
8/11/2006,22,1.60
8/11/2006,23,1.60
8/11/2006,24,1.60
9/11/2006,1,1.59
9/11/2006,2,1.59
9/11/2006,3,1.59
9/11/2006,4,1.59
9/11/2006,5,1.59
9/11/2006,6,1.59
9/11/2006,7,1.59
9/11/2006,8,1.59
9/11/2006,9,1.59
9/11/2006,10,1.59
9/11/2006,11,1.58
9/11/2006,12,1.58
9/11/2006,13,1.58
9/11/2006,14,1.58
9/11/2006,15,1.58
9/11/2006,16,1.58
9/11/2006,17,1.57
9/11/2006,18,1.57
9/11/2006,19,1.57
9/11/2006,20,1.56
9/11/2006,21,1.56
9/11/2006,22,1.55
9/11/2006,23,1.55
9/11/2006,24,1.55
10/11/2006,1,1.54
10/11/2006,2,1.54
10/11/2006,3,1.53
10/11/2006,4,1.53
10/11/2006,5,1.52
10/11/2006,6,1.52
10/11/2006,7,1.52
10/11/2006,8,1.52
10/11/2006,9,1.52
10/11/2006,10,1.52
10/11/2006,11,1.52
10/11/2006,12,1.52
10/11/2006,13,1.52
10/11/2006,14,1.52
10/11/2006,15,1.52
10/11/2006,16,1.52
10/11/2006,17,1.52
10/11/2006,18,1.52
10/11/2006,19,1.52
10/11/2006,20,1.52
10/11/2006,21,1.52
10/11/2006,22,1.52
10/11/2006,23,1.52
10/11/2006,24,1.52
11/11/2006,1,1.51
11/11/2006,2,1.51
11/11/2006,3,1.51
11/11/2006,4,1.51
11/11/2006,5,1.51
11/11/2006,6,1.51
11/11/2006,7,1.51
11/11/2006,8,1.51
11/11/2006,9,1.51
11/11/2006,10,1.51
11/11/2006,11,1.51
11/11/2006,12,1.51
11/11/2006,13,1.51
11/11/2006,14,1.51
11/11/2006,15,1.51
11/11/2006,16,1.51
11/11/2006,17,1.50
11/11/2006,18,1.50
11/11/2006,19,1.50
11/11/2006,20,1.50
11/11/2006,21,1.50
11/11/2006,22,1.50
11/11/2006,23,1.50
11/11/2006,24,1.50
12/11/2006,1,1.50
12/11/2006,2,1.50
12/11/2006,3,1.50
12/11/2006,4,1.50
12/11/2006,5,1.50
12/11/2006,6,1.50
12/11/2006,7,1.50
12/11/2006,8,1.50
12/11/2006,9,1.50
12/11/2006,10,1.50
12/11/2006,11,1.50
12/11/2006,12,1.50
12/11/2006,13,1.50
12/11/2006,14,1.49
12/11/2006,15,1.49
12/11/2006,16,1.49
12/11/2006,17,1.49
12/11/2006,18,1.49
12/11/2006,19,1.49
12/11/2006,20,1.49
12/11/2006,21,1.49
12/11/2006,22,1.49
12/11/2006,23,1.49
12/11/2006,24,1.49
13/11/2006,1,1.49
13/11/2006,2,1.49
13/11/2006,3,1.49
13/11/2006,4,1.49
13/11/2006,5,1.49
13/11/2006,6,1.49
13/11/2006,7,1.49
13/11/2006,8,1.49
13/11/2006,9,1.49
13/11/2006,10,1.49
13/11/2006,11,1.49
13/11/2006,12,1.49
13/11/2006,13,1.49
13/11/2006,14,1.49
13/11/2006,15,1.49
13/11/2006,16,1.49
13/11/2006,17,1.49
13/11/2006,18,1.49
13/11/2006,19,1.49
13/11/2006,20,1.49
13/11/2006,21,1.49
13/11/2006,22,1.49
13/11/2006,23,1.49
13/11/2006,24,1.49
17/7/2010,,1.40
17/7/2010,2,1.40
17/7/2010,3,1.39
17/7/2010,4,1.39
17/7/2010,5,1.38
17/7/2010,6,1.38
17/7/2010,7,1.37
17/7/2010,8,1.37
17/7/2010,9,1.36
17/7/2010,10,1.36
17/7/2010,11,1.35
17/7/2010,12,1.34
17/7/2010,13,1.34
17/7/2010,14,1.33
17/7/2010,15,1.33
17/7/2010,16,1.33
17/7/2010,17,1.32
17/7/2010,18,1.32
17/7/2010,19,1.31
17/7/2010,20,1.31
17/7/2010,21,1.30
17/7/2010,22,1.30
17/7/2010,23,1.30
17/7/2010,24,1.30
18/7/2010,1,1.29
18/7/2010,2,1.29
18/7/2010,3,1.29
18/7/2010,4,1.29
18/7/2010,5,1.29
18/7/2010,6,1.29
18/7/2010,7,1.29
18/7/2010,8,1.29
18/7/2010,9,1.29
18/7/2010,10,1.29
18/7/2010,11,1.29
18/7/2010,12,1.29
18/7/2010,13,1.29
18/7/2010,14,1.29
18/7/2010,15,1.29
18/7/2010,16,1.29
18/7/2010,17,1.29
18/7/2010,18,1.29
18/7/2010,19,1.29
18/7/2010,20,1.29
18/7/2010,21,1.29
18/7/2010,22,1.29
18/7/2010,23,1.29
18/7/2010,24,1.29
19/7/2010,1,1.29
19/7/2010,2,1.29
19/7/2010,3,1.29
19/7/2010,4,1.29
19/7/2010,5,1.29
19/7/2010,6,1.29
19/7/2010,7,1.29
19/7/2010,8,1.29
19/7/2010,9,1.29
19/7/2010,10,1.29
19/7/2010,11,1.29
19/7/2010,12,1.30
19/7/2010,13,1.30
19/7/2010,14,1.30
19/7/2010,15,1.31
19/7/2010,16,1.31
19/7/2010,17,1.31
19/7/2010,18,1.30
19/7/2010,19,1.33
19/7/2010,20,1.33
19/7/2010,21,1.34
19/7/2010,22,1.34
19/7/2010,23,1.34
19/7/2010,24,1.34
20/7/2010,1,1.36
20/7/2010,2,1.36
20/7/2010,3,1.37
20/7/2010,4,1.37
20/7/2010,5,1.38
20/7/2010,6,1.38
20/7/2010,7,1.39
20/7/2010,8,1.39
20/7/2010,9,1.40
20/7/2010,10,1.40
20/7/2010,11,1.41
20/7/2010,12,1.41
20/7/2010,13,1.42
20/7/2010,14,1.42
20/7/2010,15,1.43
20/7/2010,16,1.43
20/7/2010,17,1.44
20/7/2010,18,1.44
20/7/2010,19,1.45
20/7/2010,20,1.45
20/7/2010,21,1.46
20/7/2010,22,1.47
20/7/2010,23,1.47
20/7/2010,24,1.47
21/7/2010,1,1.49
21/7/2010,2,1.49
21/7/2010,3,1.50
21/7/2010,4,1.50
21/7/2010,5,1.51
21/7/2010,6,1.51
21/7/2010,7,1.51
21/7/2010,8,1.51
21/7/2010,9,1.51
21/7/2010,10,1.51
21/7/2010,11,1.50
21/7/2010,12,1.50
21/7/2010,13,1.49
21/7/2010,14,1.49
21/7/2010,15,1.48
21/7/2010,16,1.48
21/7/2010,17,1.48
21/7/2010,18,1.48
21/7/2010,19,1.47
21/7/2010,20,1.47
21/7/2010,21,1.47
21/7/2010,22,1.46
21/7/2010,23,1.46
21/7/2010,24,1.46
22/7/2010,1,1.46
22/7/2010,2,1.45
22/7/2010,3,1.45
22/7/2010,4,1.45
22/7/2010,5,1.44
22/7/2010,6,1.44
22/7/2010,7,1.43
22/7/2010,8,1.43
22/7/2010,9,1.43
22/7/2010,10,1.43
22/7/2010,11,1.43
22/7/2010,12,1.43
22/7/2010,13,1.42
22/7/2010,14,1.42
22/7/2010,15,1.42
22/7/2010,16,1.42
22/7/2010,17,1.42
22/7/2010,18,1.42
22/7/2010,19,1.42
22/7/2010,20,1.42
22/7/2010,21,1.42
22/7/2010,22,1.41
22/7/2010,23,1.41
22/7/2010,24,1.41
23/7/2010,1,1.41
23/7/2010,2,1.41
23/7/2010,3,1.40
23/7/2010,4,1.40
23/7/2010,5,1.40
23/7/2010,6,1.40
23/7/2010,7,1.40
23/7/2010,8,1.40
23/7/2010,9,1.40
23/7/2010,10,1.40
23/7/2010,11,1.39
23/7/2010,12,1.39
23/7/2010,13,1.39
23/7/2010,14,1.39
23/7/2010,15,1.38
23/7/2010,16,1.38
23/7/2010,17,1.38
23/7/2010,18,1.38
23/7/2010,19,1.38
23/7/2010,20,1.38
23/7/2010,21,1.38
23/7/2010,22,1.38
23/7/2010,23,1.38
23/7/2010,24,1.38
24/7/2010,1,1.37
24/7/2010,2,1.37
24/7/2010,3,1.37
24/7/2010,4,1.37
24/7/2010,5,1.37
24/7/2010,6,1.37
24/7/2010,7,1.37
24/7/2010,8,1.37
24/7/2010,9,1.37
24/7/2010,10,1.37
24/7/2010,11,1.37
24/7/2010,12,1.38
24/7/2010,13,1.38
24/7/2010,14,1.38
24/7/2010,15,1.38
24/7/2010,16,1.38
24/7/2010,17,1.38
24/7/2010,18,1.38
24/7/2010,19,1.39
24/7/2010,20,1.39
24/7/2010,21,1.39
24/7/2010,22,1.39
24/7/2010,23,1.39
24/7/2010,24,1.39
25/7/2010,1,1.40
25/7/2010,2,1.40
25/7/2010,3,1.40
25/7/2010,4,1.40
25/7/2010,5,1.40
25/7/2010,6,1.40
25/7/2010,7,1.40
25/7/2010,8,1.40
25/7/2010,9,1.40
25/7/2010,10,1.40
25/7/2010,11,1.41
25/7/2010,12,1.41
25/7/2010,13,1.41
25/7/2010,14,1.41
25/7/2010,15,1.42
25/7/2010,16,1.42
25/7/2010,17,1.42
25/7/2010,18,1.42
25/7/2010,19,1.42
25/7/2010,20,1.42
25/7/2010,21,1.42
25/7/2010,22,1.43
25/7/2010,23,1.43
25/7/2010,24,1.43
26/7/2010,1,1.43
26/7/2010,2,1.43
26/7/2010,3,1.43
26/7/2010,4,1.44
26/7/2010,5,1.44
26/7/2010,6,1.44
26/7/2010,7,1.44
26/7/2010,8,1.44
26/7/2010,9,1.44
26/7/2010,10,1.44
26/7/2010,11,1.44
26/7/2010,12,1.44
26/7/2010,13,1.44
26/7/2010,14,1.44
26/7/2010,15,1.44
26/7/2010,16,1.45
26/7/2010,17,1.45
26/7/2010,18,1.45
26/7/2010,19,1.45
26/7/2010,20,1.45
26/7/2010,21,1.45
26/7/2010,22,1.45
26/7/2010,23,1.45
26/7/2010,24,1.45
27/7/2010,1,1.46
27/7/2010,2,1.46
27/7/2010,3,1.46
27/7/2010,4,1.46
27/7/2010,5,1.46
27/7/2010,6,1.46
27/7/2010,7,1.46
27/7/2010,8,1.46
27/7/2010,9,1.47
27/7/2010,10,1.47
27/7/2010,11,1.47
27/7/2010,12,1.48
27/7/2010,13,1.49
27/7/2010,14,1.50
27/7/2010,15,1.51
27/7/2010,16,1.52
27/7/2010,17,1.53
27/7/2010,18,1.54
27/7/2010,19,1.55
27/7/2010,20,1.56
27/7/2010,21,1.57
27/7/2010,22,1.58
27/7/2010,23,1.60
27/7/2010,24,1.60
28/7/2010,1,1.63
28/7/2010,2,1.65
28/7/2010,3,1.67
28/7/2010,4,1.69
28/7/2010,5,1.70
28/7/2010,6,1.71
28/7/2010,7,1.72
28/7/2010,8,1.73
28/7/2010,9,1.74
28/7/2010,10,1.75
28/7/2010,11,1.75
28/7/2010,12,1.75
28/7/2010,13,1.75
28/7/2010,14,1.75
28/7/2010,15,1.75
28/7/2010,16,1.75
28/7/2010,17,1.75
28/7/2010,18,1.75
28/7/2010,19,1.75
28/7/2010,20,1.74
28/7/2010,21,1.74
28/7/2010,22,1.73
28/7/2010,23,1.73
28/7/2010,24,1.73
29/7/2010,1,1.71
29/7/2010,2,1.70
29/7/2010,3,1.70
29/7/2010,4,1.69
29/7/2010,5,1.69
29/7/2010,6,1.68
29/7/2010,7,1.68
29/7/2010,8,1.67
29/7/2010,9,1.67
29/7/2010,10,1.66
29/7/2010,11,1.66
29/7/2010,12,1.65
29/7/2010,13,1.64
29/7/2010,14,1.64
29/7/2010,15,1.64
29/7/2010,16,1.63
29/7/2010,17,1.63
29/7/2010,18,1.63
29/7/2010,19,1.63
29/7/2010,20,1.62
29/7/2010,21,1.62
29/7/2010,22,1.62
29/7/2010,23,1.62
29/7/2010,24,1.62
30/7/2010,1,1.62
30/7/2010,2,1.62
30/7/2010,3,1.62
30/7/2010,4,1.62
30/7/2010,5,1.61
30/7/2010,6,1.61
30/7/2010,7,1.60
30/7/2010,8,1.60
30/7/2010,9,1.60
30/7/2010,10,1.60
30/7/2010,11,1.60
30/7/2010,12,1.61
30/7/2010,13,1.62
30/7/2010,14,1.62
30/7/2010,15,1.63
30/7/2010,16,1.65
30/7/2010,17,1.67
30/7/2010,18,1.68
30/7/2010,19,1.70
30/7/2010,20,1.73
30/7/2010,21,1.74
30/7/2010,22,1.77
30/7/2010,23,1.79
30/7/2010,24,1.79
31/7/2010,1,1.83
31/7/2010,2,1.85
31/7/2010,3,1.87
31/7/2010,4,1.89
31/7/2010,5,1.91
31/7/2010,6,1.93
31/7/2010,7,1.93
31/7/2010,8,1.93
31/7/2010,9,1.94
31/7/2010,10,1.94
31/7/2010,11,1.94
31/7/2010,12,1.94
31/7/2010,13,1.94
31/7/2010,14,1.94
31/7/2010,15,1.94
31/7/2010,16,1.94
31/7/2010,17,1.94
31/7/2010,18,1.94
31/7/2010,19,1.93
31/7/2010,20,1.92
31/7/2010,21,1.92
31/7/2010,22,1.91
31/7/2010,23,1.90
31/7/2010,24,1.89
1/8/2010,1,1.88
1/8/2010,2,1.87
1/8/2010,3,1.86
1/8/2010,4,1.85
1/8/2010,5,1.84
1/8/2010,6,1.83
1/8/2010,7,1.82
1/8/2010,8,1.81
1/8/2010,9,1.80
1/8/2010,10,1.80
1/8/2010,11,1.79
1/8/2010,12,1.78
1/8/2010,13,1.77
1/8/2010,14,1.76
1/8/2010,15,1.75
1/8/2010,16,1.74
1/8/2010,17,1.74
1/8/2010,18,1.73
1/8/2010,19,1.72
1/8/2010,20,1.72
1/8/2010,21,1.77
1/8/2010,22,1.70
1/8/2010,23,1.70
1/8/2010,24,1.70
2/8/2010,1,1.69
2/8/2010,2,1.68
2/8/2010,3,1.67
2/8/2010,4,1.67
2/8/2010,5,1.66
2/8/2010,6,1.66
2/8/2010,7,1.65
2/8/2010,8,1.65
2/8/2010,9,1.65
2/8/2010,10,1.64
2/8/2010,11,1.64
2/8/2010,12,1.64
2/8/2010,13,1.63
2/8/2010,14,1.63
2/8/2010,15,1.63
2/8/2010,16,1.62
2/8/2010,17,1.62
2/8/2010,18,1.62
2/8/2010,19,1.62
2/8/2010,20,1.62
2/8/2010,21,1.62
2/8/2010,22,1.62
2/8/2010,23,1.62
2/8/2010,24,1.62
3/8/2010,1,1.62
3/8/2010,2,1.62
3/8/2010,3,1.62
3/8/2010,4,1.62
3/8/2010,5,1.62
3/8/2010,6,1.62
3/8/2010,7,1.63
3/8/2010,8,1.63
3/8/2010,9,1.64
3/8/2010,10,1.65
3/8/2010,11,1.66
3/8/2010,12,1.67
3/8/2010,13,1.68
3/8/2010,14,1.69
3/8/2010,15,1.70
3/8/2010,16,1.71
3/8/2010,17,1.72
3/8/2010,18,1.74
3/8/2010,19,1.75
3/8/2010,20,1.77
3/8/2010,21,1.78
3/8/2010,22,1.79
3/8/2010,23,1.80
3/8/2010,24,1.80
4/8/2010,1,1.82
4/8/2010,2,1.83
4/8/2010,3,1.84
4/8/2010,4,1.85
4/8/2010,5,1.86
4/8/2010,6,1.87
4/8/2010,7,1.88
4/8/2010,8,1.88
4/8/2010,9,1.89
4/8/2010,10,1.90
4/8/2010,11,1.90
4/8/2010,12,1.91
4/8/2010,13,1.91
4/8/2010,14,1.91
4/8/2010,15,1.91
4/8/2010,16,1.91
4/8/2010,17,1.92
4/8/2010,18,1.92
4/8/2010,19,1.92
4/8/2010,20,1.92
4/8/2010,21,1.92
4/8/2010,22,1.92
4/8/2010,23,1.93
4/8/2010,24,1.93
5/8/2010,1,1.93
5/8/2010,2,1.93
5/8/2010,3,1.93
5/8/2010,4,1.93
5/8/2010,5,1.93
5/8/2010,6,1.92
5/8/2010,7,1.92
5/8/2010,8,1.92
5/8/2010,9,1.92
5/8/2010,10,1.92
5/8/2010,11,1.92
5/8/2010,12,1.92
5/8/2010,13,1.92
5/8/2010,14,1.92
5/8/2010,15,1.92
5/8/2010,16,1.91
5/8/2010,17,1.91
5/8/2010,18,1.90
5/8/2010,19,1.90
5/8/2010,20,1.89
5/8/2010,21,1.89
5/8/2010,22,1.89
5/8/2010,23,1.88
5/8/2010,24,1.88
6/8/2010,1,1.87
6/8/2010,2,1.87
6/8/2010,3,1.87
6/8/2010,4,1.86
6/8/2010,5,1.86
6/8/2010,6,1.85
6/8/2010,7,1.85
6/8/2010,8,1.85
6/8/2010,9,1.84
6/8/2010,10,1.84
6/8/2010,11,1.83
6/8/2010,12,1.83
6/8/2010,13,1.82
6/8/2010,14,1.82
6/8/2010,15,1.81
6/8/2010,16,1.81
6/8/2010,17,1.80
6/8/2010,18,1.79
6/8/2010,19,1.79
6/8/2010,20,1.78
6/8/2010,21,1.77
6/8/2010,22,1.77
6/8/2010,23,1.76
6/8/2010,24,1.76
7/8/2010,1,1.75
7/8/2010,2,1.75
7/8/2010,3,1.74
7/8/2010,4,1.74
7/8/2010,5,1.73
7/8/2010,6,1.73
7/8/2010,7,1.72
7/8/2010,8,1.72
7/8/2010,9,1.72
7/8/2010,10,1.72
7/8/2010,11,1.73
7/8/2010,12,1.73
7/8/2010,13,1.74
7/8/2010,14,1.74
7/8/2010,15,1.75
7/8/2010,16,1.75
7/8/2010,17,1.76
7/8/2010,18,1.76
7/8/2010,19,1.77
7/8/2010,20,1.77
7/8/2010,21,1.78
7/8/2010,22,1.78
7/8/2010,23,1.79
7/8/2010,24,1.79
8/8/2010,1,1.79
8/8/2010,2,1.80
8/8/2010,3,1.80
8/8/2010,4,1.80
8/8/2010,5,1.80
8/8/2010,6,1.80
8/8/2010,7,1.80
8/8/2010,8,1.79
8/8/2010,9,1.79
8/8/2010,10,1.79
8/8/2010,11,1.78
8/8/2010,12,1.78
8/8/2010,13,1.77
8/8/2010,14,1.77
8/8/2010,15,1.76
8/8/2010,16,1.76
8/8/2010,17,1.75
8/8/2010,18,1.75
8/8/2010,19,1.74
8/8/2010,20,1.73
8/8/2010,21,1.73
8/8/2010,22,1.72
8/8/2010,23,1.71
8/8/2010,24,1.71
9/8/2010,1,1.70
9/8/2010,2,1.69
9/8/2010,3,1.69
9/8/2010,4,1.68
9/8/2010,5,1.67
9/8/2010,6,1.66
9/8/2010,7,1.66
9/8/2010,8,1.65
9/8/2010,9,1.64
9/8/2010,10,1.64
9/8/2010,11,1.63
9/8/2010,12,1.63
9/8/2010,13,1.62
9/8/2010,14,1.62
9/8/2010,15,1.61
9/8/2010,16,1.61
9/8/2010,17,1.60
9/8/2010,18,1.60
9/8/2010,19,1.60
9/8/2010,20,1.59
9/8/2010,21,1.59
9/8/2010,22,1.58
9/8/2010,23,1.58
9/8/2010,24,1.58
10/8/2010,1,1.57
10/8/2010,2,1.56
10/8/2010,3,1.56
10/8/2010,4,1.55
10/8/2010,5,1.55
10/8/2010,6,1.54
10/8/2010,7,1.54
10/8/2010,8,1.55
10/8/2010,9,1.56
10/8/2010,10,1.57
10/8/2010,11,1.59
10/8/2010,12,1.62
10/8/2010,13,1.64
10/8/2010,14,1.66
10/8/2010,15,1.66
10/8/2010,16,1.67
10/8/2010,17,1.67
10/8/2010,18,1.68
10/8/2010,19,1.68
10/8/2010,20,1.69
10/8/2010,21,1.69
10/8/2010,22,1.69
10/8/2010,23,1.70
10/8/2010,24,1.70
11/8/2010,1,1.70
11/8/2010,2,1.70
11/8/2010,3,1.70
11/8/2010,4,1.71
11/8/2010,5,1.71
11/8/2010,6,1.71
11/8/2010,7,1.72
11/8/2010,8,1.72
11/8/2010,9,1.72
11/8/2010,10,1.72
11/8/2010,11,1.72
11/8/2010,12,1.73
11/8/2010,13,1.73
11/8/2010,14,1.73
11/8/2010,15,1.73
11/8/2010,16,1.74
11/8/2010,17,1.74
11/8/2010,18,1.74
11/8/2010,19,1.75
11/8/2010,20,1.75
11/8/2010,21,1.76
11/8/2010,22,1.76
11/8/2010,23,1.77
11/8/2010,24,1.77
12/8/2010,1,1.88
12/8/2010,2,1.90
12/8/2010,3,1.95
12/8/2010,4,1.98
12/8/2010,5,2.02
12/8/2010,6,2.04
12/8/2010,7,2.09
12/8/2010,8,2.13
12/8/2010,9,2.15
12/8/2010,10,2.20
12/8/2010,11,2.21
12/8/2010,12,2.23
12/8/2010,13,2.25
12/8/2010,14,2.24
12/8/2010,15,2.24
12/8/2010,16,2.24
12/8/2010,17,2.24
12/8/2010,18,2.24
12/8/2010,19,2.22
12/8/2010,20,2.21
12/8/2010,21,2.20
12/8/2010,22,2.20
12/8/2010,23,2.20
12/8/2010,24,2.20
13/8/2010,1,2.21
13/8/2010,2,2.24
13/8/2010,3,2.25
13/8/2010,4,2.27
13/8/2010,5,2.29
13/8/2010,6,2.30
13/8/2010,7,2.33
13/8/2010,8,2.35
13/8/2010,9,2.37
13/8/2010,10,2.38
13/8/2010,11,2.40
13/8/2010,12,2.43
13/8/2010,13,2.45
13/8/2010,14,2.47
13/8/2010,15,2.51
13/8/2010,16,2.54
13/8/2010,17,2.57
13/8/2010,18,2.60
13/8/2010,19,2.64
13/8/2010,20,2.68
13/8/2010,21,2.72
13/8/2010,22,2.76
13/8/2010,23,2.79
13/8/2010,24,2.79
14/8/2010,1,2.80
14/8/2010,2,2.80
14/8/2010,3,2.78
14/8/2010,4,2.76
14/8/2010,5,2.74
14/8/2010,6,2.69
14/8/2010,7,2.66
14/8/2010,8,2.64
14/8/2010,9,2.62
14/8/2010,10,2.60
14/8/2010,11,2.58
14/8/2010,12,2.56
14/8/2010,13,2.55
14/8/2010,14,2.54
14/8/2010,15,2.53
14/8/2010,16,2.53
14/8/2010,17,2.53
14/8/2010,18,2.54
14/8/2010,19,2.55
14/8/2010,20,2.56
14/8/2010,21,2.56
14/8/2010,22,2.56
14/8/2010,23,2.56
14/8/2010,24,2.56
15/8/2010,1,2.56
15/8/2010,2,2.56
15/8/2010,3,2.57
15/8/2010,4,2.57
15/8/2010,5,2.57
15/8/2010,6,2.57
15/8/2010,7,2.56
15/8/2010,8,2.56
15/8/2010,9,2.55
15/8/2010,10,2.55
15/8/2010,11,2.55
15/8/2010,12,2.55
15/8/2010,13,2.52
15/8/2010,14,2.49
15/8/2010,15,2.48
15/8/2010,16,2.46
15/8/2010,17,2.44
15/8/2010,18,2.42
15/8/2010,19,2.40
15/8/2010,20,2.38
15/8/2010,21,2.36
15/8/2010,22,2.34
15/8/2010,23,2.32
15/8/2010,24,2.32
16/8/2010,1,2.30
16/8/2010,2,2.29
16/8/2010,3,2.28
16/8/2010,4,2.27
16/8/2010,5,2.25
16/8/2010,6,2.24
16/8/2010,7,2.22
16/8/2010,8,2.00
16/8/2010,9,2.18
16/8/2010,10,2.16
16/8/2010,11,2.15
16/8/2010,12,2.14
16/8/2010,13,2.13
16/8/2010,14,2.11
16/8/2010,15,2.10
16/8/2010,16,2.08
16/8/2010,17,2.07
16/8/2010,18,2.06
16/8/2010,19,2.05
16/8/2010,20,2.04
16/8/2010,21,2.03
16/8/2010,22,2.02
16/8/2010,23,2.00
16/8/2010,24,2.00
17/8/2010,1,1.98
17/8/2010,2,1.97
17/8/2010,3,1.96
17/8/2010,4,1.95
17/8/2010,5,1.94
17/8/2010,6,1.93
17/8/2010,7,1.92
17/8/2010,8,1.91
17/8/2010,9,1.90
17/8/2010,10,1.89
17/8/2010,11,1.89
17/8/2010,12,1.88
17/8/2010,13,1.88
17/8/2010,14,1.87
17/8/2010,15,1.86
17/8/2010,16,1.85
17/8/2010,17,1.85
17/8/2010,18,1.85
17/8/2010,19,1.85
17/8/2010,20,1.84
17/8/2010,21,1.84
17/8/2010,22,1.84
17/8/2010,23,1.84
17/8/2010,24,1.84
18/8/2010,1,1.85
18/8/2010,2,1.85
18/8/2010,3,1.85
18/8/2010,4,1.86
18/8/2010,5,1.86
18/8/2010,6,1.86
18/8/2010,7,1.86
18/8/2010,8,1.86
18/8/2010,9,1.86
18/8/2010,10,1.86
18/8/2010,11,1.86
18/8/2010,12,1.86
18/8/2010,13,1.87
18/8/2010,14,1.87
18/8/2010,15,1.87
18/8/2010,16,1.87
18/8/2010,17,1.87
18/8/2010,18,1.87
18/8/2010,19,1.88
18/8/2010,20,1.88
18/8/2010,21,1.88
18/8/2010,22,1.89
18/8/2010,23,1.89
18/8/2010,24,1.89
19/8/2010,1,1.90
19/8/2010,2,1.90
19/8/2010,3,1.91
19/8/2010,4,1.91
19/8/2010,5,1.92
19/8/2010,6,1.93
19/8/2010,7,1.94
19/8/2010,8,1.95
19/8/2010,9,1.96
19/8/2010,10,1.97
19/8/2010,11,1.98
19/8/2010,12,1.99
19/8/2010,13,2.00
19/8/2010,14,2.01
19/8/2010,15,2.01
19/8/2010,16,2.01
19/8/2010,17,2.02
19/8/2010,18,2.02
19/8/2010,19,2.03
19/8/2010,20,2.03
19/8/2010,21,2.03
19/8/2010,22,2.03
19/8/2010,23,2.03
19/8/2010,24,2.03
20/8/2010,1,2.03
20/8/2010,2,2.02
20/8/2010,3,2.02
20/8/2010,4,2.01
20/8/2010,5,2.01
20/8/2010,6,2.00
20/8/2010,7,1.99
20/8/2010,8,1.98
20/8/2010,9,1.97
20/8/2010,10,1.96
20/8/2010,11,1.95
20/8/2010,12,1.94
20/8/2010,13,1.93
20/8/2010,14,1.92
20/8/2010,15,1.91
20/8/2010,16,1.90
20/8/2010,17,1.89
20/8/2010,18,1.88
20/8/2010,19,1.88
20/8/2010,20,1.87
20/8/2010,21,1.87
20/8/2010,22,1.87
20/8/2010,23,1.86
20/8/2010,24,1.86
21/8/2010,1,1.85
21/8/2010,2,1.85
21/8/2010,3,1.84
21/8/2010,4,1.84
21/8/2010,5,1.83
21/8/2010,6,1.82
21/8/2010,7,1.81
21/8/2010,8,1.81
21/8/2010,9,1.80
21/8/2010,10,1.80
21/8/2010,11,1.79
21/8/2010,12,1.79
21/8/2010,13,1.78
21/8/2010,14,1.78
21/8/2010,15,1.77
21/8/2010,16,1.77
21/8/2010,17,1.77
21/8/2010,18,1.76
21/8/2010,19,1.76
21/8/2010,20,1.76
21/8/2010,21,1.76
21/8/2010,22,1.76
21/8/2010,23,1.75
21/8/2010,24,1.75
22/8/2010,1,1.75
22/8/2010,2,1.75
22/8/2010,3,1.75
22/8/2010,4,1.75
22/8/2010,5,1.75
22/8/2010,6,1.76
22/8/2010,7,1.76
22/8/2010,8,1.76
22/8/2010,9,1.76
22/8/2010,10,1.77
22/8/2010,11,1.77
22/8/2010,12,1.78
22/8/2010,13,1.78
22/8/2010,14,1.79
22/8/2010,15,1.80
22/8/2010,16,1.81
22/8/2010,17,1.82
22/8/2010,18,1.83
22/8/2010,19,1.84
22/8/2010,20,1.85
22/8/2010,21,1.86
22/8/2010,22,1.87
22/8/2010,23,1.88
22/8/2010,24,1.88
23/8/2010,1,2.04
23/8/2010,2,2.08
23/8/2010,3,2.10
23/8/2010,4,2.12
23/8/2010,5,2.14
23/8/2010,6,2.17
23/8/2010,7,2.18
23/8/2010,8,2.18
23/8/2010,9,2.18
23/8/2010,10,2.19
23/8/2010,11,2.19
23/8/2010,12,2.19
23/8/2010,13,2.20
23/8/2010,14,2.21
23/8/2010,15,2.21
23/8/2010,16,2.21
23/8/2010,17,2.21
23/8/2010,18,2.22
23/8/2010,19,2.32
23/8/2010,20,2.23
23/8/2010,21,2.24
23/8/2010,22,2.25
23/8/2010,23,2.26
23/8/2010,24,2.26
24/8/2010,1,2.27
24/8/2010,2,2.28
24/8/2010,3,2.29
24/8/2010,4,2.30
24/8/2010,5,2.31
24/8/2010,6,2.32
24/8/2010,7,2.34
24/8/2010,8,2.36
24/8/2010,9,2.39
24/8/2010,10,2.41
24/8/2010,11,2.44
24/8/2010,12,2.45
24/8/2010,13,2.47
24/8/2010,14,2.48
24/8/2010,15,2.49
24/8/2010,16,2.49
24/8/2010,17,2.49
24/8/2010,18,2.49
24/8/2010,19,2.49
24/8/2010,20,2.49
24/8/2010,21,2.49
24/8/2010,22,2.48
24/8/2010,23,2.47
24/8/2010,24,2.47
25/8/2010,1,2.42
25/8/2010,2,2.40
25/8/2010,3,2.38
25/8/2010,4,2.36
25/8/2010,5,2.34
25/8/2010,6,2.33
25/8/2010,7,2.28
25/8/2010,8,2.25
25/8/2010,9,2.22
25/8/2010,10,2.15
25/8/2010,11,2.11
25/8/2010,12,2.10
25/8/2010,13,2.10
25/8/2010,14,2.10
25/8/2010,15,2.09
25/8/2010,16,2.09
25/8/2010,17,2.09
25/8/2010,18,2.09
25/8/2010,19,2.10
25/8/2010,20,2.10
25/8/2010,21,2.10
25/8/2010,22,2.11
25/8/2010,23,2.11
25/8/2010,24,2.11
26/8/2010,1,2.13
26/8/2010,2,2.14
26/8/2010,3,2.15
26/8/2010,4,2.16
26/8/2010,5,2.17
26/8/2010,6,2.18
26/8/2010,7,2.18
26/8/2010,8,2.17
26/8/2010,9,2.16
26/8/2010,10,2.16
26/8/2010,11,2.16
26/8/2010,12,2.17
26/8/2010,13,2.18
26/8/2010,14,2.19
26/8/2010,15,2.19
26/8/2010,16,2.20
26/8/2010,17,2.20
26/8/2010,18,2.21
26/8/2010,19,2.22
26/8/2010,20,2.23
26/8/2010,21,2.25
26/8/2010,22,2.26
26/8/2010,23,2.28
26/8/2010,24,2.28
27/8/2010,1,2.32
27/8/2010,2,2.34
27/8/2010,3,2.36
27/8/2010,4,2.37
27/8/2010,5,2.38
27/8/2010,6,2.39
27/8/2010,7,2.40
27/8/2010,8,2.41
27/8/2010,9,2.41
27/8/2010,10,2.41
27/8/2010,11,2.41
27/8/2010,12,2.40
27/8/2010,13,2.39
27/8/2010,14,2.38
27/8/2010,15,2.37
27/8/2010,16,2.36
27/8/2010,17,2.34
27/8/2010,18,2.32
27/8/2010,19,2.29
27/8/2010,20,2.26
27/8/2010,21,2.23
27/8/2010,22,2.20
27/8/2010,23,2.17
27/8/2010,24,2.17
28/8/2010,1,2.13
28/8/2010,2,2.11
28/8/2010,3,2.08
28/8/2010,4,2.05
28/8/2010,5,2.03
28/8/2010,6,2.00
28/8/2010,7,1.99
28/8/2010,8,1.97
28/8/2010,9,1.96
28/8/2010,10,1.95
28/8/2010,11,1.95
28/8/2010,12,1.95
28/8/2010,13,1.94
28/8/2010,14,1.94
28/8/2010,15,1.93
28/8/2010,16,1.93
28/8/2010,17,1.92
28/8/2010,18,1.92
28/8/2010,19,1.92
28/8/2010,20,1.92
28/8/2010,21,1.92
28/8/2010,22,1.92
28/8/2010,23,1.92
28/8/2010,24,1.92
29/8/2010,1,1.92
29/8/2010,2,1.92
29/8/2010,3,1.92
29/8/2010,4,1.92
29/8/2010,5,1.92
29/8/2010,6,1.93
29/8/2010,7,1.93
29/8/2010,8,1.94
29/8/2010,9,1.94
29/8/2010,10,1.95
29/8/2010,11,1.95
29/8/2010,12,1.96
29/8/2010,13,1.97
29/8/2010,14,1.99
29/8/2010,15,2.00
29/8/2010,16,2.02
29/8/2010,17,2.04
29/8/2010,18,2.06
29/8/2010,19,2.08
29/8/2010,20,2.10
29/8/2010,21,2.13
29/8/2010,22,2.16
29/8/2010,23,2.19
29/8/2010,24,2.19
30/8/2010,1,2.25
30/8/2010,2,2.28
30/8/2010,3,2.31
30/8/2010,4,2.34
30/8/2010,5,2.38
30/8/2010,6,2.41
30/8/2010,7,2.43
30/8/2010,8,2.45
30/8/2010,9,2.47
30/8/2010,10,2.48
30/8/2010,11,2.49
30/8/2010,12,2.50
30/8/2010,13,2.51
30/8/2010,14,2.51
30/8/2010,15,2.51
30/8/2010,16,2.51
30/8/2010,17,2.51
30/8/2010,18,2.51
30/8/2010,19,2.51
30/8/2010,20,2.50
30/8/2010,21,2.49
30/8/2010,22,2.47
30/8/2010,23,2.46
30/8/2010,24,2.46
31/8/2010,1,2.43
31/8/2010,2,2.41
31/8/2010,3,2.39
31/8/2010,4,2.35
31/8/2010,5,2.33
31/8/2010,6,2.31
31/8/2010,7,2.30
31/8/2010,8,2.29
31/8/2010,9,2.28
31/8/2010,10,2.27
31/8/2010,11,2.27
31/8/2010,12,2.26
31/8/2010,13,2.26
31/8/2010,14,2.26
31/8/2010,15,2.26
31/8/2010,16,2.26
31/8/2010,17,2.26
31/8/2010,18,2.27
31/8/2010,19,2.27
31/8/2010,20,2.27
31/8/2010,21,2.27
31/8/2010,22,2.28
31/8/2010,23,2.28
31/8/2010,24,2.29
1/9/2010,1,2.29
1/9/2010,2,2.31
1/9/2010,3,2.32
1/9/2010,4,2.33
1/9/2010,5,2.34
1/9/2010,6,2.35
1/9/2010,7,2.35
1/9/2010,8,2.35
1/9/2010,9,2.36
1/9/2010,10,2.36
1/9/2010,11,2.36
1/9/2010,12,2.36
1/9/2010,13,2.37
1/9/2010,14,2.37
1/9/2010,15,2.37
1/9/2010,16,2.37
1/9/2010,17,2.37
1/9/2010,18,2.37
1/9/2010,19,2.37
1/9/2010,20,2.36
1/9/2010,21,2.36
1/9/2010,22,2.36
1/9/2010,23,2.36
1/9/2010,24,2.36
2/9/2010,1,2.35
2/9/2010,2,2.35
2/9/2010,3,2.35
2/9/2010,4,2.34
2/9/2010,5,2.34
2/9/2010,6,2.34
2/9/2010,7,2.33
2/9/2010,8,2.33
2/9/2010,9,2.33
2/9/2010,10,2.32
2/9/2010,11,2.32
2/9/2010,12,2.31
2/9/2010,13,2.30
2/9/2010,14,2.30
2/9/2010,15,2.29
2/9/2010,16,2.28
2/9/2010,17,2.28
2/9/2010,18,2.27
2/9/2010,19,2.27
2/9/2010,20,2.26
2/9/2010,21,2.25
2/9/2010,22,2.25
2/9/2010,23,2.24
2/9/2010,24,2.24
3/9/2010,1,2.23
3/9/2010,2,2.23
3/9/2010,3,2.22
3/9/2010,4,2.22
3/9/2010,5,2.21
3/9/2010,6,2.21
3/9/2010,7,2.20
3/9/2010,8,2.19
3/9/2010,9,2.18
3/9/2010,10,2.17
3/9/2010,11,2.17
3/9/2010,12,2.16
3/9/2010,13,2.15
3/9/2010,14,2.14
3/9/2010,15,2.13
3/9/2010,16,2.13
3/9/2010,17,2.12
3/9/2010,18,2.11
3/9/2010,19,2.10
3/9/2010,20,2.10
3/9/2010,21,2.09
3/9/2010,22,2.08
3/9/2010,23,2.07
3/9/2010,24,2.07
4/9/2010,1,2.06
4/9/2010,2,2.06
4/9/2010,3,2.05
4/9/2010,4,2.05
4/9/2010,5,2.04
4/9/2010,6,2.03
4/9/2010,7,2.02
4/9/2010,8,2.02
4/9/2010,9,2.01
4/9/2010,10,2.00
4/9/2010,11,2.00
4/9/2010,12,1.99
4/9/2010,13,1.98
4/9/2010,14,1.97
4/9/2010,15,1.97
4/9/2010,16,1.96
4/9/2010,17,1.96
4/9/2010,18,1.95
4/9/2010,19,1.95
4/9/2010,20,1.95
4/9/2010,21,1.94
4/9/2010,22,1.94
4/9/2010,23,1.93
4/9/2010,24,1.93
5/9/2010,1,1.92
5/9/2010,2,1.92
5/9/2010,3,1.91
5/9/2010,4,1.91
5/9/2010,5,1.90
5/9/2010,6,1.90
5/9/2010,7,1.89
5/9/2010,8,1.89
5/9/2010,9,1.89
5/9/2010,10,1.88
5/9/2010,11,1.88
5/9/2010,12,1.88
5/9/2010,13,1.87
5/9/2010,14,1.87
5/9/2010,15,1.87
5/9/2010,16,1.86
5/9/2010,17,1.86
5/9/2010,18,1.86
5/9/2010,19,1.85
5/9/2010,20,1.85
5/9/2010,21,1.85
5/9/2010,22,1.84
5/9/2010,23,1.84
5/9/2010,24,1.84
6/9/2010,1,1.83
6/9/2010,2,1.82
6/9/2010,3,1.82
6/9/2010,4,1.81
6/9/2010,5,1.81
6/9/2010,6,1.80
6/9/2010,7,1.80
6/9/2010,8,1.79
6/9/2010,9,1.78
6/9/2010,10,1.78
6/9/2010,11,1.77
6/9/2010,12,1.77
6/9/2010,13,1.76
6/9/2010,14,1.76
6/9/2010,15,1.75
6/9/2010,16,1.75
6/9/2010,17,1.74
6/9/2010,18,1.74
6/9/2010,19,1.73
6/9/2010,20,1.73
6/9/2010,21,1.73
6/9/2010,22,1.72
6/9/2010,23,1.72
6/9/2010,24,1.72
7/9/2010,1,1.71
7/9/2010,2,1.70
7/9/2010,3,1.70
7/9/2010,4,1.69
7/9/2010,5,1.69
7/9/2010,6,1.68
7/9/2010,7,1.68
7/9/2010,8,1.68
7/9/2010,9,1.67
7/9/2010,10,1.67
7/9/2010,11,1.67
7/9/2010,12,1.66
7/9/2010,13,1.66
7/9/2010,14,1.66
7/9/2010,15,1.65
7/9/2010,16,1.65
7/9/2010,17,1.65
7/9/2010,18,1.64
7/9/2010,19,1.64
7/9/2010,20,1.64
7/9/2010,21,1.64
7/9/2010,22,1.64
7/9/2010,23,1.63
7/9/2010,24,1.63
8/9/2010,1,1.63
8/9/2010,2,1.62
8/9/2010,3,1.62
8/9/2010,4,1.62
8/9/2010,5,1.61
8/9/2010,6,1.61
8/9/2010,7,1.61
8/9/2010,8,1.61
8/9/2010,9,1.61
8/9/2010,10,1.61
8/9/2010,11,1.60
8/9/2010,12,1.60
8/9/2010,13,1.59
8/9/2010,14,1.59
8/9/2010,15,1.59
8/9/2010,16,1.59
8/9/2010,17,1.59
8/9/2010,18,1.59
8/9/2010,19,1.58
8/9/2010,20,1.58
8/9/2010,21,1.58
8/9/2010,22,1.58
8/9/2010,23,1.58
8/9/2010,24,1.58
9/9/2010,1,1.57
9/9/2010,2,1.57
9/9/2010,3,1.57
9/9/2010,4,1.57
9/9/2010,5,1.57
9/9/2010,6,1.58
9/9/2010,7,1.58
9/9/2010,8,1.58
9/9/2010,9,1.58
9/9/2010,10,1.59
9/9/2010,11,1.59
9/9/2010,12,1.60
9/9/2010,13,1.60
9/9/2010,14,1.61
9/9/2010,15,1.62
9/9/2010,16,1.63
9/9/2010,17,1.65
9/9/2010,18,1.66
9/9/2010,19,1.68
9/9/2010,20,1.69
9/9/2010,21,1.71
9/9/2010,22,1.73
9/9/2010,23,1.75
9/9/2010,24,1.75
10/9/2010,1,1.74
10/9/2010,2,1.76
10/9/2010,3,1.78
10/9/2010,4,1.80
10/9/2010,5,1.83
10/9/2010,6,1.86
10/9/2010,7,1.87
10/9/2010,8,1.88
10/9/2010,9,1.89
10/9/2010,10,1.90
10/9/2010,11,1.91
10/9/2010,12,1.91
10/9/2010,13,1.92
10/9/2010,14,1.92
10/9/2010,15,1.92
10/9/2010,16,1.92
10/9/2010,17,1.92
10/9/2010,18,1.92
10/9/2010,19,1.91
10/9/2010,20,1.91
10/9/2010,21,1.91
10/9/2010,22,1.91
10/9/2010,23,1.91
10/9/2010,24,1.91
11/9/2010,1,1.90
11/9/2010,2,1.90
11/9/2010,3,1.90
11/9/2010,4,1.90
11/9/2010,5,1.90
11/9/2010,6,1.90
11/9/2010,7,1.91
11/9/2010,8,1.91
11/9/2010,9,1.92
11/9/2010,10,1.92
11/9/2010,11,1.93
11/9/2010,12,1.94
11/9/2010,13,1.94
11/9/2010,14,1.95
11/9/2010,15,1.96
11/9/2010,16,1.97
11/9/2010,17,1.98
11/9/2010,18,1.99
11/9/2010,19,2.00
11/9/2010,20,2.01
11/9/2010,21,2.03
11/9/2010,22,2.04
11/9/2010,23,2.06
11/9/2010,24,2.06
12/9/2010,1,2.10
12/9/2010,2,2.12
12/9/2010,3,2.13
12/9/2010,4,2.14
12/9/2010,5,2.14
12/9/2010,6,2.14
12/9/2010,7,2.17
12/9/2010,8,2.19
12/9/2010,9,2.20
12/9/2010,10,2.23
12/9/2010,11,2.25
12/9/2010,12,2.30
12/9/2010,13,2.36
12/9/2010,14,2.40
12/9/2010,15,2.45
12/9/2010,16,2.50
12/9/2010,17,2.58
12/9/2010,18,2.63
12/9/2010,19,2.68
12/9/2010,20,2.75
12/9/2010,21,2.79
12/9/2010,22,2.83
12/9/2010,23,2.85
12/9/2010,24,2.85
13/9/2010,1,2.89
13/9/2010,2,2.90
13/9/2010,3,2.91
13/9/2010,4,2.91
13/9/2010,5,2.88
13/9/2010,6,2.85
13/9/2010,7,2.84
13/9/2010,8,2.83
13/9/2010,9,2.80
13/9/2010,10,2.78
13/9/2010,11,2.76
13/9/2010,12,2.74
13/9/2010,13,2.71
13/9/2010,14,2.69
13/9/2010,15,2.65
13/9/2010,16,2.63
13/9/2010,17,2.60
13/9/2010,18,2.59
13/9/2010,19,2.57
13/9/2010,20,2.56
13/9/2010,21,2.54
13/9/2010,22,2.50
13/9/2010,23,2.49
13/9/2010,24,2.49
14/9/2010,1,2.48
14/9/2010,2,2.47
14/9/2010,3,2.47
14/9/2010,4,2.46
14/9/2010,5,2.46
14/9/2010,6,2.45
14/9/2010,7,2.44
14/9/2010,8,2.43
14/9/2010,9,2.42
14/9/2010,10,2.42
14/9/2010,11,2.42
14/9/2010,12,2.43
14/9/2010,13,2.45
14/9/2010,14,2.48
14/9/2010,15,2.49
14/9/2010,16,2.50
14/9/2010,17,2.51
14/9/2010,18,2.52
14/9/2010,19,2.53
14/9/2010,20,2.54
14/9/2010,21,2.54
14/9/2010,22,2.54
14/9/2010,23,2.54
14/9/2010,24,2.54
15/9/2010,1,2.54
15/9/2010,2,2.54
15/9/2010,3,2.53
15/9/2010,4,2.53
15/9/2010,5,2.52
15/9/2010,6,2.52
15/9/2010,7,2.51
15/9/2010,8,2.50
15/9/2010,9,2.50
15/9/2010,10,2.50
15/9/2010,11,2.50
15/9/2010,12,2.50
15/9/2010,13,2.50
15/9/2010,14,2.50
15/9/2010,15,2.50
15/9/2010,16,2.50
15/9/2010,17,2.50
15/9/2010,18,2.49
15/9/2010,19,2.48
15/9/2010,20,2.48
15/9/2010,21,2.48
15/9/2010,22,2.47
15/9/2010,23,2.47
15/9/2010,24,2.47
16/9/2010,1,2.48
16/9/2010,2,2.49
16/9/2010,3,2.50
16/9/2010,4,2.51
16/9/2010,5,2.54
16/9/2010,6,2.57
16/9/2010,7,2.62
16/9/2010,8,2.65
16/9/2010,9,2.68
16/9/2010,10,2.75
16/9/2010,11,2.78
16/9/2010,12,2.83
16/9/2010,13,2.89
16/9/2010,14,2.91
16/9/2010,15,2.92
16/9/2010,16,2.95
16/9/2010,17,2.96
16/9/2010,18,2.97
16/9/2010,19,2.98
16/9/2010,20,2.98
16/9/2010,21,2.99
16/9/2010,22,3.00
16/9/2010,23,3.00
16/9/2010,24,3.00
17/9/2010,1,3.01
17/9/2010,2,3.01
17/9/2010,3,3.02
17/9/2010,4,3.02
17/9/2010,5,3.03
17/9/2010,6,3.03
17/9/2010,7,3.04
17/9/2010,8,3.06
17/9/2010,9,3.09
17/9/2010,10,3.16
17/9/2010,11,3.19
17/9/2010,12,3.25
17/9/2010,13,3.30
17/9/2010,14,3.35
17/9/2010,15,3.39
17/9/2010,16,3.43
17/9/2010,17,3.45
17/9/2010,18,3.49
17/9/2010,19,3.51
17/9/2010,20,3.53
17/9/2010,21,3.55
17/9/2010,22,3.56
17/9/2010,23,3.56
17/9/2010,24,3.56
18/9/2010,1,3.57
18/9/2010,2,3.55
18/9/2010,3,3.54
18/9/2010,4,3.52
18/9/2010,5,3.49
18/9/2010,6,3.45
18/9/2010,7,3.42
18/9/2010,8,3.38
18/9/2010,9,3.34
18/9/2010,10,3.30
18/9/2010,11,3.26
18/9/2010,12,3.22
18/9/2010,13,3.19
18/9/2010,14,3.15
18/9/2010,15,3.13
18/9/2010,16,3.11
18/9/2010,17,3.09
18/9/2010,18,3.09
18/9/2010,19,3.09
18/9/2010,20,3.10
18/9/2010,21,3.11
18/9/2010,22,3.12
18/9/2010,23,3.13
18/9/2010,24,3.13
19/9/2010,1,3.17
19/9/2010,2,3.19
19/9/2010,3,3.18
19/9/2010,4,3.16
19/9/2010,5,3.14
19/9/2010,6,3.12
19/9/2010,7,3.10
19/9/2010,8,3.09
19/9/2010,9,3.07
19/9/2010,10,3.05
19/9/2010,11,3.04
19/9/2010,12,3.01
19/9/2010,13,3.00
19/9/2010,14,2.96
19/9/2010,15,2.92
19/9/2010,16,2.89
19/9/2010,17,2.87
19/9/2010,18,2.85
19/9/2010,19,2.83
19/9/2010,20,2.81
19/9/2010,21,2.29
19/9/2010,22,2.76
19/9/2010,23,2.74
19/9/2010,24,2.74
20/9/2010,1,2.70
20/9/2010,2,2.78
20/9/2010,3,2.65
20/9/2010,4,2.63
20/9/2010,5,2.61
20/9/2010,6,2.59
20/9/2010,7,2.57
20/9/2010,8,2.55
20/9/2010,9,2.53
20/9/2010,10,2.52
20/9/2010,11,2.51
20/9/2010,12,2.50
20/9/2010,13,2.49
20/9/2010,14,2.48
20/9/2010,15,2.47
20/9/2010,16,2.46
20/9/2010,17,2.45
20/9/2010,18,2.45
20/9/2010,19,2.45
20/9/2010,20,2.44
20/9/2010,21,2.44
20/9/2010,22,2.44
20/9/2010,23,2.43
20/9/2010,24,2.43
21/9/2010,1,2.42
21/9/2010,2,2.42
21/9/2010,3,2.41
21/9/2010,4,2.41
21/9/2010,5,2.40
21/9/2010,6,2.40
21/9/2010,7,2.39
21/9/2010,8,2.39
21/9/2010,9,2.38
21/9/2010,10,2.38
21/9/2010,11,2.37
21/9/2010,12,2.37
21/9/2010,13,2.36
21/9/2010,14,2.36
21/9/2010,15,2.35
21/9/2010,16,2.35
21/9/2010,17,2.35
21/9/2010,18,2.34
21/9/2010,19,2.34
21/9/2010,20,2.33
21/9/2010,21,2.33
21/9/2010,22,2.32
21/9/2010,23,2.32
21/9/2010,24,2.32
22/9/2010,1,2.31
22/9/2010,2,2.31
22/9/2010,3,2.30
22/9/2010,4,2.30
22/9/2010,5,2.29
22/9/2010,6,2.29
22/9/2010,7,2.28
22/9/2010,8,2.28
22/9/2010,9,2.27
22/9/2010,10,2.27
22/9/2010,11,2.26
22/9/2010,12,2.26
22/9/2010,13,2.25
22/9/2010,14,2.25
22/9/2010,15,2.24
22/9/2010,16,2.24
22/9/2010,17,2.23
22/9/2010,18,2.23
22/9/2010,19,2.23
22/9/2010,20,2.22
22/9/2010,21,2.22
22/9/2010,22,2.21
22/9/2010,23,2.21
22/9/2010,24,2.21
23/9/2010,1,2.19
23/9/2010,2,2.19
23/9/2010,3,2.18
23/9/2010,4,2.18
23/9/2010,5,2.17
23/9/2010,6,2.17
23/9/2010,7,2.16
23/9/2010,8,2.16
23/9/2010,9,2.15
23/9/2010,10,2.15
23/9/2010,11,2.15
23/9/2010,12,2.15
23/9/2010,13,2.15
23/9/2010,14,2.15
23/9/2010,15,2.15
23/9/2010,16,2.15
23/9/2010,17,2.15
23/9/2010,18,2.15
23/9/2010,19,2.15
23/9/2010,20,2.15
23/9/2010,21,2.15
23/9/2010,22,2.16
23/9/2010,23,2.16
23/9/2010,24,2.16
24/9/2010,1,2.17
24/9/2010,2,2.17
24/9/2010,3,2.18
24/9/2010,4,2.18
24/9/2010,5,2.19
24/9/2010,6,2.20
24/9/2010,7,2.21
24/9/2010,8,2.22
24/9/2010,9,2.23
24/9/2010,10,2.24
24/9/2010,11,2.25
24/9/2010,12,2.26
24/9/2010,13,2.27
24/9/2010,14,2.27
24/9/2010,15,2.28
24/9/2010,16,2.29
24/9/2010,17,2.29
24/9/2010,18,2.30
24/9/2010,19,2.30
24/9/2010,20,2.31
24/9/2010,21,2.31
24/9/2010,22,2.32
24/9/2010,23,2.32
24/9/2010,24,2.32
25/9/2010,1,2.32
25/9/2010,2,2.31
25/9/2010,3,2.31
25/9/2010,4,2.30
25/9/2010,5,2.30
25/9/2010,6,2.30
25/9/2010,7,2.29
25/9/2010,8,2.29
25/9/2010,9,2.28
25/9/2010,10,2.27
25/9/2010,11,2.26
25/9/2010,12,2.25
25/9/2010,13,2.24
25/9/2010,14,2.24
25/9/2010,15,2.23
25/9/2010,16,2.23
25/9/2010,17,2.21
25/9/2010,18,2.20
25/9/2010,19,2.19
25/9/2010,20,2.19
25/9/2010,21,2.18
25/9/2010,22,2.17
25/9/2010,23,2.16
25/9/2010,24,2.16
26/9/2010,1,2.15
26/9/2010,2,2.15
26/9/2010,3,2.15
26/9/2010,4,2.14
26/9/2010,5,2.14
26/9/2010,6,2.14
26/9/2010,7,2.14
26/9/2010,8,2.14
26/9/2010,9,2.14
26/9/2010,10,2.14
26/9/2010,11,2.14
26/9/2010,12,2.14
26/9/2010,13,2.14
26/9/2010,14,2.14
26/9/2010,15,2.14
26/9/2010,16,2.14
26/9/2010,17,2.14
26/9/2010,18,2.14
26/9/2010,19,2.14
26/9/2010,20,2.14
26/9/2010,21,2.14
26/9/2010,22,2.14
26/9/2010,23,2.14
26/9/2010,24,2.14
27/9/2010,1,2.14
27/9/2010,2,2.14
27/9/2010,3,2.14
27/9/2010,4,2.14
27/9/2010,5,2.14
27/9/2010,6,2.14
27/9/2010,7,2.14
27/9/2010,8,2.14
27/9/2010,9,2.14
27/9/2010,10,2.14
27/9/2010,11,2.14
27/9/2010,12,2.14
27/9/2010,13,2.14
27/9/2010,14,2.14
27/9/2010,15,2.15
27/9/2010,16,2.15
27/9/2010,17,2.15
27/9/2010,18,2.16
27/9/2010,19,2.18
27/9/2010,20,2.20
27/9/2010,21,2.22
27/9/2010,22,2.24
27/9/2010,23,2.26
27/9/2010,24,2.26
28/9/2010,1,2.30
28/9/2010,2,2.33
28/9/2010,3,2.36
28/9/2010,4,2.38
28/9/2010,5,2.40
28/9/2010,6,2.43
28/9/2010,7,2.45
28/9/2010,8,2.47
28/9/2010,9,2.51
28/9/2010,10,2.54
28/9/2010,11,2.56
28/9/2010,12,2.70
28/9/2010,13,2.81
28/9/2010,14,2.90
28/9/2010,15,3.00
28/9/2010,16,3.09
28/9/2010,17,3.18
28/9/2010,18,3.28
28/9/2010,19,3.36
28/9/2010,20,3.43
28/9/2010,21,3.47
28/9/2010,22,3.48
28/9/2010,23,3.47
28/9/2010,24,3.47
29/9/2010,1,3.44
29/9/2010,2,3.43
29/9/2010,3,3.35
29/9/2010,4,3.26
29/9/2010,5,3.18
29/9/2010,6,3.04
29/9/2010,7,3.01
29/9/2010,8,2.98
29/9/2010,9,2.96
29/9/2010,10,2.94
29/9/2010,11,2.92
29/9/2010,12,2.90
29/9/2010,13,2.88
29/9/2010,14,2.86
29/9/2010,15,2.84
29/9/2010,16,2.83
29/9/2010,17,2.81
29/9/2010,18,2.80
29/9/2010,19,2.78
29/9/2010,20,2.77
29/9/2010,21,2.75
29/9/2010,22,2.74
29/9/2010,23,2.72
29/9/2010,24,2.72
30/9/2010,1,2.69
30/9/2010,2,2.68
30/9/2010,3,2.66
30/9/2010,4,2.65
30/9/2010,5,2.63
30/9/2010,6,2.62
30/9/2010,7,2.60
30/9/2010,8,2.58
30/9/2010,9,2.56
30/9/2010,10,2.54
30/9/2010,11,2.51
30/9/2010,12,2.49
30/9/2010,13,2.47
30/9/2010,14,2.45
30/9/2010,15,2.43
30/9/2010,16,2.41
30/9/2010,17,2.39
30/9/2010,18,2.37
30/9/2010,19,2.34
30/9/2010,20,2.32
30/9/2010,21,2.31
30/9/2010,22,2.29
30/9/2010,23,2.27
30/9/2010,24,2.27
1/10/2010,1,2.25
1/10/2010,2,2.23
1/10/2010,3,2.21
1/10/2010,4,2.20
1/10/2010,5,2.19
1/10/2010,6,2.17
1/10/2010,7,2.16
1/10/2010,8,2.15
1/10/2010,9,2.14
1/10/2010,10,2.13
1/10/2010,11,2.12
1/10/2010,12,2.12
1/10/2010,13,2.11
1/10/2010,14,2.11
1/10/2010,15,2.10
1/10/2010,16,2.10
1/10/2010,17,2.09
1/10/2010,18,2.09
1/10/2010,19,2.08
1/10/2010,20,2.08
1/10/2010,21,2.07
1/10/2010,22,2.06
1/10/2010,23,2.06
1/10/2010,24,2.06
2/10/2010,1,2.05
2/10/2010,2,2.04
2/10/2010,3,2.04
2/10/2010,4,2.03
2/10/2010,5,2.02
2/10/2010,6,2.01
2/10/2010,7,2.01
2/10/2010,8,2.01
2/10/2010,9,2.00
2/10/2010,10,2.00
2/10/2010,11,1.99
2/10/2010,12,1.99
2/10/2010,13,1.98
2/10/2010,14,1.98
2/10/2010,15,1.97
2/10/2010,16,1.97
2/10/2010,17,1.97
2/10/2010,18,1.96
2/10/2010,19,1.95
2/10/2010,20,1.95
2/10/2010,21,1.94
2/10/2010,22,1.94
2/10/2010,23,1.93
2/10/2010,24,1.93
3/10/2010,1,1.92
3/10/2010,2,1.92
3/10/2010,3,1.91
3/10/2010,4,1.91
3/10/2010,5,1.91
3/10/2010,6,1.90
3/10/2010,7,1.90
3/10/2010,8,1.90
3/10/2010,9,1.91
3/10/2010,10,1.91
3/10/2010,11,1.91
3/10/2010,12,1.90
3/10/2010,13,1.90
3/10/2010,14,1.90
3/10/2010,15,1.90
3/10/2010,16,1.90
3/10/2010,17,1.90
3/10/2010,18,1.89
3/10/2010,19,1.89
3/10/2010,20,1.88
3/10/2010,21,1.88
3/10/2010,22,1.87
3/10/2010,23,1.87
3/10/2010,24,1.87
4/10/2010,1,1.86
4/10/2010,2,1.85
4/10/2010,3,1.85
4/10/2010,4,1.84
4/10/2010,5,1.84
4/10/2010,6,1.83
4/10/2010,7,1.83
4/10/2010,8,1.82
4/10/2010,9,1.82
4/10/2010,10,1.82
4/10/2010,11,1.81
4/10/2010,12,1.81
4/10/2010,13,1.81
4/10/2010,14,1.80
4/10/2010,15,1.80
4/10/2010,16,1.80
4/10/2010,17,1.80
4/10/2010,18,1.79
4/10/2010,19,1.79
4/10/2010,20,1.79
4/10/2010,21,1.79
4/10/2010,22,1.79
4/10/2010,23,1.78
4/10/2010,24,1.78
5/10/2010,1,1.77
5/10/2010,2,1.77
5/10/2010,3,1.77
5/10/2010,4,1.77
5/10/2010,5,1.77
5/10/2010,6,1.77
5/10/2010,7,1.77
5/10/2010,8,1.77
5/10/2010,9,1.77
5/10/2010,10,1.77
5/10/2010,11,1.77
5/10/2010,12,1.77
5/10/2010,13,1.77
5/10/2010,14,1.77
5/10/2010,15,1.77
5/10/2010,16,1.77
5/10/2010,17,1.77
5/10/2010,18,1.77
5/10/2010,19,1.77
5/10/2010,20,1.77
5/10/2010,21,1.77
5/10/2010,22,1.77
5/10/2010,23,1.77
5/10/2010,24,1.77
6/10/2010,1,1.77
6/10/2010,2,1.77
6/10/2010,3,1.77
6/10/2010,4,1.77
6/10/2010,5,1.77
6/10/2010,6,1.77
6/10/2010,7,1.77
6/10/2010,8,1.77
6/10/2010,9,1.76
6/10/2010,10,1.76
6/10/2010,11,1.76
6/10/2010,12,1.75
6/10/2010,13,1.75
6/10/2010,14,1.75
6/10/2010,15,1.74
6/10/2010,16,1.74
6/10/2010,17,1.73
6/10/2010,18,1.73
6/10/2010,19,1.73
6/10/2010,20,1.73
6/10/2010,21,1.73
6/10/2010,22,1.72
6/10/2010,23,1.72
6/10/2010,24,1.72
7/10/2010,1,1.71
7/10/2010,2,1.70
7/10/2010,3,1.70
7/10/2010,4,1.70
7/10/2010,5,1.69
7/10/2010,6,1.69
7/10/2010,7,1.69
7/10/2010,8,1.68
7/10/2010,9,1.68
7/10/2010,10,1.68
7/10/2010,11,1.67
7/10/2010,12,1.67
7/10/2010,13,1.67
7/10/2010,14,1.67
7/10/2010,15,1.67
7/10/2010,16,1.67
7/10/2010,17,1.67
7/10/2010,18,1.67
7/10/2010,19,1.68
7/10/2010,20,1.68
7/10/2010,21,1.68
7/10/2010,22,1.68
7/10/2010,23,1.68
7/10/2010,24,1.68
8/10/2010,1,1.69
8/10/2010,2,1.69
8/10/2010,3,1.69
8/10/2010,4,1.69
8/10/2010,5,1.69
8/10/2010,6,1.69
8/10/2010,7,1.69
8/10/2010,8,1.70
8/10/2010,9,1.70
8/10/2010,10,1.71
8/10/2010,11,1.72
8/10/2010,12,1.73
8/10/2010,13,1.74
8/10/2010,14,1.75
8/10/2010,15,1.76
8/10/2010,16,1.77
8/10/2010,17,1.78
8/10/2010,18,1.79
8/10/2010,19,1.81
8/10/2010,20,1.82
8/10/2010,21,1.83
8/10/2010,22,1.84
8/10/2010,23,1.85
8/10/2010,24,1.85
9/10/2010,1,1.88
9/10/2010,2,1.88
9/10/2010,3,1.89
9/10/2010,4,1.89
9/10/2010,5,1.90
9/10/2010,6,1.90
9/10/2010,7,1.89
9/10/2010,8,1.89
9/10/2010,9,1.89
9/10/2010,10,1.88
9/10/2010,11,1.88
9/10/2010,12,1.88
9/10/2010,13,1.87
9/10/2010,14,1.86
9/10/2010,15,1.86
9/10/2010,16,1.85
9/10/2010,17,1.85
9/10/2010,18,1.84
9/10/2010,19,1.83
9/10/2010,20,1.83
9/10/2010,21,1.82
9/10/2010,22,1.82
9/10/2010,23,1.81
9/10/2010,24,1.81
10/10/2010,1,1.81
10/10/2010,2,1.80
10/10/2010,3,1.80
10/10/2010,4,1.80
10/10/2010,5,1.80
10/10/2010,6,1.80
10/10/2010,7,1.80
10/10/2010,8,1.79
10/10/2010,9,1.79
10/10/2010,10,1.79
10/10/2010,11,1.79
10/10/2010,12,1.78
10/10/2010,13,1.78
10/10/2010,14,1.78
10/10/2010,15,1.78
10/10/2010,16,1.77
10/10/2010,17,1.77
10/10/2010,18,1.77
10/10/2010,19,1.77
10/10/2010,20,1.76
10/10/2010,21,1.76
10/10/2010,22,1.76
10/10/2010,23,1.76
10/10/2010,24,1.76
11/10/2010,1,1.75
11/10/2010,2,1.75
11/10/2010,3,1.75
11/10/2010,4,1.75
11/10/2010,5,1.75
11/10/2010,6,1.74
11/10/2010,7,1.74
11/10/2010,8,1.74
11/10/2010,9,1.74
11/10/2010,10,1.74
11/10/2010,11,1.73
11/10/2010,12,1.73
11/10/2010,13,1.73
11/10/2010,14,1.73
11/10/2010,15,1.72
11/10/2010,16,1.72
11/10/2010,17,1.72
11/10/2010,18,1.72
11/10/2010,19,1.72
11/10/2010,20,1.72
11/10/2010,21,1.71
11/10/2010,22,1.71
11/10/2010,23,1.71
11/10/2010,24,1.71
12/10/2010,1,1.71
12/10/2010,2,1.71
12/10/2010,3,1.70
12/10/2010,4,1.70
12/10/2010,5,1.70
12/10/2010,6,1.70
12/10/2010,7,1.70
12/10/2010,8,1.70
12/10/2010,9,1.70
12/10/2010,10,1.70
12/10/2010,11,1.70
12/10/2010,12,1.70
12/10/2010,13,1.70
12/10/2010,14,1.70
12/10/2010,15,1.70
12/10/2010,16,1.70
12/10/2010,17,1.70
12/10/2010,18,1.70
12/10/2010,19,1.70
12/10/2010,20,1.70
12/10/2010,21,1.70
12/10/2010,22,1.70
12/10/2010,23,1.70
12/10/2010,24,1.70
13/10/2010,1,1.70
13/10/2010,2,1.70
13/10/2010,3,1.70
13/10/2010,4,1.70
13/10/2010,5,1.70
13/10/2010,6,1.70
13/10/2010,7,1.70
13/10/2010,8,1.70
13/10/2010,9,1.70
13/10/2010,10,1.70
13/10/2010,11,1.70
13/10/2010,12,1.70
13/10/2010,13,1.70
13/10/2010,14,1.70
13/10/2010,15,1.70
13/10/2010,16,1.70
13/10/2010,17,1.70
13/10/2010,18,1.70
13/10/2010,19,1.70
13/10/2010,20,1.70
13/10/2010,21,1.70
13/10/2010,22,1.70
13/10/2010,23,1.70
13/10/2010,24,1.70
14/10/2010,1,1.70
14/10/2010,2,1.70
14/10/2010,3,1.70
14/10/2010,4,1.70
14/10/2010,5,1.70
14/10/2010,6,1.70
14/10/2010,7,1.71
14/10/2010,8,1.72
14/10/2010,9,1.73
14/10/2010,10,1.73
14/10/2010,11,1.74
14/10/2010,12,1.75
14/10/2010,13,1.75
14/10/2010,14,1.75
14/10/2010,15,1.75
14/10/2010,16,1.75
14/10/2010,17,1.75
14/10/2010,18,1.75
14/10/2010,19,1.75
14/10/2010,20,1.75
14/10/2010,21,1.76
14/10/2010,22,1.76
14/10/2010,23,1.76
14/10/2010,24,1.76
15/10/2010,1,1.77
15/10/2010,2,1.77
15/10/2010,3,1.77
15/10/2010,4,1.78
15/10/2010,5,1.79
15/10/2010,6,1.80
15/10/2010,7,1.80
15/10/2010,8,1.80
15/10/2010,9,1.81
15/10/2010,10,1.81
15/10/2010,11,1.81
15/10/2010,12,1.81
15/10/2010,13,1.81
15/10/2010,14,1.80
15/10/2010,15,1.79
15/10/2010,16,1.78
15/10/2010,17,1.77
15/10/2010,18,1.77
15/10/2010,19,1.77
15/10/2010,20,1.77
15/10/2010,21,1.77
15/10/2010,22,1.76
15/10/2010,23,1.76
15/10/2010,24,1.76
16/10/2010,1,1.76
16/10/2010,2,1.75
16/10/2010,3,1.75
16/10/2010,4,1.75
16/10/2010,5,1.75
16/10/2010,6,1.75
16/10/2010,7,1.76
16/10/2010,8,1.76
16/10/2010,9,1.76
16/10/2010,10,1.77
16/10/2010,11,1.78
16/10/2010,12,1.79
16/10/2010,13,1.80
16/10/2010,14,1.81
16/10/2010,15,1.82
16/10/2010,16,1.83
16/10/2010,17,1.83
16/10/2010,18,1.84
16/10/2010,19,1.84
16/10/2010,20,1.85
16/10/2010,21,1.85
16/10/2010,22,1.86
16/10/2010,23,1.86
16/10/2010,24,1.86
17/10/2010,1,1.86
17/10/2010,2,1.86
17/10/2010,3,1.86
17/10/2010,4,1.86
17/10/2010,5,1.86
17/10/2010,6,1.85
17/10/2010,7,1.85
17/10/2010,8,1.85
17/10/2010,9,1.84
17/10/2010,10,1.83
17/10/2010,11,1.82
17/10/2010,12,1.82
17/10/2010,13,1.81
17/10/2010,14,1.81
17/10/2010,15,1.80
17/10/2010,16,1.80
17/10/2010,17,1.79
17/10/2010,18,1.79
17/10/2010,19,1.78
17/10/2010,20,1.77
17/10/2010,21,1.77
17/10/2010,22,1.76
17/10/2010,23,1.75
17/10/2010,24,1.75
18/10/2010,1,1.74
18/10/2010,2,1.74
18/10/2010,3,1.73
18/10/2010,4,1.72
18/10/2010,5,1.71
18/10/2010,6,1.71
18/10/2010,7,1.70
18/10/2010,8,1.70
18/10/2010,9,1.70
18/10/2010,10,1.69
18/10/2010,11,1.69
18/10/2010,12,1.69
18/10/2010,13,1.69
18/10/2010,14,1.68
18/10/2010,15,1.68
18/10/2010,16,1.68
18/10/2010,17,1.68
18/10/2010,18,1.68
18/10/2010,19,1.67
18/10/2010,20,1.67
18/10/2010,21,1.67
18/10/2010,22,1.67
18/10/2010,23,1.67
18/10/2010,24,1.67
19/10/2010,1,1.66
19/10/2010,2,1.66
19/10/2010,3,1.66
19/10/2010,4,1.66
19/10/2010,5,1.66
19/10/2010,6,1.65
19/10/2010,7,1.65
19/10/2010,8,1.65
19/10/2010,9,1.66
19/10/2010,10,1.66
19/10/2010,11,1.66
19/10/2010,12,1.66
19/10/2010,13,1.66
19/10/2010,14,1.66
19/10/2010,15,1.66
19/10/2010,16,1.67
19/10/2010,17,1.68
19/10/2010,18,1.69
19/10/2010,19,1.70
19/10/2010,20,1.71
19/10/2010,21,1.73
19/10/2010,22,1.74
19/10/2010,23,1.76
19/10/2010,24,1.76
20/10/2010,1,1.81
20/10/2010,2,1.83
20/10/2010,3,1.85
20/10/2010,4,1.88
20/10/2010,5,1.90
20/10/2010,6,1.91
20/10/2010,7,1.94
20/10/2010,8,1.97
20/10/2010,9,1.99
20/10/2010,10,2.00
20/10/2010,11,2.01
20/10/2010,12,2.02
20/10/2010,13,2.03
20/10/2010,14,2.05
20/10/2010,15,2.08
20/10/2010,16,2.10
20/10/2010,17,2.13
20/10/2010,18,2.15
20/10/2010,19,2.18
20/10/2010,20,2.20
20/10/2010,21,2.24
20/10/2010,22,2.27
20/10/2010,23,2.30
20/10/2010,24,2.30
21/10/2010,1,2.36
21/10/2010,2,2.38
21/10/2010,3,2.40
21/10/2010,4,2.41
21/10/2010,5,2.42
21/10/2010,6,2.42
21/10/2010,7,2.41
21/10/2010,8,2.41
21/10/2010,9,2.40
21/10/2010,10,2.40
21/10/2010,11,2.39
21/10/2010,12,2.39
21/10/2010,13,2.39
21/10/2010,14,2.39
21/10/2010,15,2.39
21/10/2010,16,2.39
21/10/2010,17,2.39
21/10/2010,18,2.40
21/10/2010,19,2.41
21/10/2010,20,2.41
21/10/2010,21,2.42
21/10/2010,22,2.43
21/10/2010,23,2.44
21/10/2010,24,2.44
22/10/2010,1,2.45
22/10/2010,2,2.45
22/10/2010,3,2.46
22/10/2010,4,2.46
22/10/2010,5,2.45
22/10/2010,6,2.45
22/10/2010,7,2.43
22/10/2010,8,2.41
22/10/2010,9,2.40
22/10/2010,10,2.39
22/10/2010,11,2.37
22/10/2010,12,2.36
22/10/2010,13,2.34
22/10/2010,14,2.33
22/10/2010,15,2.32
22/10/2010,16,2.30
22/10/2010,17,2.29
22/10/2010,18,2.28
22/10/2010,19,2.27
22/10/2010,20,2.27
22/10/2010,21,2.26
22/10/2010,22,2.25
22/10/2010,23,2.24
22/10/2010,24,2.24
23/10/2010,1,2.33
23/10/2010,2,2.22
23/10/2010,3,2.22
23/10/2010,4,2.22
23/10/2010,5,2.21
23/10/2010,6,2.21
23/10/2010,7,2.20
23/10/2010,8,2.19
23/10/2010,9,2.18
23/10/2010,10,2.18
23/10/2010,11,2.17
23/10/2010,12,2.16
23/10/2010,13,2.15
23/10/2010,14,2.14
23/10/2010,15,2.13
23/10/2010,16,2.13
23/10/2010,17,2.12
23/10/2010,18,2.12
23/10/2010,19,2.11
23/10/2010,20,2.10
23/10/2010,21,2.09
23/10/2010,22,2.08
23/10/2010,23,2.08
23/10/2010,24,2.08
24/10/2010,1,2.06
24/10/2010,2,2.06
24/10/2010,3,2.05
24/10/2010,4,2.04
24/10/2010,5,2.04
24/10/2010,6,2.04
24/10/2010,7,2.03
24/10/2010,8,2.03
24/10/2010,9,2.02
24/10/2010,10,2.02
24/10/2010,11,2.02
24/10/2010,12,2.01
24/10/2010,13,2.01
24/10/2010,14,2.01
24/10/2010,15,2.00
24/10/2010,16,2.00
24/10/2010,17,1.99
24/10/2010,18,1.98
24/10/2010,19,1.98
24/10/2010,20,1.97
24/10/2010,21,1.96
24/10/2010,22,1.96
24/10/2010,23,1.95
24/10/2010,24,1.95
25/10/2010,1,1.94
25/10/2010,2,1.93
25/10/2010,3,1.92
25/10/2010,4,1.92
25/10/2010,5,1.91
25/10/2010,6,1.90
25/10/2010,7,1.90
25/10/2010,8,1.90
25/10/2010,9,1.90
25/10/2010,10,1.90
25/10/2010,11,1.90
25/10/2010,12,1.90
25/10/2010,13,1.90
25/10/2010,14,1.89
25/10/2010,15,1.89
25/10/2010,16,1.88
25/10/2010,17,1.87
25/10/2010,18,1.86
25/10/2010,19,1.85
25/10/2010,20,1.84
25/10/2010,21,1.83
25/10/2010,22,1.82
25/10/2010,23,1.81
25/10/2010,24,1.81
26/10/2010,1,1.81
26/10/2010,2,1.81
26/10/2010,3,1.80
26/10/2010,4,1.80
26/10/2010,5,1.80
26/10/2010,6,1.80
26/10/2010,7,1.80
26/10/2010,8,1.80
26/10/2010,9,1.80
26/10/2010,10,1.80
26/10/2010,11,1.80
26/10/2010,12,1.80
26/10/2010,13,1.79
26/10/2010,14,1.79
26/10/2010,15,1.79
26/10/2010,16,1.79
26/10/2010,17,1.79
26/10/2010,18,1.79
26/10/2010,19,1.80
26/10/2010,20,1.80
26/10/2010,21,1.80
26/10/2010,22,1.80
26/10/2010,23,1.81
26/10/2010,24,1.81
27/10/2010,1,1.82
27/10/2010,2,1.82
27/10/2010,3,1.83
27/10/2010,4,1.83
27/10/2010,5,1.84
27/10/2010,6,1.84
27/10/2010,7,1.85
27/10/2010,8,1.85
27/10/2010,9,1.86
27/10/2010,10,1.86
27/10/2010,11,1.87
27/10/2010,12,1.88
27/10/2010,13,1.89
27/10/2010,14,1.90
27/10/2010,15,1.91
27/10/2010,16,1.91
27/10/2010,17,1.91
27/10/2010,18,1.91
27/10/2010,19,1.91
27/10/2010,20,1.91
27/10/2010,21,1.91
27/10/2010,22,1.91
27/10/2010,23,1.91
27/10/2010,24,1.91
28/10/2010,1,1.91
28/10/2010,2,1.91
28/10/2010,3,1.91
28/10/2010,4,1.91
28/10/2010,5,1.91
28/10/2010,6,1.91
28/10/2010,7,1.91
28/10/2010,8,1.91
28/10/2010,9,1.91
28/10/2010,10,1.90
28/10/2010,11,1.90
28/10/2010,12,1.90
28/10/2010,13,1.90
28/10/2010,14,1.90
28/10/2010,15,1.90
28/10/2010,16,1.89
28/10/2010,17,1.89
28/10/2010,18,1.88
28/10/2010,19,1.88
28/10/2010,20,1.87
28/10/2010,21,1.87
28/10/2010,22,1.86
28/10/2010,23,1.86
28/10/2010,24,1.86
29/10/2010,1,1.85
29/10/2010,2,1.84
29/10/2010,3,1.84
29/10/2010,4,1.83
29/10/2010,5,1.83
29/10/2010,6,1.82
29/10/2010,7,1.82
29/10/2010,8,1.82
29/10/2010,9,1.82
29/10/2010,10,1.83
29/10/2010,11,1.84
29/10/2010,12,1.85
29/10/2010,13,1.86
29/10/2010,14,1.88
29/10/2010,15,1.91
29/10/2010,16,1.93
29/10/2010,17,1.95
29/10/2010,18,1.96
29/10/2010,19,1.96
29/10/2010,20,1.97
29/10/2010,21,1.97
29/10/2010,22,1.98
29/10/2010,23,1.98
29/10/2010,24,1.98
30/10/2010,1,1.98
30/10/2010,2,1.99
30/10/2010,3,1.99
30/10/2010,4,2.00
30/10/2010,5,2.00
30/10/2010,6,2.01
30/10/2010,7,2.01
30/10/2010,8,2.02
30/10/2010,9,2.02
30/10/2010,10,2.03
30/10/2010,11,2.04
30/10/2010,12,2.05
30/10/2010,13,2.06
30/10/2010,14,2.07
30/10/2010,15,2.08
30/10/2010,16,2.09
30/10/2010,17,2.09
30/10/2010,18,2.10
30/10/2010,19,2.10
30/10/2010,20,2.11
30/10/2010,21,2.11
30/10/2010,22,2.11
30/10/2010,23,2.11
30/10/2010,24,2.11
31/10/2010,1,2.12
31/10/2010,2,2.12
31/10/2010,3,2.12
31/10/2010,4,2.13
31/10/2010,5,2.13
31/10/2010,6,2.14
31/10/2010,7,2.14
31/10/2010,8,2.14
31/10/2010,9,2.13
31/10/2010,10,2.11
31/10/2010,11,2.10
31/10/2010,12,2.09
31/10/2010,13,2.08
31/10/2010,14,2.07
31/10/2010,15,2.06
31/10/2010,16,2.05
31/10/2010,17,2.03
31/10/2010,18,2.01
31/10/2010,19,2.00
31/10/2010,20,1.99
31/10/2010,21,1.98
31/10/2010,22,1.97
31/10/2010,23,1.95
31/10/2010,24,1.94
1/11/2010,1,1.93
1/11/2010,2,1.92
1/11/2010,3,1.91
1/11/2010,4,1.90
1/11/2010,5,1.89
1/11/2010,6,1.87
1/11/2010,7,1.87
1/11/2010,8,1.87
1/11/2010,9,1.86
1/11/2010,10,1.86
1/11/2010,11,1.86
1/11/2010,12,1.85
1/11/2010,13,1.85
1/11/2010,14,1.84
1/11/2010,15,1.84
1/11/2010,16,1.83
1/11/2010,17,1.83
1/11/2010,18,1.83
1/11/2010,19,1.83
1/11/2010,20,1.83
1/11/2010,21,1.82
1/11/2010,22,1.82
1/11/2010,23,1.82
1/11/2010,24,1.82
2/11/2010,1,1.81
2/11/2010,2,1.81
2/11/2010,3,1.81
2/11/2010,4,1.81
2/11/2010,5,1.81
2/11/2010,6,1.81
2/11/2010,7,1.81
2/11/2010,8,1.81
2/11/2010,9,1.81
2/11/2010,10,1.81
2/11/2010,11,1.80
2/11/2010,12,1.79
2/11/2010,13,1.79
2/11/2010,14,1.78
2/11/2010,15,1.78
2/11/2010,16,1.78
2/11/2010,17,1.77
2/11/2010,18,1.77
2/11/2010,19,1.77
2/11/2010,20,1.77
2/11/2010,21,1.76
2/11/2010,22,1.76
2/11/2010,23,1.76
2/11/2010,24,1.76
3/11/2010,1,1.75
3/11/2010,2,1.75
3/11/2010,3,1.75
3/11/2010,4,1.75
3/11/2010,5,1.75
3/11/2010,6,1.75
3/11/2010,7,1.75
3/11/2010,8,1.75
3/11/2010,9,1.75
3/11/2010,10,1.75
3/11/2010,11,1.75
3/11/2010,12,1.75
3/11/2010,13,1.75
3/11/2010,14,1.75
3/11/2010,15,1.75
3/11/2010,16,1.75
3/11/2010,17,1.75
3/11/2010,18,1.74
3/11/2010,19,1.74
3/11/2010,20,1.73
3/11/2010,21,1.73
3/11/2010,22,1.72
3/11/2010,23,1.72
3/11/2010,24,1.72
4/11/2010,1,1.70
4/11/2010,2,1.69
4/11/2010,3,1.69
4/11/2010,4,1.68
4/11/2010,5,1.67
4/11/2010,6,1.66
4/11/2010,7,1.66
4/11/2010,8,1.66
4/11/2010,9,1.66
4/11/2010,10,1.66
4/11/2010,11,1.66
4/11/2010,12,1.66
4/11/2010,13,1.66
4/11/2010,14,1.66
4/11/2010,15,1.66
4/11/2010,16,1.66
4/11/2010,17,1.66
4/11/2010,18,1.66
4/11/2010,19,1.65
4/11/2010,20,1.65
4/11/2010,21,1.65
4/11/2010,22,1.65
4/11/2010,23,1.65
4/11/2010,24,1.65
5/11/2010,1,1.64
5/11/2010,2,1.64
5/11/2010,3,1.64
5/11/2010,4,1.64
5/11/2010,5,1.64
5/11/2010,6,1.64
5/11/2010,7,1.64
5/11/2010,8,1.64
5/11/2010,9,1.64
5/11/2010,10,1.64
5/11/2010,11,1.64
5/11/2010,12,1.64
5/11/2010,13,1.64
5/11/2010,14,1.64
5/11/2010,15,1.64
5/11/2010,16,1.63
5/11/2010,17,1.63
5/11/2010,18,1.63
5/11/2010,19,1.64
5/11/2010,20,1.64
5/11/2010,21,1.64
5/11/2010,22,1.64
5/11/2010,23,1.64
5/11/2010,24,1.64
6/11/2010,1,1.65
6/11/2010,2,1.65
6/11/2010,3,1.65
6/11/2010,4,1.65
6/11/2010,5,1.65
6/11/2010,6,1.65
6/11/2010,7,1.65
6/11/2010,8,1.65
6/11/2010,9,1.65
6/11/2010,10,1.65
6/11/2010,11,1.65
6/11/2010,12,1.65
6/11/2010,13,1.65
6/11/2010,14,1.65
6/11/2010,15,1.65
6/11/2010,16,1.65
6/11/2010,17,1.65
6/11/2010,18,1.65
6/11/2010,19,1.64
6/11/2010,20,1.64
6/11/2010,21,1.64
6/11/2010,22,1.64
6/11/2010,23,1.64
6/11/2010,24,1.64
7/11/2010,1,1.64
7/11/2010,2,1.64
7/11/2010,3,1.64
7/11/2010,4,1.64
7/11/2010,5,1.64
7/11/2010,6,1.64
7/11/2010,7,1.64
7/11/2010,8,1.64
7/11/2010,9,1.63
7/11/2010,10,1.63
7/11/2010,11,1.63
7/11/2010,12,1.63
7/11/2010,13,1.63
7/11/2010,14,1.63
7/11/2010,15,1.63
7/11/2010,16,1.63
7/11/2010,17,1.63
7/11/2010,18,1.63
7/11/2010,19,1.63
7/11/2010,20,1.63
7/11/2010,21,1.63
7/11/2010,22,1.63
7/11/2010,23,1.63
7/11/2010,24,1.63
8/11/2010,1,1.63
8/11/2010,2,1.63
8/11/2010,3,1.63
8/11/2010,4,1.63
8/11/2010,5,1.63
8/11/2010,6,1.63
8/11/2010,7,1.63
8/11/2010,8,1.63
8/11/2010,9,1.63
8/11/2010,10,1.63
8/11/2010,11,1.63
8/11/2010,12,1.63
8/11/2010,13,1.63
8/11/2010,14,1.63
8/11/2010,15,1.63
8/11/2010,16,1.63
8/11/2010,17,1.63
8/11/2010,18,1.63
8/11/2010,19,1.62
8/11/2010,20,1.62
8/11/2010,21,1.62
8/11/2010,22,1.62
8/11/2010,23,1.62
8/11/2010,24,1.62
9/11/2010,1,1.61
9/11/2010,2,1.61
9/11/2010,3,1.61
9/11/2010,4,1.61
9/11/2010,5,1.61
9/11/2010,6,1.61
9/11/2010,7,1.61
9/11/2010,8,1.61
9/11/2010,9,1.62
9/11/2010,10,1.62
9/11/2010,11,1.62
9/11/2010,12,1.62
9/11/2010,13,1.62
9/11/2010,14,1.62
9/11/2010,15,1.62
9/11/2010,16,1.62
9/11/2010,17,1.62
9/11/2010,18,1.62
9/11/2010,19,1.62
9/11/2010,20,1.62
9/11/2010,21,1.62
9/11/2010,22,1.62
9/11/2010,23,1.62
9/11/2010,24,1.62
10/11/2010,1,1.63
10/11/2010,2,1.63
10/11/2010,3,1.63
10/11/2010,4,1.63
10/11/2010,5,1.63
10/11/2010,6,1.63
10/11/2010,7,1.63
10/11/2010,8,1.63
10/11/2010,9,1.63
10/11/2010,10,1.63
10/11/2010,11,1.63
10/11/2010,12,1.63
10/11/2010,13,1.62
10/11/2010,14,1.62
10/11/2010,15,1.62
10/11/2010,16,1.62
10/11/2010,17,1.62
10/11/2010,18,1.61
10/11/2010,19,1.61
10/11/2010,20,1.61
10/11/2010,21,1.61
10/11/2010,22,1.61
10/11/2010,23,1.61
10/11/2010,24,1.61
11/11/2010,1,1.60
11/11/2010,2,1.60
11/11/2010,3,1.60
11/11/2010,4,1.60
11/11/2010,5,1.60
11/11/2010,6,1.59
11/11/2010,7,1.59
11/11/2010,8,1.59
11/11/2010,9,1.59
11/11/2010,10,1.59
11/11/2010,11,1.59
11/11/2010,12,1.59
11/11/2010,13,1.59
11/11/2010,14,1.59
11/11/2010,15,1.59
11/11/2010,16,1.59
11/11/2010,17,1.59
11/11/2010,18,1.58
11/11/2010,19,1.58
11/11/2010,20,1.58
11/11/2010,21,1.58
11/11/2010,22,1.58
11/11/2010,23,1.58
11/11/2010,24,1.58
12/11/2010,1,1.58
12/11/2010,2,1.58
12/11/2010,3,1.58
12/11/2010,4,1.58
12/11/2010,5,1.58
12/11/2010,6,1.58
12/11/2010,7,1.58
12/11/2010,8,1.58
12/11/2010,9,1.58
12/11/2010,10,1.58
12/11/2010,11,1.58
12/11/2010,12,1.58
12/11/2010,13,1.58
12/11/2010,14,1.58
12/11/2010,15,1.58
12/11/2010,16,1.58
12/11/2010,17,1.58
12/11/2010,18,1.57
12/11/2010,19,1.57
12/11/2010,20,1.57
12/11/2010,21,1.57
12/11/2010,22,1.57
12/11/2010,23,1.57
12/11/2010,24,1.57
13/11/2010,1,1.56
13/11/2010,2,1.56
13/11/2010,3,1.56
13/11/2010,4,1.56
13/11/2010,5,1.56
13/11/2010,6,1.55
13/11/2010,7,1.55
13/11/2010,8,1.55
13/11/2010,9,1.55
13/11/2010,10,1.55
13/11/2010,11,1.55
13/11/2010,12,1.55
13/11/2010,13,1.55
13/11/2010,14,1.55
13/11/2010,15,1.55
13/11/2010,16,1.55
13/11/2010,17,1.55
13/11/2010,18,1.55
13/11/2010,19,1.55
13/11/2010,20,1.55
13/11/2010,21,1.55
13/11/2010,22,1.55
13/11/2010,23,1.55
13/11/2010,24,1.55
17/7/2011,,2.06
17/7/2011,2,2.07
17/7/2011,3,2.07
17/7/2011,4,2.07
17/7/2011,5,2.08
17/7/2011,6,2.08
17/7/2011,7,2.09
17/7/2011,8,2.09
17/7/2011,9,2.10
17/7/2011,10,2.11
17/7/2011,11,2.11
17/7/2011,12,2.11
17/7/2011,13,2.12
17/7/2011,14,2.12
17/7/2011,15,2.12
17/7/2011,16,2.12
17/7/2011,17,2.12
17/7/2011,18,2.11
17/7/2011,19,2.11
17/7/2011,20,2.11
17/7/2011,21,2.10
17/7/2011,22,2.10
17/7/2011,23,2.09
17/7/2011,24,2.09
18/7/2011,1,2.09
18/7/2011,2,2.08
18/7/2011,3,2.08
18/7/2011,4,2.07
18/7/2011,5,2.06
18/7/2011,6,2.05
18/7/2011,7,2.05
18/7/2011,8,2.04
18/7/2011,9,2.04
18/7/2011,10,2.03
18/7/2011,11,2.03
18/7/2011,12,2.02
18/7/2011,13,2.01
18/7/2011,14,2.01
18/7/2011,15,2.00
18/7/2011,16,2.00
18/7/2011,17,1.99
18/7/2011,18,1.98
18/7/2011,19,1.97
18/7/2011,20,1.97
18/7/2011,21,1.96
18/7/2011,22,1.96
18/7/2011,23,1.95
18/7/2011,24,1.94
19/7/2011,1,1.93
19/7/2011,2,1.93
19/7/2011,3,1.92
19/7/2011,4,1.92
19/7/2011,5,1.91
19/7/2011,6,1.91
19/7/2011,7,1.91
19/7/2011,8,1.90
19/7/2011,9,1.90
19/7/2011,10,1.90
19/7/2011,11,1.89
19/7/2011,12,1.89
19/7/2011,13,1.89
19/7/2011,14,1.88
19/7/2011,15,1.88
19/7/2011,16,1.88
19/7/2011,17,1.88
19/7/2011,18,1.88
19/7/2011,19,1.88
19/7/2011,20,1.87
19/7/2011,21,1.87
19/7/2011,22,1.87
19/7/2011,23,1.87
19/7/2011,24,1.87
20/7/2011,1,1.87
20/7/2011,2,1.87
20/7/2011,3,1.87
20/7/2011,4,1.87
20/7/2011,5,1.87
20/7/2011,6,1.86
20/7/2011,7,1.86
20/7/2011,8,1.86
20/7/2011,9,1.86
20/7/2011,10,1.86
20/7/2011,11,1.86
20/7/2011,12,1.86
20/7/2011,13,1.86
20/7/2011,14,1.86
20/7/2011,15,1.86
20/7/2011,16,1.86
20/7/2011,17,1.86
20/7/2011,18,1.85
20/7/2011,19,1.85
20/7/2011,20,1.85
20/7/2011,21,1.85
20/7/2011,22,1.85
20/7/2011,23,1.85
20/7/2011,24,1.85
21/7/2011,1,1.84
21/7/2011,2,1.84
21/7/2011,3,1.84
21/7/2011,4,1.84
21/7/2011,5,1.84
21/7/2011,6,1.84
21/7/2011,7,1.84
21/7/2011,8,1.84
21/7/2011,9,1.84
21/7/2011,10,1.84
21/7/2011,11,1.84
21/7/2011,12,1.84
21/7/2011,13,1.84
21/7/2011,14,1.84
21/7/2011,15,1.84
21/7/2011,16,1.84
21/7/2011,17,1.84
21/7/2011,18,1.84
21/7/2011,19,1.84
21/7/2011,20,1.84
21/7/2011,21,1.84
21/7/2011,22,1.84
21/7/2011,23,1.84
21/7/2011,24,1.84
22/7/2011,1,1.84
22/7/2011,2,1.84
22/7/2011,3,1.84
22/7/2011,4,1.84
22/7/2011,5,1.84
22/7/2011,6,1.84
22/7/2011,7,1.84
22/7/2011,8,1.84
22/7/2011,9,1.84
22/7/2011,10,1.84
22/7/2011,11,1.84
22/7/2011,12,1.84
22/7/2011,13,1.84
22/7/2011,14,1.84
22/7/2011,15,1.84
22/7/2011,16,1.84
22/7/2011,17,1.84
22/7/2011,18,1.85
22/7/2011,19,1.85
22/7/2011,20,1.85
22/7/2011,21,1.85
22/7/2011,22,1.85
22/7/2011,23,1.85
22/7/2011,24,1.85
23/7/2011,1,1.86
23/7/2011,2,1.86
23/7/2011,3,1.86
23/7/2011,4,1.86
23/7/2011,5,1.86
23/7/2011,6,1.86
23/7/2011,7,1.85
23/7/2011,8,1.85
23/7/2011,9,1.84
23/7/2011,10,1.84
23/7/2011,11,1.83
23/7/2011,12,1.83
23/7/2011,13,1.82
23/7/2011,14,1.82
23/7/2011,15,1.81
23/7/2011,16,1.81
23/7/2011,17,1.81
23/7/2011,18,1.81
23/7/2011,19,1.80
23/7/2011,20,1.80
23/7/2011,21,1.80
23/7/2011,22,1.80
23/7/2011,23,1.80
23/7/2011,24,1.80
24/7/2011,1,1.79
24/7/2011,2,1.79
24/7/2011,3,1.79
24/7/2011,4,1.79
24/7/2011,5,1.79
24/7/2011,6,1.79
24/7/2011,7,1.79
24/7/2011,8,1.80
24/7/2011,9,1.80
24/7/2011,10,1.80
24/7/2011,11,1.81
24/7/2011,12,1.81
24/7/2011,13,1.82
24/7/2011,14,1.82
24/7/2011,15,1.83
24/7/2011,16,1.83
24/7/2011,17,1.84
24/7/2011,18,1.85
24/7/2011,19,1.86
24/7/2011,20,1.87
24/7/2011,21,1.87
24/7/2011,22,1.88
24/7/2011,23,1.89
24/7/2011,24,1.89
25/7/2011,1,1.91
25/7/2011,2,1.92
25/7/2011,3,1.93
25/7/2011,4,1.94
25/7/2011,5,1.94
25/7/2011,6,1.95
25/7/2011,7,1.96
25/7/2011,8,1.96
25/7/2011,9,1.97
25/7/2011,10,1.97
25/7/2011,11,1.98
25/7/2011,12,1.98
25/7/2011,13,1.99
25/7/2011,14,1.99
25/7/2011,15,2.00
25/7/2011,16,2.00
25/7/2011,17,2.01
25/7/2011,18,2.01
25/7/2011,19,2.01
25/7/2011,20,2.02
25/7/2011,21,2.02
25/7/2011,22,2.02
25/7/2011,23,2.02
25/7/2011,24,2.02
26/7/2011,1,2.02
26/7/2011,2,2.02
26/7/2011,3,2.02
26/7/2011,4,2.02
26/7/2011,5,2.01
26/7/2011,6,2.01
26/7/2011,7,2.01
26/7/2011,8,2.00
26/7/2011,9,2.00
26/7/2011,10,2.00
26/7/2011,11,1.99
26/7/2011,12,1.99
26/7/2011,13,1.98
26/7/2011,14,1.98
26/7/2011,15,1.98
26/7/2011,16,1.97
26/7/2011,17,1.97
26/7/2011,18,1.96
26/7/2011,19,1.95
26/7/2011,20,1.95
26/7/2011,21,1.94
26/7/2011,22,1.94
26/7/2011,23,1.93
26/7/2011,24,1.93
27/7/2011,1,1.93
27/7/2011,2,1.92
27/7/2011,3,1.92
27/7/2011,4,1.91
27/7/2011,5,1.91
27/7/2011,6,1.90
27/7/2011,7,1.90
27/7/2011,8,1.90
27/7/2011,9,1.89
27/7/2011,10,1.89
27/7/2011,11,1.88
27/7/2011,12,1.87
27/7/2011,13,1.87
27/7/2011,14,1.86
27/7/2011,15,1.86
27/7/2011,16,1.85
27/7/2011,17,1.84
27/7/2011,18,1.84
27/7/2011,19,1.83
27/7/2011,20,1.83
27/7/2011,21,1.82
27/7/2011,22,1.82
27/7/2011,23,1.81
27/7/2011,24,1.81
28/7/2011,1,1.80
28/7/2011,2,1.80
28/7/2011,3,1.79
28/7/2011,4,1.79
28/7/2011,5,1.78
28/7/2011,6,1.77
28/7/2011,7,1.77
28/7/2011,8,1.77
28/7/2011,9,1.76
28/7/2011,10,1.76
28/7/2011,11,1.75
28/7/2011,12,1.75
28/7/2011,13,1.75
28/7/2011,14,1.75
28/7/2011,15,1.75
28/7/2011,16,1.75
28/7/2011,17,1.75
28/7/2011,18,1.74
28/7/2011,19,1.74
28/7/2011,20,1.74
28/7/2011,21,1.74
28/7/2011,22,1.74
28/7/2011,23,1.74
28/7/2011,24,1.74
29/7/2011,1,1.74
29/7/2011,2,1.74
29/7/2011,3,1.74
29/7/2011,4,1.74
29/7/2011,5,1.74
29/7/2011,6,1.74
29/7/2011,7,1.74
29/7/2011,8,1.74
29/7/2011,9,1.74
29/7/2011,10,1.74
29/7/2011,11,1.74
29/7/2011,12,1.74
29/7/2011,13,1.73
29/7/2011,14,1.73
29/7/2011,15,1.73
29/7/2011,16,1.73
29/7/2011,17,1.73
29/7/2011,18,1.73
29/7/2011,19,1.73
29/7/2011,20,1.73
29/7/2011,21,1.73
29/7/2011,22,1.73
29/7/2011,23,1.73
29/7/2011,24,1.73
30/7/2011,1,1.72
30/7/2011,2,1.72
30/7/2011,3,1.72
30/7/2011,4,1.72
30/7/2011,5,1.72
30/7/2011,6,1.72
30/7/2011,7,1.72
30/7/2011,8,1.72
30/7/2011,9,1.72
30/7/2011,10,1.72
30/7/2011,11,1.72
30/7/2011,12,1.72
30/7/2011,13,1.73
30/7/2011,14,1.73
30/7/2011,15,1.73
30/7/2011,16,1.73
30/7/2011,17,1.73
30/7/2011,18,1.73
30/7/2011,19,1.73
30/7/2011,20,1.73
30/7/2011,21,1.73
30/7/2011,22,1.73
30/7/2011,23,1.73
30/7/2011,24,1.73
31/7/2011,1,1.74
31/7/2011,2,1.74
31/7/2011,3,1.74
31/7/2011,4,1.74
31/7/2011,5,1.74
31/7/2011,6,1.74
31/7/2011,7,1.75
31/7/2011,8,1.76
31/7/2011,9,1.77
31/7/2011,10,1.78
31/7/2011,11,1.79
31/7/2011,12,1.80
31/7/2011,13,1.81
31/7/2011,14,1.82
31/7/2011,15,1.83
31/7/2011,16,1.84
31/7/2011,17,1.86
31/7/2011,18,1.88
31/7/2011,19,1.90
31/7/2011,20,1.91
31/7/2011,21,1.92
31/7/2011,22,1.93
31/7/2011,23,1.95
31/7/2011,24,1.97
1/8/2011,1,2.04
1/8/2011,2,2.08
1/8/2011,3,2.12
1/8/2011,4,2.16
1/8/2011,5,2.24
1/8/2011,6,2.35
1/8/2011,7,2.44
1/8/2011,8,2.58
1/8/2011,9,2.72
1/8/2011,10,2.81
1/8/2011,11,2.92
1/8/2011,12,3.03
1/8/2011,13,3.08
1/8/2011,14,3.13
1/8/2011,15,3.15
1/8/2011,16,3.18
1/8/2011,17,3.20
1/8/2011,18,3.23
1/8/2011,19,3.27
1/8/2011,20,3.30
1/8/2011,21,3.34
1/8/2011,22,3.39
1/8/2011,23,3.45
1/8/2011,24,3.50
2/8/2011,1,3.55
2/8/2011,2,3.57
2/8/2011,3,3.60
2/8/2011,4,3.62
2/8/2011,5,3.64
2/8/2011,6,3.67
2/8/2011,7,3.69
2/8/2011,8,3.71
2/8/2011,9,3.72
2/8/2011,10,3.73
2/8/2011,11,3.74
2/8/2011,12,3.74
2/8/2011,13,3.73
2/8/2011,14,3.71
2/8/2011,15,3.69
2/8/2011,16,3.67
2/8/2011,17,3.63
2/8/2011,18,3.59
2/8/2011,19,3.55
2/8/2011,20,3.50
2/8/2011,21,3.45
2/8/2011,22,3.40
2/8/2011,23,3.35
2/8/2011,24,3.30
3/8/2011,1,3.28
3/8/2011,2,3.26
3/8/2011,3,3.24
3/8/2011,4,3.20
3/8/2011,5,3.16
3/8/2011,6,3.08
3/8/2011,7,3.06
3/8/2011,8,3.05
3/8/2011,9,3.03
3/8/2011,10,3.01
3/8/2011,11,3.00
3/8/2011,12,2.99
3/8/2011,13,2.97
3/8/2011,14,2.96
3/8/2011,15,2.95
3/8/2011,16,2.92
3/8/2011,17,2.91
3/8/2011,18,2.90
3/8/2011,19,2.88
3/8/2011,20,2.87
3/8/2011,21,2.85
3/8/2011,22,2.83
3/8/2011,23,2.81
3/8/2011,24,2.79
4/8/2011,1,2.77
4/8/2011,2,2.75
4/8/2011,3,2.73
4/8/2011,4,2.71
4/8/2011,5,2.70
4/8/2011,6,2.68
4/8/2011,7,2.65
4/8/2011,8,2.63
4/8/2011,9,2.62
4/8/2011,10,2.60
4/8/2011,11,2.58
4/8/2011,12,2.56
4/8/2011,13,2.55
4/8/2011,14,2.53
4/8/2011,15,2.51
4/8/2011,16,2.50
4/8/2011,17,2.48
4/8/2011,18,2.46
4/8/2011,19,2.44
4/8/2011,20,2.43
4/8/2011,21,2.41
4/8/2011,22,2.40
4/8/2011,23,2.37
4/8/2011,24,2.36
5/8/2011,1,2.30
5/8/2011,2,2.29
5/8/2011,3,2.28
5/8/2011,4,2.27
5/8/2011,5,2.26
5/8/2011,6,2.25
5/8/2011,7,2.24
5/8/2011,8,2.23
5/8/2011,9,2.22
5/8/2011,10,2.20
5/8/2011,11,2.19
5/8/2011,12,2.18
5/8/2011,13,2.16
5/8/2011,14,2.15
5/8/2011,15,2.15
5/8/2011,16,2.14
5/8/2011,17,2.14
5/8/2011,18,2.13
5/8/2011,19,2.12
5/8/2011,20,2.11
5/8/2011,21,2.11
5/8/2011,22,2.10
5/8/2011,23,2.10
5/8/2011,24,2.09
6/8/2011,1,2.08
6/8/2011,2,2.07
6/8/2011,3,2.07
6/8/2011,4,2.06
6/8/2011,5,2.06
6/8/2011,6,2.05
6/8/2011,7,2.05
6/8/2011,8,2.05
6/8/2011,9,2.05
6/8/2011,10,2.04
6/8/2011,11,2.04
6/8/2011,12,2.04
6/8/2011,13,2.04
6/8/2011,14,2.03
6/8/2011,15,2.03
6/8/2011,16,2.03
6/8/2011,17,2.02
6/8/2011,18,2.02
6/8/2011,19,2.02
6/8/2011,20,2.02
6/8/2011,21,2.02
6/8/2011,22,2.01
6/8/2011,23,2.01
6/8/2011,24,2.01
7/8/2011,1,2.01
7/8/2011,2,2.01
7/8/2011,3,2.00
7/8/2011,4,2.00
7/8/2011,5,2.00
7/8/2011,6,2.00
7/8/2011,7,2.00
7/8/2011,8,2.00
7/8/2011,9,2.00
7/8/2011,10,2.00
7/8/2011,11,2.00
7/8/2011,12,2.00
7/8/2011,13,2.00
7/8/2011,14,2.00
7/8/2011,15,2.00
7/8/2011,16,2.00
7/8/2011,17,2.00
7/8/2011,18,2.00
7/8/2011,19,2.00
7/8/2011,20,2.00
7/8/2011,21,2.00
7/8/2011,22,2.00
7/8/2011,23,2.00
7/8/2011,24,2.00
8/8/2011,1,2.01
8/8/2011,2,2.01
8/8/2011,3,2.01
8/8/2011,4,2.01
8/8/2011,5,2.01
8/8/2011,6,2.01
8/8/2011,7,2.01
8/8/2011,8,2.01
8/8/2011,9,2.01
8/8/2011,10,2.01
8/8/2011,11,2.01
8/8/2011,12,2.01
8/8/2011,13,2.02
8/8/2011,14,2.02
8/8/2011,15,2.02
8/8/2011,16,2.02
8/8/2011,17,2.02
8/8/2011,18,2.02
8/8/2011,19,2.02
8/8/2011,20,2.02
8/8/2011,21,2.02
8/8/2011,22,2.02
8/8/2011,23,2.02
8/8/2011,24,2.02
9/8/2011,1,2.03
9/8/2011,2,2.03
9/8/2011,3,2.03
9/8/2011,4,2.03
9/8/2011,5,2.03
9/8/2011,6,2.03
9/8/2011,7,2.03
9/8/2011,8,2.03
9/8/2011,9,2.04
9/8/2011,10,2.04
9/8/2011,11,2.05
9/8/2011,12,2.05
9/8/2011,13,2.06
9/8/2011,14,2.06
9/8/2011,15,2.07
9/8/2011,16,2.07
9/8/2011,17,2.08
9/8/2011,18,2.08
9/8/2011,19,2.09
9/8/2011,20,2.09
9/8/2011,21,2.10
9/8/2011,22,2.10
9/8/2011,23,2.11
9/8/2011,24,2.12
10/8/2011,1,2.13
10/8/2011,2,2.13
10/8/2011,3,2.14
10/8/2011,4,2.15
10/8/2011,5,2.16
10/8/2011,6,2.17
10/8/2011,7,2.17
10/8/2011,8,2.17
10/8/2011,9,2.17
10/8/2011,10,2.17
10/8/2011,11,2.18
10/8/2011,12,2.20
10/8/2011,13,2.22
10/8/2011,14,2.24
10/8/2011,15,2.25
10/8/2011,16,2.26
10/8/2011,17,2.28
10/8/2011,18,2.29
10/8/2011,19,2.30
10/8/2011,20,2.31
10/8/2011,21,2.32
10/8/2011,22,2.33
10/8/2011,23,2.34
10/8/2011,24,2.35
11/8/2011,1,2.36
11/8/2011,2,2.36
11/8/2011,3,2.37
11/8/2011,4,2.38
11/8/2011,5,2.39
11/8/2011,6,2.39
11/8/2011,7,2.40
11/8/2011,8,2.41
11/8/2011,9,2.41
11/8/2011,10,2.42
11/8/2011,11,2.42
11/8/2011,12,2.43
11/8/2011,13,2.43
11/8/2011,14,2.44
11/8/2011,15,2.44
11/8/2011,16,2.45
11/8/2011,17,2.45
11/8/2011,18,2.46
11/8/2011,19,2.47
11/8/2011,20,2.47
11/8/2011,21,2.48
11/8/2011,22,2.48
11/8/2011,23,2.49
11/8/2011,24,2.49
12/8/2011,1,2.50
12/8/2011,2,2.51
12/8/2011,3,2.51
12/8/2011,4,2.52
12/8/2011,5,2.52
12/8/2011,6,2.53
12/8/2011,7,2.53
12/8/2011,8,2.54
12/8/2011,9,2.55
12/8/2011,10,2.55
12/8/2011,11,2.56
12/8/2011,12,2.57
12/8/2011,13,2.58
12/8/2011,14,2.58
12/8/2011,15,2.59
12/8/2011,16,2.60
12/8/2011,17,2.61
12/8/2011,18,2.62
12/8/2011,19,2.62
12/8/2011,20,2.63
12/8/2011,21,2.63
12/8/2011,22,2.64
12/8/2011,23,2.64
12/8/2011,24,2.64
13/8/2011,1,2.65
13/8/2011,2,2.65
13/8/2011,3,2.65
13/8/2011,4,2.66
13/8/2011,5,2.66
13/8/2011,6,2.65
13/8/2011,7,2.65
13/8/2011,8,2.65
13/8/2011,9,2.64
13/8/2011,10,2.64
13/8/2011,11,2.64
13/8/2011,12,2.63
13/8/2011,13,2.63
13/8/2011,14,2.62
13/8/2011,15,2.62
13/8/2011,16,2.62
13/8/2011,17,2.61
13/8/2011,18,2.61
13/8/2011,19,2.60
13/8/2011,20,2.60
13/8/2011,21,2.59
13/8/2011,22,2.59
13/8/2011,23,2.58
13/8/2011,24,2.58
14/8/2011,1,2.57
14/8/2011,2,2.57
14/8/2011,3,2.56
14/8/2011,4,2.56
14/8/2011,5,2.55
14/8/2011,6,2.54
14/8/2011,7,2.54
14/8/2011,8,2.54
14/8/2011,9,2.53
14/8/2011,10,2.53
14/8/2011,11,2.52
14/8/2011,12,2.52
14/8/2011,13,2.51
14/8/2011,14,2.51
14/8/2011,15,2.50
14/8/2011,16,2.50
14/8/2011,17,2.49
14/8/2011,18,2.48
14/8/2011,19,2.48
14/8/2011,20,2.47
14/8/2011,21,2.47
14/8/2011,22,2.46
14/8/2011,23,2.46
14/8/2011,24,2.45
15/8/2011,1,2.44
15/8/2011,2,2.44
15/8/2011,3,2.43
15/8/2011,4,2.43
15/8/2011,5,2.42
15/8/2011,6,2.41
15/8/2011,7,2.41
15/8/2011,8,2.41
15/8/2011,9,2.41
15/8/2011,10,2.40
15/8/2011,11,2.40
15/8/2011,12,2.40
15/8/2011,13,2.40
15/8/2011,14,2.41
15/8/2011,15,2.41
15/8/2011,16,2.42
15/8/2011,17,2.42
15/8/2011,18,2.43
15/8/2011,19,2.44
15/8/2011,20,2.45
15/8/2011,21,2.45
15/8/2011,22,2.46
15/8/2011,23,2.47
15/8/2011,24,2.47
16/8/2011,1,2.48
16/8/2011,2,2.49
16/8/2011,3,2.50
16/8/2011,4,2.50
16/8/2011,5,2.50
16/8/2011,6,2.50
16/8/2011,7,2.51
16/8/2011,8,2.51
16/8/2011,9,2.51
16/8/2011,10,2.51
16/8/2011,11,2.50
16/8/2011,12,2.50
16/8/2011,13,2.50
16/8/2011,14,2.49
16/8/2011,15,2.49
16/8/2011,16,2.48
16/8/2011,17,2.47
16/8/2011,18,2.46
16/8/2011,19,2.45
16/8/2011,20,2.44
16/8/2011,21,2.43
16/8/2011,22,2.42
16/8/2011,23,2.41
16/8/2011,24,2.41
17/8/2011,1,2.40
17/8/2011,2,2.39
17/8/2011,3,2.39
17/8/2011,4,2.38
17/8/2011,5,2.37
17/8/2011,6,2.36
17/8/2011,7,2.36
17/8/2011,8,2.35
17/8/2011,9,2.35
17/8/2011,10,2.34
17/8/2011,11,2.34
17/8/2011,12,2.33
17/8/2011,13,2.33
17/8/2011,14,2.32
17/8/2011,15,2.32
17/8/2011,16,2.32
17/8/2011,17,2.31
17/8/2011,18,2.31
17/8/2011,19,2.31
17/8/2011,20,2.31
17/8/2011,21,2.31
17/8/2011,22,2.30
17/8/2011,23,2.30
17/8/2011,24,2.30
18/8/2011,1,2.29
18/8/2011,2,2.29
18/8/2011,3,2.29
18/8/2011,4,2.29
18/8/2011,5,2.29
18/8/2011,6,2.29
18/8/2011,7,2.29
18/8/2011,8,2.29
18/8/2011,9,2.29
18/8/2011,10,2.29
18/8/2011,11,2.29
18/8/2011,12,2.29
18/8/2011,13,2.28
18/8/2011,14,2.28
18/8/2011,15,2.28
18/8/2011,16,2.28
18/8/2011,17,2.28
18/8/2011,18,2.28
18/8/2011,19,2.29
18/8/2011,20,2.29
18/8/2011,21,2.29
18/8/2011,22,2.30
18/8/2011,23,2.30
18/8/2011,24,2.31
19/8/2011,1,2.31
19/8/2011,2,2.31
19/8/2011,3,2.32
19/8/2011,4,2.32
19/8/2011,5,2.33
19/8/2011,6,2.34
19/8/2011,7,2.35
19/8/2011,8,2.36
19/8/2011,9,2.37
19/8/2011,10,2.38
19/8/2011,11,2.39
19/8/2011,12,2.40
19/8/2011,13,2.41
19/8/2011,14,2.42
19/8/2011,15,2.43
19/8/2011,16,2.45
19/8/2011,17,2.46
19/8/2011,18,2.48
19/8/2011,19,2.49
19/8/2011,20,2.50
19/8/2011,21,2.51
19/8/2011,22,2.52
19/8/2011,23,2.53
19/8/2011,24,2.53
20/8/2011,1,2.53
20/8/2011,2,2.53
20/8/2011,3,2.54
20/8/2011,4,2.54
20/8/2011,5,2.54
20/8/2011,6,2.53
20/8/2011,7,2.53
20/8/2011,8,2.53
20/8/2011,9,2.52
20/8/2011,10,2.52
20/8/2011,11,2.52
20/8/2011,12,2.51
20/8/2011,13,2.51
20/8/2011,14,2.50
20/8/2011,15,2.49
20/8/2011,16,2.48
20/8/2011,17,2.48
20/8/2011,18,2.48
20/8/2011,19,2.47
20/8/2011,20,2.47
20/8/2011,21,2.47
20/8/2011,22,2.46
20/8/2011,23,2.46
20/8/2011,24,2.45
21/8/2011,1,2.45
21/8/2011,2,2.44
21/8/2011,3,2.44
21/8/2011,4,2.43
21/8/2011,5,2.43
21/8/2011,6,2.43
21/8/2011,7,2.42
21/8/2011,8,2.42
21/8/2011,9,2.42
21/8/2011,10,2.41
21/8/2011,11,2.42
21/8/2011,12,2.41
21/8/2011,13,2.41
21/8/2011,14,2.41
21/8/2011,15,2.41
21/8/2011,16,2.41
21/8/2011,17,2.42
21/8/2011,18,2.42
21/8/2011,19,2.43
21/8/2011,20,2.43
21/8/2011,21,2.44
21/8/2011,22,2.44
21/8/2011,23,2.45
21/8/2011,24,2.46
22/8/2011,1,2.47
22/8/2011,2,2.49
22/8/2011,3,2.50
22/8/2011,4,2.51
22/8/2011,5,2.52
22/8/2011,6,2.54
22/8/2011,7,2.55
22/8/2011,8,2.56
22/8/2011,9,2.56
22/8/2011,10,2.56
22/8/2011,11,2.57
22/8/2011,12,2.57
22/8/2011,13,2.57
22/8/2011,14,2.57
22/8/2011,15,2.57
22/8/2011,16,2.57
22/8/2011,17,2.57
22/8/2011,18,2.57
22/8/2011,19,2.57
22/8/2011,20,2.56
22/8/2011,21,2.56
22/8/2011,22,2.56
22/8/2011,23,2.56
22/8/2011,24,2.55
23/8/2011,1,2.55
23/8/2011,2,2.54
23/8/2011,3,2.54
23/8/2011,4,2.53
23/8/2011,5,2.53
23/8/2011,6,2.52
23/8/2011,7,2.52
23/8/2011,8,2.51
23/8/2011,9,2.51
23/8/2011,10,2.50
23/8/2011,11,2.50
23/8/2011,12,2.49
23/8/2011,13,2.48
23/8/2011,14,2.48
23/8/2011,15,2.47
23/8/2011,16,2.47
23/8/2011,17,2.46
23/8/2011,18,2.46
23/8/2011,19,2.45
23/8/2011,20,2.45
23/8/2011,21,2.44
23/8/2011,22,2.44
23/8/2011,23,2.43
23/8/2011,24,2.43
24/8/2011,1,2.42
24/8/2011,2,2.42
24/8/2011,3,2.41
24/8/2011,4,2.41
24/8/2011,5,2.40
24/8/2011,6,2.39
24/8/2011,7,2.38
24/8/2011,8,2.38
24/8/2011,9,2.37
24/8/2011,10,2.36
24/8/2011,11,2.35
24/8/2011,12,2.35
24/8/2011,13,2.34
24/8/2011,14,2.33
24/8/2011,15,2.33
24/8/2011,16,2.32
24/8/2011,17,2.31
24/8/2011,18,2.30
24/8/2011,19,2.29
24/8/2011,20,2.29
24/8/2011,21,2.28
24/8/2011,22,2.28
24/8/2011,23,2.27
24/8/2011,24,2.27
25/8/2011,1,2.26
25/8/2011,2,2.25
25/8/2011,3,2.25
25/8/2011,4,2.24
25/8/2011,5,2.24
25/8/2011,6,2.23
25/8/2011,7,2.23
25/8/2011,8,2.22
25/8/2011,9,2.21
25/8/2011,10,2.21
25/8/2011,11,2.21
25/8/2011,12,2.20
25/8/2011,13,2.20
25/8/2011,14,2.20
25/8/2011,15,2.20
25/8/2011,16,2.20
25/8/2011,17,2.21
25/8/2011,18,2.21
25/8/2011,19,2.22
25/8/2011,20,2.23
25/8/2011,21,2.24
25/8/2011,22,2.26
25/8/2011,23,2.28
25/8/2011,24,2.30
26/8/2011,1,2.32
26/8/2011,2,2.34
26/8/2011,3,2.36
26/8/2011,4,2.38
26/8/2011,5,2.40
26/8/2011,6,2.41
26/8/2011,7,2.43
26/8/2011,8,2.46
26/8/2011,9,2.49
26/8/2011,10,2.53
26/8/2011,11,2.56
26/8/2011,12,2.60
26/8/2011,13,2.64
26/8/2011,14,2.68
26/8/2011,15,2.73
26/8/2011,16,2.78
26/8/2011,17,2.82
26/8/2011,18,2.89
26/8/2011,19,2.94
26/8/2011,20,3.01
26/8/2011,21,3.06
26/8/2011,22,3.12
26/8/2011,23,3.18
26/8/2011,24,3.23
27/8/2011,1,3.29
27/8/2011,2,3.33
27/8/2011,3,3.37
27/8/2011,4,3.41
27/8/2011,5,3.45
27/8/2011,6,3.48
27/8/2011,7,3.50
27/8/2011,8,3.53
27/8/2011,9,3.54
27/8/2011,10,3.55
27/8/2011,11,3.56
27/8/2011,12,3.57
27/8/2011,13,3.57
27/8/2011,14,3.56
27/8/2011,15,3.55
27/8/2011,16,3.54
27/8/2011,17,3.53
27/8/2011,18,3.50
27/8/2011,19,3.48
27/8/2011,20,3.45
27/8/2011,21,3.43
27/8/2011,22,3.39
27/8/2011,23,3.37
27/8/2011,24,3.35
28/8/2011,1,3.32
28/8/2011,2,3.29
28/8/2011,3,3.25
28/8/2011,4,3.23
28/8/2011,5,3.21
28/8/2011,6,3.20
28/8/2011,7,3.21
28/8/2011,8,3.24
28/8/2011,9,3.27
28/8/2011,10,3.31
28/8/2011,11,3.33
28/8/2011,12,3.33
28/8/2011,13,3.31
28/8/2011,14,3.30
28/8/2011,15,3.28
28/8/2011,16,3.27
28/8/2011,17,3.26
28/8/2011,18,3.25
28/8/2011,19,3.24
28/8/2011,20,3.24
28/8/2011,21,3.24
28/8/2011,22,3.24
28/8/2011,23,3.24
28/8/2011,24,3.24
29/8/2011,1,3.23
29/8/2011,2,3.21
29/8/2011,3,3.18
29/8/2011,4,3.18
29/8/2011,5,3.17
29/8/2011,6,3.16
29/8/2011,7,3.14
29/8/2011,8,3.12
29/8/2011,9,3.09
29/8/2011,10,3.07
29/8/2011,11,3.04
29/8/2011,12,3.01
29/8/2011,13,2.98
29/8/2011,14,2.95
29/8/2011,15,2.91
29/8/2011,16,2.89
29/8/2011,17,2.86
29/8/2011,18,2.83
29/8/2011,19,2.81
29/8/2011,20,2.79
29/8/2011,21,2.77
29/8/2011,22,2.75
29/8/2011,23,2.73
29/8/2011,24,2.71
30/8/2011,1,2.70
30/8/2011,2,2.69
30/8/2011,3,2.68
30/8/2011,4,2.67
30/8/2011,5,2.66
30/8/2011,6,2.66
30/8/2011,7,2.65
30/8/2011,8,2.65
30/8/2011,9,2.64
30/8/2011,10,2.64
30/8/2011,11,2.63
30/8/2011,12,2.63
30/8/2011,13,2.62
30/8/2011,14,2.62
30/8/2011,15,2.61
30/8/2011,16,2.61
30/8/2011,17,2.60
30/8/2011,18,2.60
30/8/2011,19,2.59
30/8/2011,20,2.59
30/8/2011,21,2.59
30/8/2011,22,2.58
30/8/2011,23,2.58
30/8/2011,24,2.57
31/8/2011,1,2.57
31/8/2011,2,2.56
31/8/2011,3,2.56
31/8/2011,4,2.55
31/8/2011,5,2.55
31/8/2011,6,2.54
31/8/2011,7,2.54
31/8/2011,8,2.54
31/8/2011,9,2.54
31/8/2011,10,2.54
31/8/2011,11,2.54
31/8/2011,12,2.54
31/8/2011,13,2.54
31/8/2011,14,2.53
31/8/2011,15,2.53
31/8/2011,16,2.53
31/8/2011,17,2.53
31/8/2011,18,2.53
31/8/2011,19,2.53
31/8/2011,20,2.53
31/8/2011,21,2.53
31/8/2011,22,2.52
31/8/2011,23,2.52
31/8/2011,24,2.52
1/9/2011,1,2.52
1/9/2011,2,2.52
1/9/2011,3,2.52
1/9/2011,4,2.51
1/9/2011,5,2.51
1/9/2011,6,2.51
1/9/2011,7,2.51
1/9/2011,8,2.51
1/9/2011,9,2.51
1/9/2011,10,2.51
1/9/2011,11,2.51
1/9/2011,12,2.51
1/9/2011,13,2.50
1/9/2011,14,2.50
1/9/2011,15,2.50
1/9/2011,16,2.50
1/9/2011,17,2.50
1/9/2011,18,2.50
1/9/2011,19,2.50
1/9/2011,20,2.50
1/9/2011,21,2.50
1/9/2011,22,2.50
1/9/2011,23,2.50
1/9/2011,24,2.50
2/9/2011,1,2.49
2/9/2011,2,2.49
2/9/2011,3,2.49
2/9/2011,4,2.49
2/9/2011,5,2.49
2/9/2011,6,2.49
2/9/2011,7,2.49
2/9/2011,8,2.49
2/9/2011,9,2.49
2/9/2011,10,2.49
2/9/2011,11,2.49
2/9/2011,12,2.49
2/9/2011,13,2.49
2/9/2011,14,2.49
2/9/2011,15,2.49
2/9/2011,16,2.49
2/9/2011,17,2.49
2/9/2011,18,2.49
2/9/2011,19,2.49
2/9/2011,20,2.49
2/9/2011,21,2.49
2/9/2011,22,2.49
2/9/2011,23,2.49
2/9/2011,24,2.49
3/9/2011,1,2.49
3/9/2011,2,2.49
3/9/2011,3,2.49
3/9/2011,4,2.49
3/9/2011,5,2.49
3/9/2011,6,2.49
3/9/2011,7,2.49
3/9/2011,8,2.49
3/9/2011,9,2.49
3/9/2011,10,2.49
3/9/2011,11,2.49
3/9/2011,12,2.49
3/9/2011,13,2.48
3/9/2011,14,2.48
3/9/2011,15,2.48
3/9/2011,16,2.48
3/9/2011,17,2.48
3/9/2011,18,2.48
3/9/2011,19,2.47
3/9/2011,20,2.47
3/9/2011,21,2.47
3/9/2011,22,2.47
3/9/2011,23,2.47
3/9/2011,24,2.47
4/9/2011,1,2.46
4/9/2011,2,2.46
4/9/2011,3,2.46
4/9/2011,4,2.46
4/9/2011,5,2.46
4/9/2011,6,2.45
4/9/2011,7,2.45
4/9/2011,8,2.44
4/9/2011,9,2.44
4/9/2011,10,2.43
4/9/2011,11,2.43
4/9/2011,12,2.42
4/9/2011,13,2.41
4/9/2011,14,2.41
4/9/2011,15,2.40
4/9/2011,16,2.39
4/9/2011,17,2.38
4/9/2011,18,2.37
4/9/2011,19,2.36
4/9/2011,20,2.35
4/9/2011,21,2.34
4/9/2011,22,2.33
4/9/2011,23,2.32
4/9/2011,24,2.30
5/9/2011,1,2.28
5/9/2011,2,2.27
5/9/2011,3,2.26
5/9/2011,4,2.25
5/9/2011,5,2.24
5/9/2011,6,2.23
5/9/2011,7,2.22
5/9/2011,8,2.22
5/9/2011,9,2.21
5/9/2011,10,2.21
5/9/2011,11,2.22
5/9/2011,12,2.22
5/9/2011,13,2.23
5/9/2011,14,2.24
5/9/2011,15,2.26
5/9/2011,16,2.28
5/9/2011,17,2.30
5/9/2011,18,2.31
5/9/2011,19,2.33
5/9/2011,20,2.34
5/9/2011,21,2.35
5/9/2011,22,2.37
5/9/2011,23,2.39
5/9/2011,24,2.41
6/9/2011,1,2.44
6/9/2011,2,2.46
6/9/2011,3,2.49
6/9/2011,4,2.52
6/9/2011,5,2.55
6/9/2011,6,2.57
6/9/2011,7,2.58
6/9/2011,8,2.60
6/9/2011,9,2.62
6/9/2011,10,2.64
6/9/2011,11,2.67
6/9/2011,12,2.71
6/9/2011,13,2.74
6/9/2011,14,2.78
6/9/2011,15,2.82
6/9/2011,16,2.86
6/9/2011,17,2.90
6/9/2011,18,2.94
6/9/2011,19,2.97
6/9/2011,20,2.99
6/9/2011,21,3.00
6/9/2011,22,3.00
6/9/2011,23,3.00
6/9/2011,24,3.01
7/9/2011,1,3.04
7/9/2011,2,3.07
7/9/2011,3,3.10
7/9/2011,4,3.11
7/9/2011,5,3.13
7/9/2011,6,3.15
7/9/2011,7,3.17
7/9/2011,8,3.20
7/9/2011,9,3.23
7/9/2011,10,3.28
7/9/2011,11,3.32
7/9/2011,12,3.37
7/9/2011,13,3.43
7/9/2011,14,3.48
7/9/2011,15,3.51
7/9/2011,16,3.55
7/9/2011,17,3.57
7/9/2011,18,3.59
7/9/2011,19,3.60
7/9/2011,20,3.59
7/9/2011,21,3.58
7/9/2011,22,3.55
7/9/2011,23,3.51
7/9/2011,24,3.47
8/9/2011,1,3.42
8/9/2011,2,3.37
8/9/2011,3,3.31
8/9/2011,4,3.26
8/9/2011,5,3.20
8/9/2011,6,3.16
8/9/2011,7,3.11
8/9/2011,8,3.05
8/9/2011,9,3.02
8/9/2011,10,2.98
8/9/2011,11,2.94
8/9/2011,12,2.92
8/9/2011,13,2.88
8/9/2011,14,2.85
8/9/2011,15,2.83
8/9/2011,16,2.81
8/9/2011,17,2.79
8/9/2011,18,2.77
8/9/2011,19,2.75
8/9/2011,20,2.73
8/9/2011,21,2.72
8/9/2011,22,2.72
8/9/2011,23,2.71
8/9/2011,24,2.71
9/9/2011,1,2.71
9/9/2011,2,2.70
9/9/2011,3,2.70
9/9/2011,4,2.69
9/9/2011,5,2.69
9/9/2011,6,2.68
9/9/2011,7,2.66
9/9/2011,8,2.65
9/9/2011,9,2.65
9/9/2011,10,2.64
9/9/2011,11,2.63
9/9/2011,12,2.62
9/9/2011,13,2.61
9/9/2011,14,2.61
9/9/2011,15,2.61
9/9/2011,16,2.60
9/9/2011,17,2.59
9/9/2011,18,2.59
9/9/2011,19,2.58
9/9/2011,20,2.57
9/9/2011,21,2.57
9/9/2011,22,2.57
9/9/2011,23,2.57
9/9/2011,24,2.57
10/9/2011,1,2.57
10/9/2011,2,2.57
10/9/2011,3,2.57
10/9/2011,4,2.57
10/9/2011,5,2.56
10/9/2011,6,2.56
10/9/2011,7,2.55
10/9/2011,8,2.55
10/9/2011,9,2.54
10/9/2011,10,2.54
10/9/2011,11,2.54
10/9/2011,12,2.54
10/9/2011,13,2.53
10/9/2011,14,2.53
10/9/2011,15,2.52
10/9/2011,16,2.52
10/9/2011,17,2.51
10/9/2011,18,2.50
10/9/2011,19,2.50
10/9/2011,20,2.49
10/9/2011,21,2.48
10/9/2011,22,2.48
10/9/2011,23,2.48
10/9/2011,24,2.47
11/9/2011,1,2.47
11/9/2011,2,2.47
11/9/2011,3,2.46
11/9/2011,4,2.45
11/9/2011,5,2.44
11/9/2011,6,2.43
11/9/2011,7,2.42
11/9/2011,8,2.42
11/9/2011,9,2.41
11/9/2011,10,2.41
11/9/2011,11,2.40
11/9/2011,12,2.40
11/9/2011,13,2.39
11/9/2011,14,2.38
11/9/2011,15,2.37
11/9/2011,16,2.36
11/9/2011,17,2.36
11/9/2011,18,2.35
11/9/2011,19,2.35
11/9/2011,20,2.34
11/9/2011,21,2.33
11/9/2011,22,2.32
11/9/2011,23,2.31
11/9/2011,24,2.30
12/9/2011,1,2.29
12/9/2011,2,2.26
12/9/2011,3,2.25
12/9/2011,4,2.24
12/9/2011,5,2.22
12/9/2011,6,2.21
12/9/2011,7,2.20
12/9/2011,8,2.19
12/9/2011,9,2.18
12/9/2011,10,2.17
12/9/2011,11,2.17
12/9/2011,12,2.16
12/9/2011,13,2.16
12/9/2011,14,2.16
12/9/2011,15,2.16
12/9/2011,16,2.16
12/9/2011,17,2.17
12/9/2011,18,2.18
12/9/2011,19,2.19
12/9/2011,20,2.20
12/9/2011,21,2.21
12/9/2011,22,2.22
12/9/2011,23,2.23
12/9/2011,24,2.24
13/9/2011,1,2.26
13/9/2011,2,2.28
13/9/2011,3,2.30
13/9/2011,4,2.32
13/9/2011,5,2.33
13/9/2011,6,2.35
13/9/2011,7,2.37
13/9/2011,8,2.39
13/9/2011,9,2.41
13/9/2011,10,2.43
13/9/2011,11,2.45
13/9/2011,12,2.47
13/9/2011,13,2.49
13/9/2011,14,2.51
13/9/2011,15,2.52
13/9/2011,16,2.54
13/9/2011,17,2.56
13/9/2011,18,2.58
13/9/2011,19,2.60
13/9/2011,20,2.62
13/9/2011,21,2.64
13/9/2011,22,2.65
13/9/2011,23,2.66
13/9/2011,24,2.68
14/9/2011,1,2.70
14/9/2011,2,2.71
14/9/2011,3,2.72
14/9/2011,4,2.74
14/9/2011,5,2.75
14/9/2011,6,2.77
14/9/2011,7,2.78
14/9/2011,8,2.79
14/9/2011,9,2.81
14/9/2011,10,2.82
14/9/2011,11,2.83
14/9/2011,12,2.84
14/9/2011,13,2.86
14/9/2011,14,2.87
14/9/2011,15,2.88
14/9/2011,16,2.90
14/9/2011,17,2.91
14/9/2011,18,2.92
14/9/2011,19,2.93
14/9/2011,20,2.94
14/9/2011,21,2.96
14/9/2011,22,2.97
14/9/2011,23,2.98
14/9/2011,24,2.99
15/9/2011,1,3.00
15/9/2011,2,3.01
15/9/2011,3,3.02
15/9/2011,4,3.03
15/9/2011,5,3.03
15/9/2011,6,3.04
15/9/2011,7,3.05
15/9/2011,8,3.06
15/9/2011,9,3.07
15/9/2011,10,3.07
15/9/2011,11,3.08
15/9/2011,12,3.08
15/9/2011,13,3.07
15/9/2011,14,3.06
15/9/2011,15,3.05
15/9/2011,16,3.04
15/9/2011,17,3.03
15/9/2011,18,3.02
15/9/2011,19,3.01
15/9/2011,20,2.99
15/9/2011,21,2.98
15/9/2011,22,2.96
15/9/2011,23,2.95
15/9/2011,24,2.94
16/9/2011,1,2.92
16/9/2011,2,2.90
16/9/2011,3,2.88
16/9/2011,4,2.86
16/9/2011,5,2.84
16/9/2011,6,2.82
16/9/2011,7,2.81
16/9/2011,8,2.80
16/9/2011,9,2.78
16/9/2011,10,2.76
16/9/2011,11,2.75
16/9/2011,12,2.74
16/9/2011,13,2.72
16/9/2011,14,2.71
16/9/2011,15,2.70
16/9/2011,16,2.68
16/9/2011,17,2.67
16/9/2011,18,2.66
16/9/2011,19,2.65
16/9/2011,20,2.64
16/9/2011,21,2.63
16/9/2011,22,2.62
16/9/2011,23,2.61
16/9/2011,24,2.60
17/9/2011,1,2.58
17/9/2011,2,2.57
17/9/2011,3,2.56
17/9/2011,4,2.55
17/9/2011,5,2.54
17/9/2011,6,2.53
17/9/2011,7,2.51
17/9/2011,8,2.50
17/9/2011,9,2.49
17/9/2011,10,2.48
17/9/2011,11,2.47
17/9/2011,12,2.46
17/9/2011,13,2.45
17/9/2011,14,2.44
17/9/2011,15,2.44
17/9/2011,16,2.43
17/9/2011,17,2.43
17/9/2011,18,2.42
17/9/2011,19,2.41
17/9/2011,20,2.41
17/9/2011,21,2.40
17/9/2011,22,2.40
17/9/2011,23,2.39
17/9/2011,24,2.38
18/9/2011,1,2.38
18/9/2011,2,2.37
18/9/2011,3,2.37
18/9/2011,4,2.37
18/9/2011,5,2.37
18/9/2011,6,2.36
18/9/2011,7,2.36
18/9/2011,8,2.36
18/9/2011,9,2.36
18/9/2011,10,2.35
18/9/2011,11,2.35
18/9/2011,12,2.35
18/9/2011,13,2.34
18/9/2011,14,2.34
18/9/2011,15,2.34
18/9/2011,16,2.34
18/9/2011,17,2.34
18/9/2011,18,2.34
18/9/2011,19,2.34
18/9/2011,20,2.34
18/9/2011,21,2.34
18/9/2011,22,2.34
18/9/2011,23,2.34
18/9/2011,24,2.34
19/9/2011,1,2.34
19/9/2011,2,2.34
19/9/2011,3,2.34
19/9/2011,4,2.34
19/9/2011,5,2.34
19/9/2011,6,2.34
19/9/2011,7,2.34
19/9/2011,8,2.34
19/9/2011,9,2.34
19/9/2011,10,2.34
19/9/2011,11,2.34
19/9/2011,12,2.34
19/9/2011,13,2.35
19/9/2011,14,2.35
19/9/2011,15,2.36
19/9/2011,16,2.37
19/9/2011,17,2.38
19/9/2011,18,2.39
19/9/2011,19,2.40
19/9/2011,20,2.41
19/9/2011,21,2.42
19/9/2011,22,2.43
19/9/2011,23,2.45
19/9/2011,24,2.46
20/9/2011,1,2.48
20/9/2011,2,2.50
20/9/2011,3,2.52
20/9/2011,4,2.54
20/9/2011,5,2.56
20/9/2011,6,2.58
20/9/2011,7,2.59
20/9/2011,8,2.60
20/9/2011,9,2.62
20/9/2011,10,2.63
20/9/2011,11,2.64
20/9/2011,12,2.65
20/9/2011,13,2.65
20/9/2011,14,2.65
20/9/2011,15,2.65
20/9/2011,16,2.64
20/9/2011,17,2.63
20/9/2011,18,2.62
20/9/2011,19,2.61
20/9/2011,20,2.60
20/9/2011,21,2.58
20/9/2011,22,2.57
20/9/2011,23,2.55
20/9/2011,24,2.54
21/9/2011,1,2.52
21/9/2011,2,2.51
21/9/2011,3,2.49
21/9/2011,4,2.48
21/9/2011,5,2.46
21/9/2011,6,2.45
21/9/2011,7,2.44
21/9/2011,8,2.44
21/9/2011,9,2.43
21/9/2011,10,2.43
21/9/2011,11,2.42
21/9/2011,12,2.42
21/9/2011,13,2.42
21/9/2011,14,2.42
21/9/2011,15,2.43
21/9/2011,16,2.43
21/9/2011,17,2.44
21/9/2011,18,2.45
21/9/2011,19,2.46
21/9/2011,20,2.47
21/9/2011,21,2.48
21/9/2011,22,2.50
21/9/2011,23,2.52
21/9/2011,24,2.53
22/9/2011,1,2.54
22/9/2011,2,2.56
22/9/2011,3,2.57
22/9/2011,4,2.59
22/9/2011,5,2.60
22/9/2011,6,2.61
22/9/2011,7,2.62
22/9/2011,8,2.63
22/9/2011,9,2.64
22/9/2011,10,2.65
22/9/2011,11,2.66
22/9/2011,12,2.67
22/9/2011,13,2.69
22/9/2011,14,2.70
22/9/2011,15,2.71
22/9/2011,16,2.72
22/9/2011,17,2.73
22/9/2011,18,2.74
22/9/2011,19,2.75
22/9/2011,20,2.76
22/9/2011,21,2.76
22/9/2011,22,2.77
22/9/2011,23,2.78
22/9/2011,24,2.78
23/9/2011,1,2.78
23/9/2011,2,2.79
23/9/2011,3,2.79
23/9/2011,4,2.79
23/9/2011,5,2.79
23/9/2011,6,2.79
23/9/2011,7,2.78
23/9/2011,8,2.77
23/9/2011,9,2.76
23/9/2011,10,2.75
23/9/2011,11,2.74
23/9/2011,12,2.73
23/9/2011,13,2.72
23/9/2011,14,2.71
23/9/2011,15,2.70
23/9/2011,16,2.69
23/9/2011,17,2.68
23/9/2011,18,2.66
23/9/2011,19,2.64
23/9/2011,20,2.63
23/9/2011,21,2.62
23/9/2011,22,2.60
23/9/2011,23,2.59
23/9/2011,24,2.58
24/9/2011,1,2.57
24/9/2011,2,2.56
24/9/2011,3,2.56
24/9/2011,4,2.55
24/9/2011,5,2.55
24/9/2011,6,2.54
24/9/2011,7,2.54
24/9/2011,8,2.54
24/9/2011,9,2.54
24/9/2011,10,2.54
24/9/2011,11,2.54
24/9/2011,12,2.54
24/9/2011,13,2.54
24/9/2011,14,2.54
24/9/2011,15,2.54
24/9/2011,16,2.55
24/9/2011,17,2.55
24/9/2011,18,2.55
24/9/2011,19,2.56
24/9/2011,20,2.56
24/9/2011,21,2.57
24/9/2011,22,2.58
24/9/2011,23,2.59
24/9/2011,24,2.60
25/9/2011,1,2.61
25/9/2011,2,2.62
25/9/2011,3,2.63
25/9/2011,4,2.65
25/9/2011,5,2.66
25/9/2011,6,2.67
25/9/2011,7,2.68
25/9/2011,8,2.70
25/9/2011,9,2.71
25/9/2011,10,2.72
25/9/2011,11,2.73
25/9/2011,12,2.74
25/9/2011,13,2.75
25/9/2011,14,2.76
25/9/2011,15,2.77
25/9/2011,16,2.78
25/9/2011,17,2.78
25/9/2011,18,2.79
25/9/2011,19,2.79
25/9/2011,20,2.79
25/9/2011,21,2.80
25/9/2011,22,2.80
25/9/2011,23,2.81
25/9/2011,24,2.81
26/9/2011,1,2.81
26/9/2011,2,2.82
26/9/2011,3,2.82
26/9/2011,4,2.83
26/9/2011,5,2.83
26/9/2011,6,2.83
26/9/2011,7,2.83
26/9/2011,8,2.83
26/9/2011,9,2.82
26/9/2011,10,2.82
26/9/2011,11,2.82
26/9/2011,12,2.82
26/9/2011,13,2.81
26/9/2011,14,2.81
26/9/2011,15,2.81
26/9/2011,16,2.81
26/9/2011,17,2.80
26/9/2011,18,2.80
26/9/2011,19,2.79
26/9/2011,20,2.79
26/9/2011,21,2.78
26/9/2011,22,2.78
26/9/2011,23,2.77
26/9/2011,24,2.76
27/9/2011,1,2.75
27/9/2011,2,2.74
27/9/2011,3,2.74
27/9/2011,4,2.74
27/9/2011,5,2.73
27/9/2011,6,2.73
27/9/2011,7,2.76
27/9/2011,8,2.79
27/9/2011,9,2.81
27/9/2011,10,2.84
27/9/2011,11,2.86
27/9/2011,12,2.90
27/9/2011,13,2.92
27/9/2011,14,2.93
27/9/2011,15,2.94
27/9/2011,16,2.95
27/9/2011,17,2.96
27/9/2011,18,2.97
27/9/2011,19,2.98
27/9/2011,20,3.00
27/9/2011,21,3.03
27/9/2011,22,3.06
27/9/2011,23,3.08
27/9/2011,24,3.09
28/9/2011,1,3.10
28/9/2011,2,3.12
28/9/2011,3,3.14
28/9/2011,4,3.16
28/9/2011,5,3.17
28/9/2011,6,3.18
28/9/2011,7,3.31
28/9/2011,8,3.46
28/9/2011,9,3.63
28/9/2011,10,3.85
28/9/2011,11,4.04
28/9/2011,12,4.22
28/9/2011,13,4.40
28/9/2011,14,4.52
28/9/2011,15,4.63
28/9/2011,16,4.68
28/9/2011,17,4.73
28/9/2011,18,4.77
28/9/2011,19,4.81
28/9/2011,20,4.84
28/9/2011,21,4.86
28/9/2011,22,4.88
28/9/2011,23,4.89
28/9/2011,24,4.90
29/9/2011,1,4.91
29/9/2011,2,4.92
29/9/2011,3,4.93
29/9/2011,4,4.94
29/9/2011,5,4.94
29/9/2011,6,4.94
29/9/2011,7,4.93
29/9/2011,8,4.92
29/9/2011,9,4.91
29/9/2011,10,4.90
29/9/2011,11,4.88
29/9/2011,12,4.86
29/9/2011,13,4.84
29/9/2011,14,4.82
29/9/2011,15,4.81
29/9/2011,16,4.80
29/9/2011,17,4.80
29/9/2011,18,4.81
29/9/2011,19,4.82
29/9/2011,20,4.84
29/9/2011,21,4.85
29/9/2011,22,4.86
29/9/2011,23,4.87
29/9/2011,24,4.87
30/9/2011,1,4.86
30/9/2011,2,4.85
30/9/2011,3,4.83
30/9/2011,4,4.81
30/9/2011,5,4.77
30/9/2011,6,4.74
30/9/2011,7,4.69
30/9/2011,8,4.64
30/9/2011,9,4.59
30/9/2011,10,4.54
30/9/2011,11,4.49
30/9/2011,12,4.45
30/9/2011,13,4.42
30/9/2011,14,4.39
30/9/2011,15,4.36
30/9/2011,16,4.34
30/9/2011,17,4.32
30/9/2011,18,4.29
30/9/2011,19,4.26
30/9/2011,20,4.23
30/9/2011,21,4.18
30/9/2011,22,4.13
30/9/2011,23,4.07
30/9/2011,24,4.02
1/10/2011,1,3.97
1/10/2011,2,3.91
1/10/2011,3,3.86
1/10/2011,4,3.80
1/10/2011,5,3.72
1/10/2011,6,3.68
1/10/2011,7,3.61
1/10/2011,8,3.57
1/10/2011,9,3.54
1/10/2011,10,3.51
1/10/2011,11,3.48
1/10/2011,12,3.45
1/10/2011,13,3.43
1/10/2011,14,3.40
1/10/2011,15,3.37
1/10/2011,16,3.34
1/10/2011,17,3.31
1/10/2011,18,3.28
1/10/2011,19,3.27
1/10/2011,20,3.26
1/10/2011,21,3.25
1/10/2011,22,3.24
1/10/2011,23,3.24
1/10/2011,24,3.24
2/10/2011,1,3.26
2/10/2011,2,3.28
2/10/2011,3,3.29
2/10/2011,4,3.30
2/10/2011,5,3.33
2/10/2011,6,3.34
2/10/2011,7,3.35
2/10/2011,8,3.38
2/10/2011,9,3.41
2/10/2011,10,3.43
2/10/2011,11,3.43
2/10/2011,12,3.43
2/10/2011,13,3.42
2/10/2011,14,3.40
2/10/2011,15,3.37
2/10/2011,16,3.34
2/10/2011,17,3.31
2/10/2011,18,3.28
2/10/2011,19,3.25
2/10/2011,20,3.22
2/10/2011,21,3.20
2/10/2011,22,3.19
2/10/2011,23,3.18
2/10/2011,24,3.18
3/10/2011,1,3.19
3/10/2011,2,3.20
3/10/2011,3,3.20
3/10/2011,4,3.20
3/10/2011,5,3.21
3/10/2011,6,3.23
3/10/2011,7,3.23
3/10/2011,8,3.23
3/10/2011,9,3.24
3/10/2011,10,3.24
3/10/2011,11,3.23
3/10/2011,12,3.22
3/10/2011,13,3.21
3/10/2011,14,3.19
3/10/2011,15,3.18
3/10/2011,16,3.17
3/10/2011,17,3.16
3/10/2011,18,3.15
3/10/2011,19,3.14
3/10/2011,20,3.13
3/10/2011,21,3.12
3/10/2011,22,3.11
3/10/2011,23,3.10
3/10/2011,24,3.11
4/10/2011,1,3.12
4/10/2011,2,3.13
4/10/2011,3,3.14
4/10/2011,4,3.15
4/10/2011,5,3.16
4/10/2011,6,3.16
4/10/2011,7,3.16
4/10/2011,8,3.16
4/10/2011,9,3.16
4/10/2011,10,3.16
4/10/2011,11,3.16
4/10/2011,12,3.15
4/10/2011,13,3.15
4/10/2011,14,3.15
4/10/2011,15,3.15
4/10/2011,16,3.15
4/10/2011,17,3.15
4/10/2011,18,3.15
4/10/2011,19,3.15
4/10/2011,20,3.14
4/10/2011,21,3.14
4/10/2011,22,3.14
4/10/2011,23,3.14
4/10/2011,24,3.14
5/10/2011,1,3.13
5/10/2011,2,3.13
5/10/2011,3,3.13
5/10/2011,4,3.13
5/10/2011,5,3.13
5/10/2011,6,3.13
5/10/2011,7,3.12
5/10/2011,8,3.12
5/10/2011,9,3.12
5/10/2011,10,3.11
5/10/2011,11,3.11
5/10/2011,12,3.11
5/10/2011,13,3.10
5/10/2011,14,3.09
5/10/2011,15,3.09
5/10/2011,16,3.08
5/10/2011,17,3.08
5/10/2011,18,3.07
5/10/2011,19,3.06
5/10/2011,20,3.05
5/10/2011,21,3.04
5/10/2011,22,3.03
5/10/2011,23,3.02
5/10/2011,24,3.01
6/10/2011,1,3.00
6/10/2011,2,2.99
6/10/2011,3,2.99
6/10/2011,4,2.98
6/10/2011,5,2.98
6/10/2011,6,2.97
6/10/2011,7,2.97
6/10/2011,8,2.96
6/10/2011,9,2.95
6/10/2011,10,2.94
6/10/2011,11,2.94
6/10/2011,12,2.94
6/10/2011,13,2.93
6/10/2011,14,2.93
6/10/2011,15,2.92
6/10/2011,16,2.91
6/10/2011,17,2.90
6/10/2011,18,2.89
6/10/2011,19,2.88
6/10/2011,20,2.86
6/10/2011,21,2.84
6/10/2011,22,2.80
6/10/2011,23,2.76
6/10/2011,24,2.71
7/10/2011,1,2.66
7/10/2011,2,2.61
7/10/2011,3,2.57
7/10/2011,4,2.54
7/10/2011,5,2.53
7/10/2011,6,2.51
7/10/2011,7,2.50
7/10/2011,8,2.49
7/10/2011,9,2.49
7/10/2011,10,2.48
7/10/2011,11,2.47
7/10/2011,12,2.47
7/10/2011,13,2.47
7/10/2011,14,2.46
7/10/2011,15,2.45
7/10/2011,16,2.45
7/10/2011,17,2.45
7/10/2011,18,2.44
7/10/2011,19,2.44
7/10/2011,20,2.43
7/10/2011,21,2.42
7/10/2011,22,2.42
7/10/2011,23,2.41
7/10/2011,24,2.40
8/10/2011,1,2.40
8/10/2011,2,2.39
8/10/2011,3,2.39
8/10/2011,4,2.38
8/10/2011,5,2.38
8/10/2011,6,2.37
8/10/2011,7,2.37
8/10/2011,8,2.37
8/10/2011,9,2.37
8/10/2011,10,2.37
8/10/2011,11,2.37
8/10/2011,12,2.37
8/10/2011,13,2.36
8/10/2011,14,2.36
8/10/2011,15,2.36
8/10/2011,16,2.36
8/10/2011,17,2.36
8/10/2011,18,2.36
8/10/2011,19,2.35
8/10/2011,20,2.35
8/10/2011,21,2.35
8/10/2011,22,2.35
8/10/2011,23,2.35
8/10/2011,24,2.35
9/10/2011,1,2.35
9/10/2011,2,2.35
9/10/2011,3,2.35
9/10/2011,4,2.35
9/10/2011,5,2.35
9/10/2011,6,2.35
9/10/2011,7,2.35
9/10/2011,8,2.35
9/10/2011,9,2.35
9/10/2011,10,2.35
9/10/2011,11,2.35
9/10/2011,12,2.35
9/10/2011,13,2.35
9/10/2011,14,2.35
9/10/2011,15,2.35
9/10/2011,16,2.35
9/10/2011,17,2.35
9/10/2011,18,2.35
9/10/2011,19,2.35
9/10/2011,20,2.35
9/10/2011,21,2.35
9/10/2011,22,2.35
9/10/2011,23,2.35
9/10/2011,24,2.35
10/10/2011,1,2.35
10/10/2011,2,2.35
10/10/2011,3,2.35
10/10/2011,4,2.35
10/10/2011,5,2.35
10/10/2011,6,2.35
10/10/2011,7,2.35
10/10/2011,8,2.34
10/10/2011,9,2.34
10/10/2011,10,2.34
10/10/2011,11,2.34
10/10/2011,12,2.33
10/10/2011,13,2.33
10/10/2011,14,2.32
10/10/2011,15,2.32
10/10/2011,16,2.31
10/10/2011,17,2.31
10/10/2011,18,2.30
10/10/2011,19,2.30
10/10/2011,20,2.29
10/10/2011,21,2.29
10/10/2011,22,2.28
10/10/2011,23,2.28
10/10/2011,24,2.27
11/10/2011,1,2.27
11/10/2011,2,2.26
11/10/2011,3,2.26
11/10/2011,4,2.25
11/10/2011,5,2.25
11/10/2011,6,2.24
11/10/2011,7,2.24
11/10/2011,8,2.24
11/10/2011,9,2.23
11/10/2011,10,2.23
11/10/2011,11,2.23
11/10/2011,12,2.23
11/10/2011,13,2.23
11/10/2011,14,2.23
11/10/2011,15,2.23
11/10/2011,16,2.23
11/10/2011,17,2.22
11/10/2011,18,2.22
11/10/2011,19,2.22
11/10/2011,20,2.22
11/10/2011,21,2.21
11/10/2011,22,2.21
11/10/2011,23,2.21
11/10/2011,24,2.21
12/10/2011,1,2.20
12/10/2011,2,2.20
12/10/2011,3,2.19
12/10/2011,4,2.18
12/10/2011,5,2.17
12/10/2011,6,2.16
12/10/2011,7,2.16
12/10/2011,8,2.16
12/10/2011,9,2.16
12/10/2011,10,2.15
12/10/2011,11,2.15
12/10/2011,12,2.15
12/10/2011,13,2.14
12/10/2011,14,2.14
12/10/2011,15,2.14
12/10/2011,16,2.14
12/10/2011,17,2.14
12/10/2011,18,2.14
12/10/2011,19,2.13
12/10/2011,20,2.13
12/10/2011,21,2.13
12/10/2011,22,2.13
12/10/2011,23,2.13
12/10/2011,24,2.13
13/10/2011,1,2.14
13/10/2011,2,2.14
13/10/2011,3,2.14
13/10/2011,4,2.15
13/10/2011,5,2.15
13/10/2011,6,2.15
13/10/2011,7,2.15
13/10/2011,8,2.16
13/10/2011,9,2.16
13/10/2011,10,2.17
13/10/2011,11,2.17
13/10/2011,12,2.18
13/10/2011,13,2.18
13/10/2011,14,2.18
13/10/2011,15,2.19
13/10/2011,16,2.19
13/10/2011,17,2.20
13/10/2011,18,2.20
13/10/2011,19,2.20
13/10/2011,20,2.21
13/10/2011,21,2.21
13/10/2011,22,2.21
13/10/2011,23,2.21
13/10/2011,24,2.22
14/10/2011,1,2.22
14/10/2011,2,2.22
14/10/2011,3,2.22
14/10/2011,4,2.23
14/10/2011,5,2.23
14/10/2011,6,2.23
14/10/2011,7,2.23
14/10/2011,8,2.24
14/10/2011,9,2.24
14/10/2011,10,2.24
14/10/2011,11,2.25
14/10/2011,12,2.25
14/10/2011,13,2.25
14/10/2011,14,2.25
14/10/2011,15,2.25
14/10/2011,16,2.25
14/10/2011,17,2.25
14/10/2011,18,2.25
14/10/2011,19,2.25
14/10/2011,20,2.25
14/10/2011,21,2.25
14/10/2011,22,2.24
14/10/2011,23,2.24
14/10/2011,24,2.24
15/10/2011,1,2.24
15/10/2011,2,2.23
15/10/2011,3,2.23
15/10/2011,4,2.23
15/10/2011,5,2.22
15/10/2011,6,2.22
15/10/2011,7,2.21
15/10/2011,8,2.20
15/10/2011,9,2.19
15/10/2011,10,2.18
15/10/2011,11,2.17
15/10/2011,12,2.16
15/10/2011,13,2.15
15/10/2011,14,2.15
15/10/2011,15,2.14
15/10/2011,16,2.14
15/10/2011,17,2.13
15/10/2011,18,2.13
15/10/2011,19,2.13
15/10/2011,20,2.12
15/10/2011,21,2.12
15/10/2011,22,2.12
15/10/2011,23,2.11
15/10/2011,24,2.11
16/10/2011,1,2.10
16/10/2011,2,2.10
16/10/2011,3,2.10
16/10/2011,4,2.10
16/10/2011,5,2.10
16/10/2011,6,2.10
16/10/2011,7,2.10
16/10/2011,8,2.10
16/10/2011,9,2.10
16/10/2011,10,2.10
16/10/2011,11,2.10
16/10/2011,12,2.10
16/10/2011,13,2.10
16/10/2011,14,2.10
16/10/2011,15,2.10
16/10/2011,16,2.10
16/10/2011,17,2.10
16/10/2011,18,2.10
16/10/2011,19,2.10
16/10/2011,20,2.10
16/10/2011,21,2.10
16/10/2011,22,2.10
16/10/2011,23,2.10
16/10/2011,24,2.10
17/10/2011,1,2.11
17/10/2011,2,2.11
17/10/2011,3,2.11
17/10/2011,4,2.11
17/10/2011,5,2.11
17/10/2011,6,2.11
17/10/2011,7,2.11
17/10/2011,8,2.11
17/10/2011,9,2.11
17/10/2011,10,2.11
17/10/2011,11,2.11
17/10/2011,12,2.11
17/10/2011,13,2.12
17/10/2011,14,2.12
17/10/2011,15,2.12
17/10/2011,16,2.12
17/10/2011,17,2.12
17/10/2011,18,2.12
17/10/2011,19,2.12
17/10/2011,20,2.12
17/10/2011,21,2.12
17/10/2011,22,2.12
17/10/2011,23,2.12
17/10/2011,24,2.12
18/10/2011,1,2.13
18/10/2011,2,2.13
18/10/2011,3,2.13
18/10/2011,4,2.13
18/10/2011,5,2.13
18/10/2011,6,2.13
18/10/2011,7,2.13
18/10/2011,8,2.13
18/10/2011,9,2.13
18/10/2011,10,2.13
18/10/2011,11,2.13
18/10/2011,12,2.13
18/10/2011,13,2.13
18/10/2011,14,2.13
18/10/2011,15,2.13
18/10/2011,16,2.13
18/10/2011,17,2.13
18/10/2011,18,2.13
18/10/2011,19,2.13
18/10/2011,20,2.13
18/10/2011,21,2.13
18/10/2011,22,2.13
18/10/2011,23,2.13
18/10/2011,24,2.13
19/10/2011,1,2.12
19/10/2011,2,2.12
19/10/2011,3,2.12
19/10/2011,4,2.12
19/10/2011,5,2.12
19/10/2011,6,2.12
19/10/2011,7,2.11
19/10/2011,8,2.11
19/10/2011,9,2.11
19/10/2011,10,2.11
19/10/2011,11,2.11
19/10/2011,12,2.10
19/10/2011,13,2.10
19/10/2011,14,2.09
19/10/2011,15,2.09
19/10/2011,16,2.08
19/10/2011,17,2.08
19/10/2011,18,2.07
19/10/2011,19,2.07
19/10/2011,20,2.06
19/10/2011,21,2.06
19/10/2011,22,2.05
19/10/2011,23,2.05
19/10/2011,24,2.04
20/10/2011,1,2.04
20/10/2011,2,2.03
20/10/2011,3,2.03
20/10/2011,4,2.02
20/10/2011,5,2.02
20/10/2011,6,2.01
20/10/2011,7,2.01
20/10/2011,8,2.00
20/10/2011,9,2.00
20/10/2011,10,2.00
20/10/2011,11,1.99
20/10/2011,12,1.99
20/10/2011,13,1.99
20/10/2011,14,1.98
20/10/2011,15,1.98
20/10/2011,16,1.98
20/10/2011,17,1.97
20/10/2011,18,1.97
20/10/2011,19,1.97
20/10/2011,20,1.96
20/10/2011,21,1.96
20/10/2011,22,1.96
20/10/2011,23,1.95
20/10/2011,24,1.95
21/10/2011,1,1.95
21/10/2011,2,1.94
21/10/2011,3,1.94
21/10/2011,4,1.94
21/10/2011,5,1.94
21/10/2011,6,1.94
21/10/2011,7,1.93
21/10/2011,8,1.93
21/10/2011,9,1.93
21/10/2011,10,1.93
21/10/2011,11,1.93
21/10/2011,12,1.92
21/10/2011,13,1.92
21/10/2011,14,1.92
21/10/2011,15,1.92
21/10/2011,16,1.92
21/10/2011,17,1.92
21/10/2011,18,1.91
21/10/2011,19,1.91
21/10/2011,20,1.91
21/10/2011,21,1.91
21/10/2011,22,1.91
21/10/2011,23,1.90
21/10/2011,24,1.90
22/10/2011,1,1.90
22/10/2011,2,1.90
22/10/2011,3,1.89
22/10/2011,4,1.89
22/10/2011,5,1.89
22/10/2011,6,1.89
22/10/2011,7,1.89
22/10/2011,8,1.89
22/10/2011,9,1.89
22/10/2011,10,1.89
22/10/2011,11,1.89
22/10/2011,12,1.88
22/10/2011,13,1.88
22/10/2011,14,1.88
22/10/2011,15,1.88
22/10/2011,16,1.88
22/10/2011,17,1.88
22/10/2011,18,1.88
22/10/2011,19,1.88
22/10/2011,20,1.88
22/10/2011,21,1.88
22/10/2011,22,1.88
22/10/2011,23,1.88
22/10/2011,24,1.88
23/10/2011,1,1.87
23/10/2011,2,1.87
23/10/2011,3,1.87
23/10/2011,4,1.87
23/10/2011,5,1.87
23/10/2011,6,1.87
23/10/2011,7,1.87
23/10/2011,8,1.87
23/10/2011,9,1.87
23/10/2011,10,1.87
23/10/2011,11,1.87
23/10/2011,12,1.87
23/10/2011,13,1.87
23/10/2011,14,1.87
23/10/2011,15,1.87
23/10/2011,16,1.87
23/10/2011,17,1.87
23/10/2011,18,1.86
23/10/2011,19,1.86
23/10/2011,20,1.86
23/10/2011,21,1.86
23/10/2011,22,1.86
23/10/2011,23,1.86
23/10/2011,24,1.86
24/10/2011,1,1.85
24/10/2011,2,1.85
24/10/2011,3,1.85
24/10/2011,4,1.85
24/10/2011,5,1.85
24/10/2011,6,1.85
24/10/2011,7,1.85
24/10/2011,8,1.85
24/10/2011,9,1.85
24/10/2011,10,1.84
24/10/2011,11,1.84
24/10/2011,12,1.84
24/10/2011,13,1.84
24/10/2011,14,1.83
24/10/2011,15,1.83
24/10/2011,16,1.83
24/10/2011,17,1.83
24/10/2011,18,1.82
24/10/2011,19,1.82
24/10/2011,20,1.82
24/10/2011,21,1.82
24/10/2011,22,1.81
24/10/2011,23,1.81
24/10/2011,24,1.81
25/10/2011,1,1.81
25/10/2011,2,1.80
25/10/2011,3,1.80
25/10/2011,4,1.80
25/10/2011,5,1.80
25/10/2011,6,1.80
25/10/2011,7,1.80
25/10/2011,8,1.80
25/10/2011,9,1.80
25/10/2011,10,1.80
25/10/2011,11,1.80
25/10/2011,12,1.80
25/10/2011,13,1.79
25/10/2011,14,1.79
25/10/2011,15,1.79
25/10/2011,16,1.79
25/10/2011,17,1.79
25/10/2011,18,1.79
25/10/2011,19,1.79
25/10/2011,20,1.79
25/10/2011,21,1.79
25/10/2011,22,1.79
25/10/2011,23,1.79
25/10/2011,24,1.79
26/10/2011,1,1.78
26/10/2011,2,1.78
26/10/2011,3,1.78
26/10/2011,4,1.78
26/10/2011,5,1.78
26/10/2011,6,1.78
26/10/2011,7,1.78
26/10/2011,8,1.78
26/10/2011,9,1.78
26/10/2011,10,1.78
26/10/2011,11,1.78
26/10/2011,12,1.78
26/10/2011,13,1.78
26/10/2011,14,1.78
26/10/2011,15,1.78
26/10/2011,16,1.78
26/10/2011,17,1.78
26/10/2011,18,1.78
26/10/2011,19,1.78
26/10/2011,20,1.78
26/10/2011,21,1.78
26/10/2011,22,1.78
26/10/2011,23,1.78
26/10/2011,24,1.78
27/10/2011,1,1.77
27/10/2011,2,1.77
27/10/2011,3,1.77
27/10/2011,4,1.77
27/10/2011,5,1.77
27/10/2011,6,1.77
27/10/2011,7,1.77
27/10/2011,8,1.77
27/10/2011,9,1.77
27/10/2011,10,1.77
27/10/2011,11,1.77
27/10/2011,12,1.77
27/10/2011,13,1.77
27/10/2011,14,1.77
27/10/2011,15,1.77
27/10/2011,16,1.77
27/10/2011,17,1.77
27/10/2011,18,1.77
27/10/2011,19,1.77
27/10/2011,20,1.77
27/10/2011,21,1.77
27/10/2011,22,1.77
27/10/2011,23,1.77
27/10/2011,24,1.77
28/10/2011,1,1.76
28/10/2011,2,1.76
28/10/2011,3,1.76
28/10/2011,4,1.76
28/10/2011,5,1.76
28/10/2011,6,1.76
28/10/2011,7,1.76
28/10/2011,8,1.76
28/10/2011,9,1.76
28/10/2011,10,1.76
28/10/2011,11,1.76
28/10/2011,12,1.76
28/10/2011,13,1.76
28/10/2011,14,1.76
28/10/2011,15,1.76
28/10/2011,16,1.76
28/10/2011,17,1.76
28/10/2011,18,1.76
28/10/2011,19,1.76
28/10/2011,20,1.76
28/10/2011,21,1.76
28/10/2011,22,1.76
28/10/2011,23,1.76
28/10/2011,24,1.76
29/10/2011,1,1.76
29/10/2011,2,1.76
29/10/2011,3,1.76
29/10/2011,4,1.76
29/10/2011,5,1.76
29/10/2011,6,1.76
29/10/2011,7,1.77
29/10/2011,8,1.77
29/10/2011,9,1.77
29/10/2011,10,1.77
29/10/2011,11,1.77
29/10/2011,12,1.77
29/10/2011,13,1.77
29/10/2011,14,1.77
29/10/2011,15,1.78
29/10/2011,16,1.78
29/10/2011,17,1.78
29/10/2011,18,1.78
29/10/2011,19,1.78
29/10/2011,20,1.79
29/10/2011,21,1.79
29/10/2011,22,1.79
29/10/2011,23,1.79
29/10/2011,24,1.79
30/10/2011,1,1.80
30/10/2011,2,1.80
30/10/2011,3,1.80
30/10/2011,4,1.80
30/10/2011,5,1.81
30/10/2011,6,1.81
30/10/2011,7,1.81
30/10/2011,8,1.81
30/10/2011,9,1.81
30/10/2011,10,1.82
30/10/2011,11,1.82
30/10/2011,12,1.82
30/10/2011,13,1.82
30/10/2011,14,1.83
30/10/2011,15,1.83
30/10/2011,16,1.83
30/10/2011,17,1.84
30/10/2011,18,1.84
30/10/2011,19,1.84
30/10/2011,20,1.85
30/10/2011,21,1.85
30/10/2011,22,1.86
30/10/2011,23,1.86
30/10/2011,24,1.87
31/10/2011,1,1.87
31/10/2011,2,1.87
31/10/2011,3,1.88
31/10/2011,4,1.88
31/10/2011,5,1.88
31/10/2011,6,1.89
31/10/2011,7,1.89
31/10/2011,8,1.90
31/10/2011,9,1.90
31/10/2011,10,1.90
31/10/2011,11,1.91
31/10/2011,12,1.91
31/10/2011,13,1.91
31/10/2011,14,1.91
31/10/2011,15,1.91
31/10/2011,16,1.91
31/10/2011,17,1.91
31/10/2011,18,1.90
31/10/2011,19,1.90
31/10/2011,20,1.89
31/10/2011,21,1.88
31/10/2011,22,1.87
31/10/2011,23,1.86
31/10/2011,24,1.85
1/11/2011,1,1.84
1/11/2011,2,1.83
1/11/2011,3,1.82
1/11/2011,4,1.81
1/11/2011,5,1.81
1/11/2011,6,1.78
1/11/2011,7,1.78
1/11/2011,8,1.78
1/11/2011,9,1.77
1/11/2011,10,1.77
1/11/2011,11,1.76
1/11/2011,12,1.76
1/11/2011,13,1.76
1/11/2011,14,1.75
1/11/2011,15,1.75
1/11/2011,16,1.75
1/11/2011,17,1.75
1/11/2011,18,1.75
1/11/2011,19,1.74
1/11/2011,20,1.74
1/11/2011,21,1.74
1/11/2011,22,1.74
1/11/2011,23,1.74
1/11/2011,24,1.74
2/11/2011,1,1.73
2/11/2011,2,1.73
2/11/2011,3,1.73
2/11/2011,4,1.73
2/11/2011,5,1.73
2/11/2011,6,1.73
2/11/2011,7,1.73
2/11/2011,8,1.73
2/11/2011,9,1.73
2/11/2011,10,1.73
2/11/2011,11,1.73
2/11/2011,12,1.73
2/11/2011,13,1.73
2/11/2011,14,1.73
2/11/2011,15,1.73
2/11/2011,16,1.73
2/11/2011,17,1.73
2/11/2011,18,1.73
2/11/2011,19,1.72
2/11/2011,20,1.72
2/11/2011,21,1.72
2/11/2011,22,1.72
2/11/2011,23,1.72
2/11/2011,24,1.72
3/11/2011,1,1.71
3/11/2011,2,1.71
3/11/2011,3,1.71
3/11/2011,4,1.71
3/11/2011,5,1.71
3/11/2011,6,1.71
3/11/2011,7,1.71
3/11/2011,8,1.71
3/11/2011,9,1.71
3/11/2011,10,1.71
3/11/2011,11,1.71
3/11/2011,12,1.70
3/11/2011,13,1.70
3/11/2011,14,1.70
3/11/2011,15,1.70
3/11/2011,16,1.70
3/11/2011,17,1.70
3/11/2011,18,1.69
3/11/2011,19,1.69
3/11/2011,20,1.69
3/11/2011,21,1.69
3/11/2011,22,1.69
3/11/2011,23,1.69
3/11/2011,24,1.69
4/11/2011,1,1.70
4/11/2011,2,1.70
4/11/2011,3,1.70
4/11/2011,4,1.70
4/11/2011,5,1.70
4/11/2011,6,1.70
4/11/2011,7,1.70
4/11/2011,8,1.70
4/11/2011,9,1.71
4/11/2011,10,1.71
4/11/2011,11,1.72
4/11/2011,12,1.72
4/11/2011,13,1.73
4/11/2011,14,1.73
4/11/2011,15,1.73
4/11/2011,16,1.74
4/11/2011,17,1.74
4/11/2011,18,1.74
4/11/2011,19,1.75
4/11/2011,20,1.75
4/11/2011,21,1.76
4/11/2011,22,1.76
4/11/2011,23,1.76
4/11/2011,24,1.77
5/11/2011,1,1.77
5/11/2011,2,1.77
5/11/2011,3,1.77
5/11/2011,4,1.77
5/11/2011,5,1.77
5/11/2011,6,1.77
5/11/2011,7,1.77
5/11/2011,8,1.77
5/11/2011,9,1.77
5/11/2011,10,1.77
5/11/2011,11,1.77
5/11/2011,12,1.77
5/11/2011,13,1.76
5/11/2011,14,1.76
5/11/2011,15,1.76
5/11/2011,16,1.76
5/11/2011,17,1.76
5/11/2011,18,1.76
5/11/2011,19,1.75
5/11/2011,20,1.75
5/11/2011,21,1.75
5/11/2011,22,1.75
5/11/2011,23,1.75
5/11/2011,24,1.75
6/11/2011,1,1.75
6/11/2011,2,1.75
6/11/2011,3,1.75
6/11/2011,4,1.75
6/11/2011,5,1.75
6/11/2011,6,1.75
6/11/2011,7,1.75
6/11/2011,8,1.75
6/11/2011,9,1.75
6/11/2011,10,1.75
6/11/2011,11,1.75
6/11/2011,12,1.75
6/11/2011,13,1.76
6/11/2011,14,1.76
6/11/2011,15,1.76
6/11/2011,16,1.76
6/11/2011,17,1.76
6/11/2011,18,1.77
6/11/2011,19,1.77
6/11/2011,20,1.77
6/11/2011,21,1.77
6/11/2011,22,1.78
6/11/2011,23,1.78
6/11/2011,24,1.78
7/11/2011,1,1.79
7/11/2011,2,1.79
7/11/2011,3,1.80
7/11/2011,4,1.80
7/11/2011,5,1.81
7/11/2011,6,1.82
7/11/2011,7,1.83
7/11/2011,8,1.83
7/11/2011,9,1.84
7/11/2011,10,1.84
7/11/2011,11,1.85
7/11/2011,12,1.85
7/11/2011,13,1.85
7/11/2011,14,1.86
7/11/2011,15,1.86
7/11/2011,16,1.86
7/11/2011,17,1.86
7/11/2011,18,1.85
7/11/2011,19,1.85
7/11/2011,20,1.84
7/11/2011,21,1.83
7/11/2011,22,1.82
7/11/2011,23,1.81
7/11/2011,24,1.80
8/11/2011,1,1.79
8/11/2011,2,1.78
8/11/2011,3,1.77
8/11/2011,4,1.75
8/11/2011,5,1.73
8/11/2011,6,1.71
8/11/2011,7,1.70
8/11/2011,8,1.70
8/11/2011,9,1.71
8/11/2011,10,1.71
8/11/2011,11,1.71
8/11/2011,12,1.71
8/11/2011,13,1.71
8/11/2011,14,1.72
8/11/2011,15,1.72
8/11/2011,16,1.72
8/11/2011,17,1.72
8/11/2011,18,1.72
8/11/2011,19,1.73
8/11/2011,20,1.73
8/11/2011,21,1.73
8/11/2011,22,1.73
8/11/2011,23,1.73
8/11/2011,24,1.73
9/11/2011,1,1.74
9/11/2011,2,1.74
9/11/2011,3,1.74
9/11/2011,4,1.74
9/11/2011,5,1.74
9/11/2011,6,1.75
9/11/2011,7,1.75
9/11/2011,8,1.75
9/11/2011,9,1.75
9/11/2011,10,1.75
9/11/2011,11,1.75
9/11/2011,12,1.75
9/11/2011,13,1.76
9/11/2011,14,1.76
9/11/2011,15,1.76
9/11/2011,16,1.76
9/11/2011,17,1.76
9/11/2011,18,1.76
9/11/2011,19,1.76
9/11/2011,20,1.76
9/11/2011,21,1.76
9/11/2011,22,1.76
9/11/2011,23,1.76
9/11/2011,24,1.76
10/11/2011,1,1.77
10/11/2011,2,1.77
10/11/2011,3,1.77
10/11/2011,4,1.77
10/11/2011,5,1.77
10/11/2011,6,1.77
10/11/2011,7,1.78
10/11/2011,8,1.78
10/11/2011,9,1.78
10/11/2011,10,1.78
10/11/2011,11,1.78
10/11/2011,12,1.78
10/11/2011,13,1.77
10/11/2011,14,1.77
10/11/2011,15,1.77
10/11/2011,16,1.77
10/11/2011,17,1.76
10/11/2011,18,1.76
10/11/2011,19,1.76
10/11/2011,20,1.75
10/11/2011,21,1.75
10/11/2011,22,1.75
10/11/2011,23,1.74
10/11/2011,24,1.74
11/11/2011,1,1.73
11/11/2011,2,1.73
11/11/2011,3,1.72
11/11/2011,4,1.72
11/11/2011,5,1.72
11/11/2011,6,1.71
11/11/2011,7,1.71
11/11/2011,8,1.71
11/11/2011,9,1.71
11/11/2011,10,1.70
11/11/2011,11,1.70
11/11/2011,12,1.70
11/11/2011,13,1.69
11/11/2011,14,1.69
11/11/2011,15,1.69
11/11/2011,16,1.68
11/11/2011,17,1.68
11/11/2011,18,1.68
11/11/2011,19,1.68
11/11/2011,20,1.67
11/11/2011,21,1.67
11/11/2011,22,1.67
11/11/2011,23,1.67
11/11/2011,24,1.67
12/11/2011,1,1.66
12/11/2011,2,1.66
12/11/2011,3,1.66
12/11/2011,4,1.66
12/11/2011,5,1.66
12/11/2011,6,1.66
12/11/2011,7,1.66
12/11/2011,8,1.66
12/11/2011,9,1.66
12/11/2011,10,1.66
12/11/2011,11,1.66
12/11/2011,12,1.66
12/11/2011,13,1.65
12/11/2011,14,1.65
12/11/2011,15,1.65
12/11/2011,16,1.65
12/11/2011,17,1.65
12/11/2011,18,1.65
12/11/2011,19,1.65
12/11/2011,20,1.65
12/11/2011,21,1.65
12/11/2011,22,1.65
12/11/2011,23,1.65
12/11/2011,24,1.65
13/11/2011,1,1.64
13/11/2011,2,1.64
13/11/2011,3,1.64
13/11/2011,4,1.64
13/11/2011,5,1.64
13/11/2011,6,1.64
13/11/2011,7,1.64
13/11/2011,8,1.64
13/11/2011,9,1.64
13/11/2011,10,1.64
13/11/2011,11,1.64
13/11/2011,12,1.64
13/11/2011,13,1.63
13/11/2011,14,1.63
13/11/2011,15,1.63
13/11/2011,16,1.63
13/11/2011,17,1.63
13/11/2011,18,1.63
13/11/2011,19,1.63
13/11/2011,20,1.63
13/11/2011,21,1.63
13/11/2011,22,1.63
13/11/2011,23,1.63
13/11/2011,24,1.63
17/7/2013,,1.53
17/7/2013,2,1.53
17/7/2013,3,1.52
17/7/2013,4,1.52
17/7/2013,5,1.51
17/7/2013,6,1.50
17/7/2013,7,1.50
17/7/2013,8,1.50
17/7/2013,9,1.49
17/7/2013,10,1.49
17/7/2013,11,1.48
17/7/2013,12,1.48
17/7/2013,13,1.48
17/7/2013,14,1.48
17/7/2013,15,1.48
17/7/2013,16,1.49
17/7/2013,17,1.49
17/7/2013,18,1.50
17/7/2013,19,1.50
17/7/2013,20,1.51
17/7/2013,21,1.51
17/7/2013,22,1.51
17/7/2013,23,1.52
17/7/2013,24,1.52
18/7/2013,1,1.53
18/7/2013,2,1.53
18/7/2013,3,1.54
18/7/2013,4,1.54
18/7/2013,5,1.55
18/7/2013,6,1.55
18/7/2013,7,1.55
18/7/2013,8,1.56
18/7/2013,9,1.57
18/7/2013,10,1.57
18/7/2013,11,1.57
18/7/2013,12,1.57
18/7/2013,13,1.57
18/7/2013,14,1.57
18/7/2013,15,1.57
18/7/2013,16,1.56
18/7/2013,17,1.56
18/7/2013,18,1.55
18/7/2013,19,1.55
18/7/2013,20,1.54
18/7/2013,21,1.53
18/7/2013,22,1.52
18/7/2013,23,1.51
18/7/2013,24,1.50
19/7/2013,1,1.49
19/7/2013,2,1.48
19/7/2013,3,1.47
19/7/2013,4,1.46
19/7/2013,5,1.45
19/7/2013,6,1.44
19/7/2013,7,1.44
19/7/2013,8,1.43
19/7/2013,9,1.43
19/7/2013,10,1.43
19/7/2013,11,1.43
19/7/2013,12,1.42
19/7/2013,13,1.42
19/7/2013,14,1.42
19/7/2013,15,1.42
19/7/2013,16,1.42
19/7/2013,17,1.42
19/7/2013,18,1.42
19/7/2013,19,1.41
19/7/2013,20,1.41
19/7/2013,21,1.41
19/7/2013,22,1.41
19/7/2013,23,1.41
19/7/2013,24,1.41
20/7/2013,1,1.41
20/7/2013,2,1.40
20/7/2013,3,1.40
20/7/2013,4,1.40
20/7/2013,5,1.40
20/7/2013,6,1.40
20/7/2013,7,1.39
20/7/2013,8,1.39
20/7/2013,9,1.39
20/7/2013,10,1.39
20/7/2013,11,1.39
20/7/2013,12,1.38
20/7/2013,13,1.38
20/7/2013,14,1.38
20/7/2013,15,1.38
20/7/2013,16,1.38
20/7/2013,17,1.38
20/7/2013,18,1.37
20/7/2013,19,1.37
20/7/2013,20,1.37
20/7/2013,21,1.37
20/7/2013,22,1.37
20/7/2013,23,1.37
20/7/2013,24,1.37
21/7/2013,1,1.36
21/7/2013,2,1.36
21/7/2013,3,1.36
21/7/2013,4,1.36
21/7/2013,5,1.36
21/7/2013,6,1.35
21/7/2013,7,1.35
21/7/2013,8,1.35
21/7/2013,9,1.35
21/7/2013,10,1.35
21/7/2013,11,1.35
21/7/2013,12,1.35
21/7/2013,13,1.34
21/7/2013,14,1.34
21/7/2013,15,1.34
21/7/2013,16,1.34
21/7/2013,17,1.34
21/7/2013,18,1.34
21/7/2013,19,1.34
21/7/2013,20,1.34
21/7/2013,21,1.34
21/7/2013,22,1.34
21/7/2013,23,1.34
21/7/2013,24,1.34
22/7/2013,1,1.35
22/7/2013,2,1.35
22/7/2013,3,1.35
22/7/2013,4,1.35
22/7/2013,5,1.35
22/7/2013,6,1.35
22/7/2013,7,1.35
22/7/2013,8,1.35
22/7/2013,9,1.36
22/7/2013,10,1.36
22/7/2013,11,1.36
22/7/2013,12,1.36
22/7/2013,13,1.36
22/7/2013,14,1.37
22/7/2013,15,1.37
22/7/2013,16,1.37
22/7/2013,17,1.37
22/7/2013,18,1.38
22/7/2013,19,1.38
22/7/2013,20,1.38
22/7/2013,21,1.39
22/7/2013,22,1.39
22/7/2013,23,1.40
22/7/2013,24,1.40
23/7/2013,1,1.41
23/7/2013,2,1.41
23/7/2013,3,1.42
23/7/2013,4,1.42
23/7/2013,5,1.43
23/7/2013,6,1.43
23/7/2013,7,1.44
23/7/2013,8,1.44
23/7/2013,9,1.45
23/7/2013,10,1.45
23/7/2013,11,1.45
23/7/2013,12,1.46
23/7/2013,13,1.46
23/7/2013,14,1.46
23/7/2013,15,1.46
23/7/2013,16,1.46
23/7/2013,17,1.46
23/7/2013,18,1.46
23/7/2013,19,1.45
23/7/2013,20,1.45
23/7/2013,21,1.45
23/7/2013,22,1.44
23/7/2013,23,1.44
23/7/2013,24,1.44
24/7/2013,1,1.44
24/7/2013,2,1.44
24/7/2013,3,1.44
24/7/2013,4,1.45
24/7/2013,5,1.45
24/7/2013,6,1.45
24/7/2013,7,1.45
24/7/2013,8,1.46
24/7/2013,9,1.46
24/7/2013,10,1.46
24/7/2013,11,1.46
24/7/2013,12,1.46
24/7/2013,13,1.47
24/7/2013,14,1.47
24/7/2013,15,1.48
24/7/2013,16,1.48
24/7/2013,17,1.49
24/7/2013,18,1.50
24/7/2013,19,1.51
24/7/2013,20,1.52
24/7/2013,21,1.53
24/7/2013,22,1.54
24/7/2013,23,1.55
24/7/2013,24,1.56
25/7/2013,1,1.57
25/7/2013,2,1.58
25/7/2013,3,1.59
25/7/2013,4,1.60
25/7/2013,5,1.60
25/7/2013,6,1.61
25/7/2013,7,1.61
25/7/2013,8,1.62
25/7/2013,9,1.62
25/7/2013,10,1.63
25/7/2013,11,1.63
25/7/2013,12,1.64
25/7/2013,13,1.64
25/7/2013,14,1.64
25/7/2013,15,1.64
25/7/2013,16,1.63
25/7/2013,17,1.62
25/7/2013,18,1.61
25/7/2013,19,1.60
25/7/2013,20,1.59
25/7/2013,21,1.58
25/7/2013,22,1.57
25/7/2013,23,1.56
25/7/2013,24,1.55
26/7/2013,1,1.53
26/7/2013,2,1.51
26/7/2013,3,1.50
26/7/2013,4,1.49
26/7/2013,5,1.48
26/7/2013,6,1.47
26/7/2013,7,1.47
26/7/2013,8,1.46
26/7/2013,9,1.46
26/7/2013,10,1.45
26/7/2013,11,1.45
26/7/2013,12,1.44
26/7/2013,13,1.44
26/7/2013,14,1.43
26/7/2013,15,1.43
26/7/2013,16,1.42
26/7/2013,17,1.42
26/7/2013,18,1.41
26/7/2013,19,1.41
26/7/2013,20,1.41
26/7/2013,21,1.41
26/7/2013,22,1.40
26/7/2013,23,1.40
26/7/2013,24,1.40
27/7/2013,1,1.39
27/7/2013,2,1.39
27/7/2013,3,1.39
27/7/2013,4,1.39
27/7/2013,5,1.39
27/7/2013,6,1.39
27/7/2013,7,1.39
27/7/2013,8,1.39
27/7/2013,9,1.39
27/7/2013,10,1.39
27/7/2013,11,1.39
27/7/2013,12,1.39
27/7/2013,13,1.38
27/7/2013,14,1.38
27/7/2013,15,1.38
27/7/2013,16,1.38
27/7/2013,17,1.38
27/7/2013,18,1.38
27/7/2013,19,1.38
27/7/2013,20,1.38
27/7/2013,21,1.38
27/7/2013,22,1.38
27/7/2013,23,1.38
27/7/2013,24,1.38
28/7/2013,1,1.37
28/7/2013,2,1.37
28/7/2013,3,1.37
28/7/2013,4,1.37
28/7/2013,5,1.37
28/7/2013,6,1.37
28/7/2013,7,1.37
28/7/2013,8,1.37
28/7/2013,9,1.37
28/7/2013,10,1.37
28/7/2013,11,1.37
28/7/2013,12,1.37
28/7/2013,13,1.37
28/7/2013,14,1.37
28/7/2013,15,1.37
28/7/2013,16,1.37
28/7/2013,17,1.37
28/7/2013,18,1.37
28/7/2013,19,1.37
28/7/2013,20,1.37
28/7/2013,21,1.37
28/7/2013,22,1.37
28/7/2013,23,1.37
28/7/2013,24,1.37
29/7/2013,1,1.37
29/7/2013,2,1.37
29/7/2013,3,1.37
29/7/2013,4,1.37
29/7/2013,5,1.37
29/7/2013,6,1.37
29/7/2013,7,1.37
29/7/2013,8,1.37
29/7/2013,9,1.37
29/7/2013,10,1.37
29/7/2013,11,1.37
29/7/2013,12,1.37
29/7/2013,13,1.38
29/7/2013,14,1.38
29/7/2013,15,1.39
29/7/2013,16,1.39
29/7/2013,17,1.40
29/7/2013,18,1.40
29/7/2013,19,1.41
29/7/2013,20,1.41
29/7/2013,21,1.42
29/7/2013,22,1.42
29/7/2013,23,1.43
29/7/2013,24,1.43
30/7/2013,1,1.44
30/7/2013,2,1.44
30/7/2013,3,1.45
30/7/2013,4,1.45
30/7/2013,5,1.46
30/7/2013,6,1.47
30/7/2013,7,1.47
30/7/2013,8,1.47
30/7/2013,9,1.48
30/7/2013,10,1.48
30/7/2013,11,1.48
30/7/2013,12,1.48
30/7/2013,13,1.49
30/7/2013,14,1.49
30/7/2013,15,1.49
30/7/2013,16,1.49
30/7/2013,17,1.49
30/7/2013,18,1.49
30/7/2013,19,1.49
30/7/2013,20,1.49
30/7/2013,21,1.49
30/7/2013,22,1.49
30/7/2013,23,1.49
30/7/2013,24,1.49
31/7/2013,1,1.48
31/7/2013,2,1.48
31/7/2013,3,1.48
31/7/2013,4,1.48
31/7/2013,5,1.48
31/7/2013,6,1.48
31/7/2013,7,1.48
31/7/2013,8,1.48
31/7/2013,9,1.48
31/7/2013,10,1.48
31/7/2013,11,1.48
31/7/2013,12,1.48
31/7/2013,13,1.48
31/7/2013,14,1.48
31/7/2013,15,1.48
31/7/2013,16,1.48
31/7/2013,17,1.48
31/7/2013,18,1.48
31/7/2013,19,1.48
31/7/2013,20,1.48
31/7/2013,21,1.48
31/7/2013,22,1.48
31/7/2013,23,1.48
31/7/2013,24,1.48
1/8/2013,1,1.48
1/8/2013,2,1.48
1/8/2013,3,1.48
1/8/2013,4,1.48
1/8/2013,5,1.48
1/8/2013,6,1.48
1/8/2013,7,1.48
1/8/2013,8,1.48
1/8/2013,9,1.48
1/8/2013,10,1.48
1/8/2013,11,1.48
1/8/2013,12,1.48
1/8/2013,13,1.48
1/8/2013,14,1.48
1/8/2013,15,1.48
1/8/2013,16,1.48
1/8/2013,17,1.48
1/8/2013,18,1.48
1/8/2013,19,1.48
1/8/2013,20,1.48
1/8/2013,21,1.48
1/8/2013,22,1.48
1/8/2013,23,1.48
1/8/2013,24,1.48
2/8/2013,1,1.47
2/8/2013,2,1.47
2/8/2013,3,1.47
2/8/2013,4,1.47
2/8/2013,5,1.47
2/8/2013,6,1.47
2/8/2013,7,1.47
2/8/2013,8,1.47
2/8/2013,9,1.47
2/8/2013,10,1.47
2/8/2013,11,1.47
2/8/2013,12,1.47
2/8/2013,13,1.47
2/8/2013,14,1.47
2/8/2013,15,1.47
2/8/2013,16,1.47
2/8/2013,17,1.47
2/8/2013,18,1.47
2/8/2013,19,1.47
2/8/2013,20,1.47
2/8/2013,21,1.47
2/8/2013,22,1.47
2/8/2013,23,1.47
2/8/2013,24,1.47
3/8/2013,1,1.47
3/8/2013,2,1.47
3/8/2013,3,1.47
3/8/2013,4,1.47
3/8/2013,5,1.47
3/8/2013,6,1.47
3/8/2013,7,1.47
3/8/2013,8,1.47
3/8/2013,9,1.46
3/8/2013,10,1.46
3/8/2013,11,1.46
3/8/2013,12,1.45
3/8/2013,13,1.45
3/8/2013,14,1.45
3/8/2013,15,1.45
3/8/2013,16,1.44
3/8/2013,17,1.44
3/8/2013,18,1.44
3/8/2013,19,1.44
3/8/2013,20,1.43
3/8/2013,21,1.43
3/8/2013,22,1.43
3/8/2013,23,1.42
3/8/2013,24,1.42
4/8/2013,1,1.42
4/8/2013,2,1.42
4/8/2013,3,1.41
4/8/2013,4,1.41
4/8/2013,5,1.41
4/8/2013,6,1.41
4/8/2013,7,1.41
4/8/2013,8,1.41
4/8/2013,9,1.41
4/8/2013,10,1.41
4/8/2013,11,1.41
4/8/2013,12,1.41
4/8/2013,13,1.41
4/8/2013,14,1.41
4/8/2013,15,1.41
4/8/2013,16,1.41
4/8/2013,17,1.41
4/8/2013,18,1.41
4/8/2013,19,1.41
4/8/2013,20,1.41
4/8/2013,21,1.41
4/8/2013,22,1.41
4/8/2013,23,1.41
4/8/2013,24,1.41
5/8/2013,1,1.42
5/8/2013,2,1.42
5/8/2013,3,1.43
5/8/2013,4,1.43
5/8/2013,5,1.44
5/8/2013,6,1.45
5/8/2013,7,1.45
5/8/2013,8,1.45
5/8/2013,9,1.45
5/8/2013,10,1.45
5/8/2013,11,1.46
5/8/2013,12,1.46
5/8/2013,13,1.47
5/8/2013,14,1.47
5/8/2013,15,1.48
5/8/2013,16,1.48
5/8/2013,17,1.48
5/8/2013,18,1.48
5/8/2013,19,1.48
5/8/2013,20,1.48
5/8/2013,21,1.48
5/8/2013,22,1.48
5/8/2013,23,1.48
5/8/2013,24,1.48
6/8/2013,1,1.48
6/8/2013,2,1.48
6/8/2013,3,1.47
6/8/2013,4,1.47
6/8/2013,5,1.47
6/8/2013,6,1.47
6/8/2013,7,1.47
6/8/2013,8,1.47
6/8/2013,9,1.47
6/8/2013,10,1.47
6/8/2013,11,1.47
6/8/2013,12,1.47
6/8/2013,13,1.47
6/8/2013,14,1.46
6/8/2013,15,1.46
6/8/2013,16,1.46
6/8/2013,17,1.46
6/8/2013,18,1.46
6/8/2013,19,1.46
6/8/2013,20,1.46
6/8/2013,21,1.46
6/8/2013,22,1.46
6/8/2013,23,1.46
6/8/2013,24,1.46
7/8/2013,1,1.47
7/8/2013,2,1.47
7/8/2013,3,1.47
7/8/2013,4,1.47
7/8/2013,5,1.47
7/8/2013,6,1.47
7/8/2013,7,1.46
7/8/2013,8,1.46
7/8/2013,9,1.46
7/8/2013,10,1.46
7/8/2013,11,1.45
7/8/2013,12,1.45
7/8/2013,13,1.46
7/8/2013,14,1.46
7/8/2013,15,1.47
7/8/2013,16,1.47
7/8/2013,17,1.47
7/8/2013,18,1.47
7/8/2013,19,1.46
7/8/2013,20,1.46
7/8/2013,21,1.46
7/8/2013,22,1.45
7/8/2013,23,1.45
7/8/2013,24,1.45
8/8/2013,1,1.44
8/8/2013,2,1.44
8/8/2013,3,1.44
8/8/2013,4,1.43
8/8/2013,5,1.43
8/8/2013,6,1.43
8/8/2013,7,1.43
8/8/2013,8,1.43
8/8/2013,9,1.43
8/8/2013,10,1.43
8/8/2013,11,1.43
8/8/2013,12,1.43
8/8/2013,13,1.43
8/8/2013,14,1.43
8/8/2013,15,1.43
8/8/2013,16,1.43
8/8/2013,17,1.42
8/8/2013,18,1.42
8/8/2013,19,1.42
8/8/2013,20,1.42
8/8/2013,21,1.43
8/8/2013,22,1.43
8/8/2013,23,1.43
8/8/2013,24,1.43
9/8/2013,1,1.44
9/8/2013,2,1.44
9/8/2013,3,1.44
9/8/2013,4,1.44
9/8/2013,5,1.45
9/8/2013,6,1.45
9/8/2013,7,1.45
9/8/2013,8,1.45
9/8/2013,9,1.45
9/8/2013,10,1.45
9/8/2013,11,1.45
9/8/2013,12,1.45
9/8/2013,13,1.45
9/8/2013,14,1.45
9/8/2013,15,1.45
9/8/2013,16,1.45
9/8/2013,17,1.45
9/8/2013,18,1.45
9/8/2013,19,1.45
9/8/2013,20,1.45
9/8/2013,21,1.45
9/8/2013,22,1.45
9/8/2013,23,1.45
9/8/2013,24,1.45
10/8/2013,1,1.46
10/8/2013,2,1.48
10/8/2013,3,1.50
10/8/2013,4,1.52
10/8/2013,5,1.54
10/8/2013,6,1.57
10/8/2013,7,1.58
10/8/2013,8,1.60
10/8/2013,9,1.62
10/8/2013,10,1.64
10/8/2013,11,1.66
10/8/2013,12,1.69
10/8/2013,13,1.74
10/8/2013,14,1.79
10/8/2013,15,1.81
10/8/2013,16,1.87
10/8/2013,17,1.91
10/8/2013,18,1.95
10/8/2013,19,2.00
10/8/2013,20,2.05
10/8/2013,21,2.10
10/8/2013,22,2.14
10/8/2013,23,2.19
10/8/2013,24,2.23
11/8/2013,1,2.28
11/8/2013,2,2.31
11/8/2013,3,2.34
11/8/2013,4,2.38
11/8/2013,5,2.41
11/8/2013,6,2.43
11/8/2013,7,2.44
11/8/2013,8,2.45
11/8/2013,9,2.49
11/8/2013,10,2.52
11/8/2013,11,2.55
11/8/2013,12,2.59
11/8/2013,13,2.61
11/8/2013,14,2.63
11/8/2013,15,2.63
11/8/2013,16,2.63
11/8/2013,17,2.64
11/8/2013,18,2.64
11/8/2013,19,2.63
11/8/2013,20,2.63
11/8/2013,21,2.62
11/8/2013,22,2.60
11/8/2013,23,2.59
11/8/2013,24,2.58
12/8/2013,1,2.57
12/8/2013,2,2.57
12/8/2013,3,2.56
12/8/2013,4,2.55
12/8/2013,5,2.55
12/8/2013,6,2.54
12/8/2013,7,2.54
12/8/2013,8,2.54
12/8/2013,9,2.55
12/8/2013,10,2.55
12/8/2013,11,2.55
12/8/2013,12,2.56
12/8/2013,13,2.57
12/8/2013,14,2.57
12/8/2013,15,2.57
12/8/2013,16,2.56
12/8/2013,17,2.55
12/8/2013,18,2.53
12/8/2013,19,2.51
12/8/2013,20,2.49
12/8/2013,21,2.47
12/8/2013,22,2.43
12/8/2013,23,2.41
12/8/2013,24,2.38
13/8/2013,1,2.35
13/8/2013,2,2.33
13/8/2013,3,2.30
13/8/2013,4,2.26
13/8/2013,5,2.23
13/8/2013,6,2.21
13/8/2013,7,2.19
13/8/2013,8,2.18
13/8/2013,9,2.17
13/8/2013,10,2.16
13/8/2013,11,2.15
13/8/2013,12,2.14
13/8/2013,13,2.12
13/8/2013,14,2.10
13/8/2013,15,2.09
13/8/2013,16,2.07
13/8/2013,17,2.05
13/8/2013,18,2.03
13/8/2013,19,2.02
13/8/2013,20,2.00
13/8/2013,21,1.97
13/8/2013,22,1.95
13/8/2013,23,1.93
13/8/2013,24,1.91
14/8/2013,1,1.90
14/8/2013,2,1.88
14/8/2013,3,1.87
14/8/2013,4,1.86
14/8/2013,5,1.86
14/8/2013,6,1.85
14/8/2013,7,1.85
14/8/2013,8,1.85
14/8/2013,9,1.84
14/8/2013,10,1.84
14/8/2013,11,1.83
14/8/2013,12,1.82
14/8/2013,13,1.82
14/8/2013,14,1.81
14/8/2013,15,1.80
14/8/2013,16,1.80
14/8/2013,17,1.79
14/8/2013,18,1.79
14/8/2013,19,1.78
14/8/2013,20,1.77
14/8/2013,21,1.76
14/8/2013,22,1.75
14/8/2013,23,1.74
14/8/2013,24,1.73
15/8/2013,1,1.72
15/8/2013,2,1.71
15/8/2013,3,1.70
15/8/2013,4,1.69
15/8/2013,5,1.68
15/8/2013,6,1.67
15/8/2013,7,1.67
15/8/2013,8,1.67
15/8/2013,9,1.67
15/8/2013,10,1.68
15/8/2013,11,1.68
15/8/2013,12,1.69
15/8/2013,13,1.69
15/8/2013,14,1.70
15/8/2013,15,1.70
15/8/2013,16,1.71
15/8/2013,17,1.71
15/8/2013,18,1.72
15/8/2013,19,1.72
15/8/2013,20,1.73
15/8/2013,21,1.73
15/8/2013,22,1.74
15/8/2013,23,1.74
15/8/2013,24,1.74
16/8/2013,1,1.75
16/8/2013,2,1.75
16/8/2013,3,1.76
16/8/2013,4,1.76
16/8/2013,5,1.77
16/8/2013,6,1.77
16/8/2013,7,1.77
16/8/2013,8,1.77
16/8/2013,9,1.77
16/8/2013,10,1.77
16/8/2013,11,1.76
16/8/2013,12,1.76
16/8/2013,13,1.75
16/8/2013,14,1.75
16/8/2013,15,1.75
16/8/2013,16,1.74
16/8/2013,17,1.74
16/8/2013,18,1.73
16/8/2013,19,1.72
16/8/2013,20,1.71
16/8/2013,21,1.70
16/8/2013,22,1.69
16/8/2013,23,1.68
16/8/2013,24,1.67
17/8/2013,1,1.67
17/8/2013,2,1.66
17/8/2013,3,1.66
17/8/2013,4,1.66
17/8/2013,5,1.65
17/8/2013,6,1.65
17/8/2013,7,1.65
17/8/2013,8,1.65
17/8/2013,9,1.65
17/8/2013,10,1.65
17/8/2013,11,1.65
17/8/2013,12,1.64
17/8/2013,13,1.64
17/8/2013,14,1.63
17/8/2013,15,1.63
17/8/2013,16,1.63
17/8/2013,17,1.62
17/8/2013,18,1.62
17/8/2013,19,1.61
17/8/2013,20,1.60
17/8/2013,21,1.60
17/8/2013,22,1.59
17/8/2013,23,1.58
17/8/2013,24,1.57
18/8/2013,1,1.56
18/8/2013,2,1.55
18/8/2013,3,1.56
18/8/2013,4,1.55
18/8/2013,5,1.55
18/8/2013,6,1.55
18/8/2013,7,1.55
18/8/2013,8,1.55
18/8/2013,9,1.55
18/8/2013,10,1.55
18/8/2013,11,1.55
18/8/2013,12,1.55
18/8/2013,13,1.55
18/8/2013,14,1.54
18/8/2013,15,1.54
18/8/2013,16,1.54
18/8/2013,17,1.53
18/8/2013,18,1.53
18/8/2013,19,1.53
18/8/2013,20,1.52
18/8/2013,21,1.52
18/8/2013,22,1.52
18/8/2013,23,1.52
18/8/2013,24,1.51
19/8/2013,1,1.51
19/8/2013,2,1.51
19/8/2013,3,1.51
19/8/2013,4,1.50
19/8/2013,5,1.50
19/8/2013,6,1.50
19/8/2013,7,1.50
19/8/2013,8,1.49
19/8/2013,9,1.49
19/8/2013,10,1.49
19/8/2013,11,1.49
19/8/2013,12,1.49
19/8/2013,13,1.49
19/8/2013,14,1.49
19/8/2013,15,1.49
19/8/2013,16,1.48
19/8/2013,17,1.48
19/8/2013,18,1.47
19/8/2013,19,1.47
19/8/2013,20,1.47
19/8/2013,21,1.47
19/8/2013,22,1.47
19/8/2013,23,1.47
19/8/2013,24,1.47
20/8/2013,1,1.46
20/8/2013,2,1.46
20/8/2013,3,1.46
20/8/2013,4,1.46
20/8/2013,5,1.46
20/8/2013,6,1.46
20/8/2013,7,1.46
20/8/2013,8,1.46
20/8/2013,9,1.46
20/8/2013,10,1.46
20/8/2013,11,1.46
20/8/2013,12,1.46
20/8/2013,13,1.46
20/8/2013,14,1.47
20/8/2013,15,1.47
20/8/2013,16,1.47
20/8/2013,17,1.47
20/8/2013,18,1.47
20/8/2013,19,1.47
20/8/2013,20,1.47
20/8/2013,21,1.47
20/8/2013,22,1.47
20/8/2013,23,1.47
20/8/2013,24,1.47
21/8/2013,1,1.46
21/8/2013,2,1.46
21/8/2013,3,1.46
21/8/2013,4,1.46
21/8/2013,5,1.45
21/8/2013,6,1.45
21/8/2013,7,1.45
21/8/2013,8,1.45
21/8/2013,9,1.45
21/8/2013,10,1.45
21/8/2013,11,1.46
21/8/2013,12,1.46
21/8/2013,13,1.46
21/8/2013,14,1.46
21/8/2013,15,1.46
21/8/2013,16,1.47
21/8/2013,17,1.47
21/8/2013,18,1.47
21/8/2013,19,1.47
21/8/2013,20,1.47
21/8/2013,21,1.47
21/8/2013,22,1.47
21/8/2013,23,1.47
21/8/2013,24,1.47
22/8/2013,1,1.48
22/8/2013,2,1.51
22/8/2013,3,1.54
22/8/2013,4,1.57
22/8/2013,5,1.61
22/8/2013,6,1.64
22/8/2013,7,1.65
22/8/2013,8,1.67
22/8/2013,9,1.68
22/8/2013,10,1.69
22/8/2013,11,1.70
22/8/2013,12,1.70
22/8/2013,13,1.70
22/8/2013,14,1.71
22/8/2013,15,1.71
22/8/2013,16,1.71
22/8/2013,17,1.71
22/8/2013,18,1.71
22/8/2013,19,1.71
22/8/2013,20,1.70
22/8/2013,21,1.70
22/8/2013,22,1.70
22/8/2013,23,1.70
22/8/2013,24,1.70
23/8/2013,1,1.70
23/8/2013,2,1.71
23/8/2013,3,1.71
23/8/2013,4,1.71
23/8/2013,5,1.71
23/8/2013,6,1.71
23/8/2013,7,1.71
23/8/2013,8,1.71
23/8/2013,9,1.71
23/8/2013,10,1.72
23/8/2013,11,1.72
23/8/2013,12,1.73
23/8/2013,13,1.73
23/8/2013,14,1.72
23/8/2013,15,1.71
23/8/2013,16,1.71
23/8/2013,17,1.70
23/8/2013,18,1.69
23/8/2013,19,1.69
23/8/2013,20,1.69
23/8/2013,21,1.70
23/8/2013,22,1.70
23/8/2013,23,1.70
23/8/2013,24,1.70
24/8/2013,1,1.71
24/8/2013,2,1.71
24/8/2013,3,1.71
24/8/2013,4,1.72
24/8/2013,5,1.72
24/8/2013,6,1.72
24/8/2013,7,1.72
24/8/2013,8,1.72
24/8/2013,9,1.72
24/8/2013,10,1.72
24/8/2013,11,1.72
24/8/2013,12,1.72
24/8/2013,13,1.71
24/8/2013,14,1.71
24/8/2013,15,1.71
24/8/2013,16,1.71
24/8/2013,17,1.71
24/8/2013,18,1.71
24/8/2013,19,1.71
24/8/2013,20,1.71
24/8/2013,21,1.70
24/8/2013,22,1.69
24/8/2013,23,1.69
24/8/2013,24,1.68
25/8/2013,1,1.68
25/8/2013,2,1.67
25/8/2013,3,1.67
25/8/2013,4,1.66
25/8/2013,5,1.66
25/8/2013,6,1.66
25/8/2013,7,1.66
25/8/2013,8,1.65
25/8/2013,9,1.65
25/8/2013,10,1.65
25/8/2013,11,1.64
25/8/2013,12,1.64
25/8/2013,13,1.64
25/8/2013,14,1.63
25/8/2013,15,1.63
25/8/2013,16,1.62
25/8/2013,17,1.62
25/8/2013,18,1.61
25/8/2013,19,1.61
25/8/2013,20,1.61
25/8/2013,21,1.61
25/8/2013,22,1.60
25/8/2013,23,1.60
25/8/2013,24,1.59
26/8/2013,1,1.59
26/8/2013,2,1.58
26/8/2013,3,1.57
26/8/2013,4,1.56
26/8/2013,5,1.55
26/8/2013,6,1.54
26/8/2013,7,1.54
26/8/2013,8,1.54
26/8/2013,9,1.54
26/8/2013,10,1.55
26/8/2013,11,1.55
26/8/2013,12,1.56
26/8/2013,13,1.56
26/8/2013,14,1.56
26/8/2013,15,1.56
26/8/2013,16,1.55
26/8/2013,17,1.55
26/8/2013,18,1.55
26/8/2013,19,1.55
26/8/2013,20,1.55
26/8/2013,21,1.55
26/8/2013,22,1.55
26/8/2013,23,1.55
26/8/2013,24,1.55
27/8/2013,1,1.54
27/8/2013,2,1.54
27/8/2013,3,1.54
27/8/2013,4,1.54
27/8/2013,5,1.54
27/8/2013,6,1.54
27/8/2013,7,1.54
27/8/2013,8,1.54
27/8/2013,9,1.54
27/8/2013,10,1.54
27/8/2013,11,1.54
27/8/2013,12,1.54
27/8/2013,13,1.54
27/8/2013,14,1.54
27/8/2013,15,1.54
27/8/2013,16,1.53
27/8/2013,17,1.53
27/8/2013,18,1.53
27/8/2013,19,1.53
27/8/2013,20,1.53
27/8/2013,21,1.53
27/8/2013,22,1.53
27/8/2013,23,1.52
27/8/2013,24,1.52
28/8/2013,1,1.52
28/8/2013,2,1.52
28/8/2013,3,1.52
28/8/2013,4,1.52
28/8/2013,5,1.51
28/8/2013,6,1.51
28/8/2013,7,1.51
28/8/2013,8,1.51
28/8/2013,9,1.51
28/8/2013,10,1.51
28/8/2013,11,1.51
28/8/2013,12,1.51
28/8/2013,13,1.51
28/8/2013,14,1.50
28/8/2013,15,1.50
28/8/2013,16,1.50
28/8/2013,17,1.50
28/8/2013,18,1.49
28/8/2013,19,1.49
28/8/2013,20,1.48
28/8/2013,21,1.48
28/8/2013,22,1.47
28/8/2013,23,1.47
28/8/2013,24,1.46
29/8/2013,1,1.45
29/8/2013,2,1.45
29/8/2013,3,1.44
29/8/2013,4,1.44
29/8/2013,5,1.43
29/8/2013,6,1.43
29/8/2013,7,1.43
29/8/2013,8,1.42
29/8/2013,9,1.42
29/8/2013,10,1.42
29/8/2013,11,1.42
29/8/2013,12,1.42
29/8/2013,13,1.42
29/8/2013,14,1.41
29/8/2013,15,1.41
29/8/2013,16,1.41
29/8/2013,17,1.41
29/8/2013,18,1.41
29/8/2013,19,1.41
29/8/2013,20,1.41
29/8/2013,21,1.41
29/8/2013,22,1.40
29/8/2013,23,1.40
29/8/2013,24,1.40
30/8/2013,1,1.40
30/8/2013,2,1.40
30/8/2013,3,1.39
30/8/2013,4,1.39
30/8/2013,5,1.39
30/8/2013,6,1.38
30/8/2013,7,1.38
30/8/2013,8,1.38
30/8/2013,9,1.38
30/8/2013,10,1.38
30/8/2013,11,1.38
30/8/2013,12,1.38
30/8/2013,13,1.38
30/8/2013,14,1.38
30/8/2013,15,1.38
30/8/2013,16,1.38
30/8/2013,17,1.38
30/8/2013,18,1.38
30/8/2013,19,1.37
30/8/2013,20,1.37
30/8/2013,21,1.37
30/8/2013,22,1.37
30/8/2013,23,1.37
30/8/2013,24,1.37
31/8/2013,1,1.37
31/8/2013,2,1.37
31/8/2013,3,1.37
31/8/2013,4,1.37
31/8/2013,5,1.37
31/8/2013,6,1.36
31/8/2013,7,1.36
31/8/2013,8,1.36
31/8/2013,9,1.36
31/8/2013,10,1.36
31/8/2013,11,1.36
31/8/2013,12,1.36
31/8/2013,13,1.36
31/8/2013,14,1.36
31/8/2013,15,1.36
31/8/2013,16,1.36
31/8/2013,17,1.36
31/8/2013,18,1.36
31/8/2013,19,1.37
31/8/2013,20,1.37
31/8/2013,21,1.37
31/8/2013,22,1.37
31/8/2013,23,1.37
31/8/2013,24,1.37
1/9/2013,1,1.37
1/9/2013,2,1.37
1/9/2013,3,1.37
1/9/2013,4,1.37
1/9/2013,5,1.37
1/9/2013,6,1.37
1/9/2013,7,1.37
1/9/2013,8,1.38
1/9/2013,9,1.39
1/9/2013,10,1.40
1/9/2013,11,1.41
1/9/2013,12,1.42
1/9/2013,13,1.43
1/9/2013,14,1.45
1/9/2013,15,1.46
1/9/2013,16,1.48
1/9/2013,17,1.50
1/9/2013,18,1.53
1/9/2013,19,1.55
1/9/2013,20,1.57
1/9/2013,21,1.60
1/9/2013,22,1.62
1/9/2013,23,1.65
1/9/2013,24,1.68
2/9/2013,1,1.70
2/9/2013,2,1.73
2/9/2013,3,1.76
2/9/2013,4,1.79
2/9/2013,5,1.83
2/9/2013,6,1.85
2/9/2013,7,1.88
2/9/2013,8,1.90
2/9/2013,9,1.92
2/9/2013,10,1.93
2/9/2013,11,1.94
2/9/2013,12,1.94
2/9/2013,13,1.93
2/9/2013,14,1.92
2/9/2013,15,1.90
2/9/2013,16,1.89
2/9/2013,17,1.87
2/9/2013,18,1.85
2/9/2013,19,1.84
2/9/2013,20,1.82
2/9/2013,21,1.80
2/9/2013,22,1.78
2/9/2013,23,1.77
2/9/2013,24,1.75
3/9/2013,1,1.74
3/9/2013,2,1.72
3/9/2013,3,1.70
3/9/2013,4,1.69
3/9/2013,5,1.68
3/9/2013,6,1.66
3/9/2013,7,1.65
3/9/2013,8,1.64
3/9/2013,9,1.63
3/9/2013,10,1.62
3/9/2013,11,1.61
3/9/2013,12,1.60
3/9/2013,13,1.60
3/9/2013,14,1.59
3/9/2013,15,1.59
3/9/2013,16,1.58
3/9/2013,17,1.57
3/9/2013,18,1.56
3/9/2013,19,1.55
3/9/2013,20,1.55
3/9/2013,21,1.54
3/9/2013,22,1.54
3/9/2013,23,1.53
3/9/2013,24,1.53
4/9/2013,1,1.52
4/9/2013,2,1.52
4/9/2013,3,1.51
4/9/2013,4,1.51
4/9/2013,5,1.50
4/9/2013,6,1.50
4/9/2013,7,1.50
4/9/2013,8,1.49
4/9/2013,9,1.49
4/9/2013,10,1.49
4/9/2013,11,1.48
4/9/2013,12,1.48
4/9/2013,13,1.47
4/9/2013,14,1.47
4/9/2013,15,1.46
4/9/2013,16,1.46
4/9/2013,17,1.46
4/9/2013,18,1.45
4/9/2013,19,1.45
4/9/2013,20,1.45
4/9/2013,21,1.44
4/9/2013,22,1.44
4/9/2013,23,1.44
4/9/2013,24,1.44
5/9/2013,1,1.44
5/9/2013,2,1.44
5/9/2013,3,1.44
5/9/2013,4,1.44
5/9/2013,5,1.44
5/9/2013,6,1.43
5/9/2013,7,1.43
5/9/2013,8,1.43
5/9/2013,9,1.43
5/9/2013,10,1.43
5/9/2013,11,1.43
5/9/2013,12,1.43
5/9/2013,13,1.43
5/9/2013,14,1.43
5/9/2013,15,1.43
5/9/2013,16,1.43
5/9/2013,17,1.43
5/9/2013,18,1.43
5/9/2013,19,1.44
5/9/2013,20,1.44
5/9/2013,21,1.44
5/9/2013,22,1.44
5/9/2013,23,1.45
5/9/2013,24,1.45
6/9/2013,1,1.45
6/9/2013,2,1.45
6/9/2013,3,1.45
6/9/2013,4,1.46
6/9/2013,5,1.46
6/9/2013,6,1.46
6/9/2013,7,1.46
6/9/2013,8,1.47
6/9/2013,9,1.47
6/9/2013,10,1.48
6/9/2013,11,1.48
6/9/2013,12,1.49
6/9/2013,13,1.50
6/9/2013,14,1.50
6/9/2013,15,1.51
6/9/2013,16,1.52
6/9/2013,17,1.52
6/9/2013,18,1.53
6/9/2013,19,1.54
6/9/2013,20,1.55
6/9/2013,21,1.56
6/9/2013,22,1.57
6/9/2013,23,1.58
6/9/2013,24,1.58
7/9/2013,1,1.59
7/9/2013,2,1.60
7/9/2013,3,1.61
7/9/2013,4,1.62
7/9/2013,5,1.63
7/9/2013,6,1.64
7/9/2013,7,1.65
7/9/2013,8,1.66
7/9/2013,9,1.67
7/9/2013,10,1.68
7/9/2013,11,1.69
7/9/2013,12,1.70
7/9/2013,13,1.71
7/9/2013,14,1.72
7/9/2013,15,1.73
7/9/2013,16,1.75
7/9/2013,17,1.77
7/9/2013,18,1.78
7/9/2013,19,1.79
7/9/2013,20,1.80
7/9/2013,21,1.81
7/9/2013,22,1.82
7/9/2013,23,1.83
7/9/2013,24,1.84
8/9/2013,1,1.86
8/9/2013,2,1.87
8/9/2013,3,1.89
8/9/2013,4,1.90
8/9/2013,5,1.91
8/9/2013,6,1.92
8/9/2013,7,1.93
8/9/2013,8,1.94
8/9/2013,9,1.95
8/9/2013,10,1.96
8/9/2013,11,1.98
8/9/2013,12,1.99
8/9/2013,13,2.01
8/9/2013,14,2.02
8/9/2013,15,2.04
8/9/2013,16,2.05
8/9/2013,17,2.07
8/9/2013,18,2.08
8/9/2013,19,2.09
8/9/2013,20,2.10
8/9/2013,21,2.11
8/9/2013,22,2.13
8/9/2013,23,2.15
8/9/2013,24,2.16
9/9/2013,1,2.17
9/9/2013,2,2.18
9/9/2013,3,2.19
9/9/2013,4,2.20
9/9/2013,5,2.21
9/9/2013,6,2.23
9/9/2013,7,2.24
9/9/2013,8,2.25
9/9/2013,9,2.27
9/9/2013,10,2.28
9/9/2013,11,2.29
9/9/2013,12,2.30
9/9/2013,13,2.31
9/9/2013,14,2.32
9/9/2013,15,2.33
9/9/2013,16,2.34
9/9/2013,17,2.35
9/9/2013,18,2.36
9/9/2013,19,2.37
9/9/2013,20,2.37
9/9/2013,21,2.38
9/9/2013,22,2.38
9/9/2013,23,2.38
9/9/2013,24,2.38
10/9/2013,1,2.37
10/9/2013,2,2.36
10/9/2013,3,2.35
10/9/2013,4,2.34
10/9/2013,5,2.33
10/9/2013,6,2.31
10/9/2013,7,2.30
10/9/2013,8,2.28
10/9/2013,9,2.27
10/9/2013,10,2.26
10/9/2013,11,2.24
10/9/2013,12,2.23
10/9/2013,13,2.21
10/9/2013,14,2.19
10/9/2013,15,2.18
10/9/2013,16,2.17
10/9/2013,17,2.15
10/9/2013,18,2.14
10/9/2013,19,2.13
10/9/2013,20,2.11
10/9/2013,21,2.10
10/9/2013,22,2.09
10/9/2013,23,2.07
10/9/2013,24,2.06
11/9/2013,1,2.05
11/9/2013,2,2.04
11/9/2013,3,2.03
11/9/2013,4,2.02
11/9/2013,5,2.01
11/9/2013,6,2.00
11/9/2013,7,1.99
11/9/2013,8,1.98
11/9/2013,9,1.97
11/9/2013,10,1.96
11/9/2013,11,1.95
11/9/2013,12,1.94
11/9/2013,13,1.93
11/9/2013,14,1.92
11/9/2013,15,1.91
11/9/2013,16,1.90
11/9/2013,17,1.89
11/9/2013,18,1.88
11/9/2013,19,1.87
11/9/2013,20,1.86
11/9/2013,21,1.85
11/9/2013,22,1.83
11/9/2013,23,1.82
11/9/2013,24,1.81
12/9/2013,1,1.80
12/9/2013,2,1.79
12/9/2013,3,1.79
12/9/2013,4,1.78
12/9/2013,5,1.78
12/9/2013,6,1.78
12/9/2013,7,1.78
12/9/2013,8,1.77
12/9/2013,9,1.77
12/9/2013,10,1.77
12/9/2013,11,1.77
12/9/2013,12,1.78
12/9/2013,13,1.78
12/9/2013,14,1.78
12/9/2013,15,1.79
12/9/2013,16,1.79
12/9/2013,17,1.79
12/9/2013,18,1.80
12/9/2013,19,1.80
12/9/2013,20,1.81
12/9/2013,21,1.81
12/9/2013,22,1.82
12/9/2013,23,1.83
12/9/2013,24,1.84
13/9/2013,1,1.84
13/9/2013,2,1.85
13/9/2013,3,1.85
13/9/2013,4,1.86
13/9/2013,5,1.86
13/9/2013,6,1.87
13/9/2013,7,1.87
13/9/2013,8,1.88
13/9/2013,9,1.88
13/9/2013,10,1.89
13/9/2013,11,1.89
13/9/2013,12,1.89
13/9/2013,13,1.90
13/9/2013,14,1.90
13/9/2013,15,1.90
13/9/2013,16,1.89
13/9/2013,17,1.89
13/9/2013,18,1.88
13/9/2013,19,1.88
13/9/2013,20,1.87
13/9/2013,21,1.87
13/9/2013,22,1.86
13/9/2013,23,1.85
13/9/2013,24,1.84
14/9/2013,1,1.84
14/9/2013,2,1.83
14/9/2013,3,1.83
14/9/2013,4,1.82
14/9/2013,5,1.82
14/9/2013,6,1.81
14/9/2013,7,1.81
14/9/2013,8,1.81
14/9/2013,9,1.81
14/9/2013,10,1.81
14/9/2013,11,1.81
14/9/2013,12,1.81
14/9/2013,13,1.82
14/9/2013,14,1.82
14/9/2013,15,1.83
14/9/2013,16,1.83
14/9/2013,17,1.84
14/9/2013,18,1.84
14/9/2013,19,1.85
14/9/2013,20,1.85
14/9/2013,21,1.86
14/9/2013,22,1.87
14/9/2013,23,1.88
14/9/2013,24,1.89
15/9/2013,1,1.90
15/9/2013,2,1.92
15/9/2013,3,1.93
15/9/2013,4,1.94
15/9/2013,5,1.95
15/9/2013,6,1.97
15/9/2013,7,1.98
15/9/2013,8,2.00
15/9/2013,9,2.01
15/9/2013,10,2.03
15/9/2013,11,2.04
15/9/2013,12,2.06
15/9/2013,13,2.07
15/9/2013,14,2.08
15/9/2013,15,2.10
15/9/2013,16,2.11
15/9/2013,17,2.12
15/9/2013,18,2.13
15/9/2013,19,2.14
15/9/2013,20,2.15
15/9/2013,21,2.16
15/9/2013,22,2.17
15/9/2013,23,2.18
15/9/2013,24,2.18
16/9/2013,1,2.18
16/9/2013,2,2.17
16/9/2013,3,2.16
16/9/2013,4,2.15
16/9/2013,5,2.14
16/9/2013,6,2.13
16/9/2013,7,2.13
16/9/2013,8,2.12
16/9/2013,9,2.11
16/9/2013,10,2.11
16/9/2013,11,2.10
16/9/2013,12,2.09
16/9/2013,13,2.09
16/9/2013,14,2.08
16/9/2013,15,2.08
16/9/2013,16,2.07
16/9/2013,17,2.07
16/9/2013,18,2.07
16/9/2013,19,2.07
16/9/2013,20,2.07
16/9/2013,21,2.07
16/9/2013,22,2.06
16/9/2013,23,2.06
16/9/2013,24,2.06
17/9/2013,1,2.07
17/9/2013,2,2.07
17/9/2013,3,2.07
17/9/2013,4,2.07
17/9/2013,5,2.08
17/9/2013,6,2.08
17/9/2013,7,2.08
17/9/2013,8,2.09
17/9/2013,9,2.09
17/9/2013,10,2.09
17/9/2013,11,2.10
17/9/2013,12,2.10
17/9/2013,13,2.10
17/9/2013,14,2.10
17/9/2013,15,2.11
17/9/2013,16,2.11
17/9/2013,17,2.11
17/9/2013,18,2.11
17/9/2013,19,2.11
17/9/2013,20,2.11
17/9/2013,21,2.11
17/9/2013,22,2.10
17/9/2013,23,2.10
17/9/2013,24,2.09
18/9/2013,1,2.08
18/9/2013,2,2.07
18/9/2013,3,2.07
18/9/2013,4,2.06
18/9/2013,5,2.06
18/9/2013,6,2.05
18/9/2013,7,2.05
18/9/2013,8,2.04
18/9/2013,9,2.04
18/9/2013,10,2.03
18/9/2013,11,2.02
18/9/2013,12,2.01
18/9/2013,13,2.01
18/9/2013,14,2.00
18/9/2013,15,2.00
18/9/2013,16,1.99
18/9/2013,17,1.98
18/9/2013,18,1.97
18/9/2013,19,1.97
18/9/2013,20,1.96
18/9/2013,21,1.96
18/9/2013,22,1.95
18/9/2013,23,1.95
18/9/2013,24,1.94
19/9/2013,1,1.93
19/9/2013,2,1.93
19/9/2013,3,1.92
19/9/2013,4,1.92
19/9/2013,5,1.91
19/9/2013,6,1.90
19/9/2013,7,1.90
19/9/2013,8,1.89
19/9/2013,9,1.88
19/9/2013,10,1.88
19/9/2013,11,1.87
19/9/2013,12,1.86
19/9/2013,13,1.85
19/9/2013,14,1.85
19/9/2013,15,1.84
19/9/2013,16,1.84
19/9/2013,17,1.83
19/9/2013,18,1.83
19/9/2013,19,1.82
19/9/2013,20,1.81
19/9/2013,21,1.81
19/9/2013,22,1.80
19/9/2013,23,1.80
19/9/2013,24,1.79
20/9/2013,1,1.78
20/9/2013,2,1.78
20/9/2013,3,1.77
20/9/2013,4,1.77
20/9/2013,5,1.76
20/9/2013,6,1.75
20/9/2013,7,1.75
20/9/2013,8,1.75
20/9/2013,9,1.74
20/9/2013,10,1.74
20/9/2013,11,1.74
20/9/2013,12,1.73
20/9/2013,13,1.73
20/9/2013,14,1.73
20/9/2013,15,1.72
20/9/2013,16,1.72
20/9/2013,17,1.71
20/9/2013,18,1.71
20/9/2013,19,1.70
20/9/2013,20,1.70
20/9/2013,21,1.69
20/9/2013,22,1.69
20/9/2013,23,1.69
20/9/2013,24,1.68
21/9/2013,1,1.68
21/9/2013,2,1.68
21/9/2013,3,1.67
21/9/2013,4,1.67
21/9/2013,5,1.66
21/9/2013,6,1.66
21/9/2013,7,1.66
21/9/2013,8,1.65
21/9/2013,9,1.65
21/9/2013,10,1.64
21/9/2013,11,1.64
21/9/2013,12,1.63
21/9/2013,13,1.63
21/9/2013,14,1.63
21/9/2013,15,1.62
21/9/2013,16,1.62
21/9/2013,17,1.62
21/9/2013,18,1.62
21/9/2013,19,1.61
21/9/2013,20,1.61
21/9/2013,21,1.61
21/9/2013,22,1.61
21/9/2013,23,1.61
21/9/2013,24,1.61
22/9/2013,1,1.60
22/9/2013,2,1.60
22/9/2013,3,1.60
22/9/2013,4,1.60
22/9/2013,5,1.60
22/9/2013,6,1.59
22/9/2013,7,1.59
22/9/2013,8,1.59
22/9/2013,9,1.59
22/9/2013,10,1.59
22/9/2013,11,1.59
22/9/2013,12,1.59
22/9/2013,13,1.58
22/9/2013,14,1.58
22/9/2013,15,1.58
22/9/2013,16,1.58
22/9/2013,17,1.58
22/9/2013,18,1.58
22/9/2013,19,1.57
22/9/2013,20,1.57
22/9/2013,21,1.57
22/9/2013,22,1.57
22/9/2013,23,1.57
22/9/2013,24,1.57
23/9/2013,1,1.56
23/9/2013,2,1.56
23/9/2013,3,1.56
23/9/2013,4,1.55
23/9/2013,5,1.55
23/9/2013,6,1.55
23/9/2013,7,1.54
23/9/2013,8,1.54
23/9/2013,9,1.54
23/9/2013,10,1.53
23/9/2013,11,1.53
23/9/2013,12,1.52
23/9/2013,13,1.52
23/9/2013,14,1.51
23/9/2013,15,1.51
23/9/2013,16,1.50
23/9/2013,17,1.50
23/9/2013,18,1.49
23/9/2013,19,1.49
23/9/2013,20,1.48
23/9/2013,21,1.48
23/9/2013,22,1.47
23/9/2013,23,1.47
23/9/2013,24,1.47
24/9/2013,1,1.46
24/9/2013,2,1.46
24/9/2013,3,1.46
24/9/2013,4,1.46
24/9/2013,5,1.46
24/9/2013,6,1.45
24/9/2013,7,1.45
24/9/2013,8,1.45
24/9/2013,9,1.45
24/9/2013,10,1.45
24/9/2013,11,1.44
24/9/2013,12,1.44
24/9/2013,13,1.44
24/9/2013,14,1.44
24/9/2013,15,1.44
24/9/2013,16,1.44
24/9/2013,17,1.44
24/9/2013,18,1.44
24/9/2013,19,1.45
24/9/2013,20,1.45
24/9/2013,21,1.45
24/9/2013,22,1.45
24/9/2013,23,1.45
24/9/2013,24,1.45
25/9/2013,1,1.46
25/9/2013,2,1.46
25/9/2013,3,1.46
25/9/2013,4,1.47
25/9/2013,5,1.47
25/9/2013,6,1.47
25/9/2013,7,1.47
25/9/2013,8,1.48
25/9/2013,9,1.48
25/9/2013,10,1.48
25/9/2013,11,1.48
25/9/2013,12,1.49
25/9/2013,13,1.49
25/9/2013,14,1.49
25/9/2013,15,1.49
25/9/2013,16,1.49
25/9/2013,17,1.50
25/9/2013,18,1.50
25/9/2013,19,1.50
25/9/2013,20,1.50
25/9/2013,21,1.50
25/9/2013,22,1.50
25/9/2013,23,1.51
25/9/2013,24,1.51
26/9/2013,1,1.51
26/9/2013,2,1.51
26/9/2013,3,1.51
26/9/2013,4,1.52
26/9/2013,5,1.52
26/9/2013,6,1.52
26/9/2013,7,1.53
26/9/2013,8,1.53
26/9/2013,9,1.53
26/9/2013,10,1.53
26/9/2013,11,1.53
26/9/2013,12,1.54
26/9/2013,13,1.54
26/9/2013,14,1.54
26/9/2013,15,1.54
26/9/2013,16,1.55
26/9/2013,17,1.55
26/9/2013,18,1.55
26/9/2013,19,1.55
26/9/2013,20,1.55
26/9/2013,21,1.56
26/9/2013,22,1.56
26/9/2013,23,1.57
26/9/2013,24,1.57
27/9/2013,1,1.58
27/9/2013,2,1.58
27/9/2013,3,1.59
27/9/2013,4,1.59
27/9/2013,5,1.60
27/9/2013,6,1.60
27/9/2013,7,1.61
27/9/2013,8,1.62
27/9/2013,9,1.63
27/9/2013,10,1.64
27/9/2013,11,1.66
27/9/2013,12,1.67
27/9/2013,13,1.69
27/9/2013,14,1.70
27/9/2013,15,1.72
27/9/2013,16,1.74
27/9/2013,17,1.75
27/9/2013,18,1.77
27/9/2013,19,1.79
27/9/2013,20,1.81
27/9/2013,21,1.83
27/9/2013,22,1.85
27/9/2013,23,1.88
27/9/2013,24,1.90
28/9/2013,1,1.92
28/9/2013,2,1.94
28/9/2013,3,1.96
28/9/2013,4,1.99
28/9/2013,5,2.02
28/9/2013,6,2.04
28/9/2013,7,2.06
28/9/2013,8,2.08
28/9/2013,9,2.11
28/9/2013,10,2.13
28/9/2013,11,2.16
28/9/2013,12,2.17
28/9/2013,13,2.19
28/9/2013,14,2.21
28/9/2013,15,2.22
28/9/2013,16,2.23
28/9/2013,17,2.24
28/9/2013,18,2.24
28/9/2013,19,2.25
28/9/2013,20,2.25
28/9/2013,21,2.25
28/9/2013,22,2.25
28/9/2013,23,2.24
28/9/2013,24,2.23
29/9/2013,1,2.22
29/9/2013,2,2.21
29/9/2013,3,2.20
29/9/2013,4,2.19
29/9/2013,5,2.18
29/9/2013,6,2.17
29/9/2013,7,2.16
29/9/2013,8,2.15
29/9/2013,9,2.14
29/9/2013,10,2.13
29/9/2013,11,2.12
29/9/2013,12,2.10
29/9/2013,13,2.09
29/9/2013,14,2.08
29/9/2013,15,2.07
29/9/2013,16,2.06
29/9/2013,17,2.05
29/9/2013,18,2.04
29/9/2013,19,2.03
29/9/2013,20,2.02
29/9/2013,21,2.01
29/9/2013,22,2.00
29/9/2013,23,1.99
29/9/2013,24,1.98
30/9/2013,1,1.97
30/9/2013,2,1.96
30/9/2013,3,1.95
30/9/2013,4,1.95
30/9/2013,5,1.94
30/9/2013,6,1.94
30/9/2013,7,1.93
30/9/2013,8,1.93
30/9/2013,9,1.92
30/9/2013,10,1.92
30/9/2013,11,1.91
30/9/2013,12,1.91
30/9/2013,13,1.90
30/9/2013,14,1.90
30/9/2013,15,1.89
30/9/2013,16,1.89
30/9/2013,17,1.88
30/9/2013,18,1.88
30/9/2013,19,1.87
30/9/2013,20,1.86
30/9/2013,21,1.85
30/9/2013,22,1.84
30/9/2013,23,1.83
30/9/2013,24,1.82
1/10/2013,1,1.81
1/10/2013,2,1.79
1/10/2013,3,1.77
1/10/2013,4,1.75
1/10/2013,5,1.73
1/10/2013,6,1.71
1/10/2013,7,1.70
1/10/2013,8,1.69
1/10/2013,9,1.69
1/10/2013,10,1.68
1/10/2013,11,1.68
1/10/2013,12,1.67
1/10/2013,13,1.67
1/10/2013,14,1.66
1/10/2013,15,1.66
1/10/2013,16,1.66
1/10/2013,17,1.66
1/10/2013,18,1.66
1/10/2013,19,1.65
1/10/2013,20,1.65
1/10/2013,21,1.65
1/10/2013,22,1.65
1/10/2013,23,1.65
1/10/2013,24,1.65
2/10/2013,1,1.64
2/10/2013,2,1.64
2/10/2013,3,1.64
2/10/2013,4,1.64
2/10/2013,5,1.64
2/10/2013,6,1.64
2/10/2013,7,1.64
2/10/2013,8,1.64
2/10/2013,9,1.64
2/10/2013,10,1.64
2/10/2013,11,1.64
2/10/2013,12,1.65
2/10/2013,13,1.65
2/10/2013,14,1.65
2/10/2013,15,1.66
2/10/2013,16,1.66
2/10/2013,17,1.67
2/10/2013,18,1.67
2/10/2013,19,1.67
2/10/2013,20,1.68
2/10/2013,21,1.68
2/10/2013,22,1.69
2/10/2013,23,1.70
2/10/2013,24,1.70
3/10/2013,1,1.71
3/10/2013,2,1.71
3/10/2013,3,1.72
3/10/2013,4,1.72
3/10/2013,5,1.73
3/10/2013,6,1.74
3/10/2013,7,1.75
3/10/2013,8,1.75
3/10/2013,9,1.76
3/10/2013,10,1.76
3/10/2013,11,1.77
3/10/2013,12,1.77
3/10/2013,13,1.78
3/10/2013,14,1.78
3/10/2013,15,1.79
3/10/2013,16,1.79
3/10/2013,17,1.80
3/10/2013,18,1.80
3/10/2013,19,1.80
3/10/2013,20,1.80
3/10/2013,21,1.79
3/10/2013,22,1.79
3/10/2013,23,1.78
3/10/2013,24,1.77
4/10/2013,1,1.77
4/10/2013,2,1.76
4/10/2013,3,1.76
4/10/2013,4,1.75
4/10/2013,5,1.75
4/10/2013,6,1.74
4/10/2013,7,1.74
4/10/2013,8,1.73
4/10/2013,9,1.72
4/10/2013,10,1.72
4/10/2013,11,1.71
4/10/2013,12,1.70
4/10/2013,13,1.69
4/10/2013,14,1.69
4/10/2013,15,1.68
4/10/2013,16,1.68
4/10/2013,17,1.67
4/10/2013,18,1.67
4/10/2013,19,1.67
4/10/2013,20,1.66
4/10/2013,21,1.66
4/10/2013,22,1.66
4/10/2013,23,1.65
4/10/2013,24,1.65
5/10/2013,1,1.65
5/10/2013,2,1.65
5/10/2013,3,1.65
5/10/2013,4,1.65
5/10/2013,5,1.65
5/10/2013,6,1.64
5/10/2013,7,1.64
5/10/2013,8,1.64
5/10/2013,9,1.64
5/10/2013,10,1.64
5/10/2013,11,1.64
5/10/2013,12,1.64
5/10/2013,13,1.64
5/10/2013,14,1.64
5/10/2013,15,1.64
5/10/2013,16,1.64
5/10/2013,17,1.64
5/10/2013,18,1.64
5/10/2013,19,1.64
5/10/2013,20,1.64
5/10/2013,21,1.64
5/10/2013,22,1.64
5/10/2013,23,1.64
5/10/2013,24,1.64
6/10/2013,1,1.65
6/10/2013,2,1.65
6/10/2013,3,1.65
6/10/2013,4,1.65
6/10/2013,5,1.65
6/10/2013,6,1.65
6/10/2013,7,1.65
6/10/2013,8,1.65
6/10/2013,9,1.65
6/10/2013,10,1.65
6/10/2013,11,1.65
6/10/2013,12,1.65
6/10/2013,13,1.65
6/10/2013,14,1.65
6/10/2013,15,1.65
6/10/2013,16,1.65
6/10/2013,17,1.65
6/10/2013,18,1.65
6/10/2013,19,1.65
6/10/2013,20,1.65
6/10/2013,21,1.65
6/10/2013,22,1.65
6/10/2013,23,1.65
6/10/2013,24,1.65
7/10/2013,1,1.66
7/10/2013,2,1.66
7/10/2013,3,1.66
7/10/2013,4,1.66
7/10/2013,5,1.66
7/10/2013,6,1.66
7/10/2013,7,1.65
7/10/2013,8,1.65
7/10/2013,9,1.65
7/10/2013,10,1.65
7/10/2013,11,1.64
7/10/2013,12,1.64
7/10/2013,13,1.64
7/10/2013,14,1.63
7/10/2013,15,1.63
7/10/2013,16,1.63
7/10/2013,17,1.62
7/10/2013,18,1.62
7/10/2013,19,1.61
7/10/2013,20,1.61
7/10/2013,21,1.61
7/10/2013,22,1.60
7/10/2013,23,1.60
7/10/2013,24,1.60
8/10/2013,1,1.59
8/10/2013,2,1.59
8/10/2013,3,1.59
8/10/2013,4,1.59
8/10/2013,5,1.59
8/10/2013,6,1.59
8/10/2013,7,1.58
8/10/2013,8,1.58
8/10/2013,9,1.58
8/10/2013,10,1.58
8/10/2013,11,1.58
8/10/2013,12,1.58
8/10/2013,13,1.57
8/10/2013,14,1.57
8/10/2013,15,1.57
8/10/2013,16,1.57
8/10/2013,17,1.56
8/10/2013,18,1.56
8/10/2013,19,1.56
8/10/2013,20,1.56
8/10/2013,21,1.55
8/10/2013,22,1.55
8/10/2013,23,1.55
8/10/2013,24,1.54
9/10/2013,1,1.54
9/10/2013,2,1.53
9/10/2013,3,1.53
9/10/2013,4,1.52
9/10/2013,5,1.52
9/10/2013,6,1.51
9/10/2013,7,1.51
9/10/2013,8,1.51
9/10/2013,9,1.51
9/10/2013,10,1.51
9/10/2013,11,1.51
9/10/2013,12,1.50
9/10/2013,13,1.50
9/10/2013,14,1.50
9/10/2013,15,1.50
9/10/2013,16,1.50
9/10/2013,17,1.50
9/10/2013,18,1.50
9/10/2013,19,1.49
9/10/2013,20,1.49
9/10/2013,21,1.49
9/10/2013,22,1.49
9/10/2013,23,1.49
9/10/2013,24,1.49
10/10/2013,1,1.48
10/10/2013,2,1.48
10/10/2013,3,1.48
10/10/2013,4,1.48
10/10/2013,5,1.48
10/10/2013,6,1.47
10/10/2013,7,1.47
10/10/2013,8,1.47
10/10/2013,9,1.47
10/10/2013,10,1.47
10/10/2013,11,1.47
10/10/2013,12,1.46
10/10/2013,13,1.46
10/10/2013,14,1.46
10/10/2013,15,1.46
10/10/2013,16,1.46
10/10/2013,17,1.46
10/10/2013,18,1.46
10/10/2013,19,1.45
10/10/2013,20,1.45
10/10/2013,21,1.45
10/10/2013,22,1.45
10/10/2013,23,1.45
10/10/2013,24,1.45
11/10/2013,1,1.44
11/10/2013,2,1.44
11/10/2013,3,1.44
11/10/2013,4,1.44
11/10/2013,5,1.44
11/10/2013,6,1.44
11/10/2013,7,1.44
11/10/2013,8,1.44
11/10/2013,9,1.44
11/10/2013,10,1.44
11/10/2013,11,1.44
11/10/2013,12,1.44
11/10/2013,13,1.43
11/10/2013,14,1.43
11/10/2013,15,1.43
11/10/2013,16,1.43
11/10/2013,17,1.43
11/10/2013,18,1.43
11/10/2013,19,1.43
11/10/2013,20,1.43
11/10/2013,21,1.43
11/10/2013,22,1.43
11/10/2013,23,1.43
11/10/2013,24,1.43
12/10/2013,1,1.42
12/10/2013,2,1.42
12/10/2013,3,1.42
12/10/2013,4,1.42
12/10/2013,5,1.42
12/10/2013,6,1.42
12/10/2013,7,1.42
12/10/2013,8,1.42
12/10/2013,9,1.42
12/10/2013,10,1.42
12/10/2013,11,1.42
12/10/2013,12,1.42
12/10/2013,13,1.42
12/10/2013,14,1.42
12/10/2013,15,1.42
12/10/2013,16,1.42
12/10/2013,17,1.42
12/10/2013,18,1.42
12/10/2013,19,1.42
12/10/2013,20,1.42
12/10/2013,21,1.42
12/10/2013,22,1.42
12/10/2013,23,1.42
12/10/2013,24,1.42
13/10/2013,1,1.41
13/10/2013,2,1.41
13/10/2013,3,1.41
13/10/2013,4,1.41
13/10/2013,5,1.41
13/10/2013,6,1.41
13/10/2013,7,1.41
13/10/2013,8,1.41
13/10/2013,9,1.41
13/10/2013,10,1.41
13/10/2013,11,1.41
13/10/2013,12,1.41
13/10/2013,13,1.41
13/10/2013,14,1.41
13/10/2013,15,1.41
13/10/2013,16,1.41
13/10/2013,17,1.41
13/10/2013,18,1.41
13/10/2013,19,1.41
13/10/2013,20,1.41
13/10/2013,21,1.41
13/10/2013,22,1.41
13/10/2013,23,1.41
13/10/2013,24,1.41
14/10/2013,1,1.40
14/10/2013,2,1.40
14/10/2013,3,1.40
14/10/2013,4,1.40
14/10/2013,5,1.40
14/10/2013,6,1.40
14/10/2013,7,1.39
14/10/2013,8,1.39
14/10/2013,9,1.39
14/10/2013,10,1.39
14/10/2013,11,1.39
14/10/2013,12,1.39
14/10/2013,13,1.38
14/10/2013,14,1.38
14/10/2013,15,1.38
14/10/2013,16,1.38
14/10/2013,17,1.38
14/10/2013,18,1.38
14/10/2013,19,1.37
14/10/2013,20,1.37
14/10/2013,21,1.37
14/10/2013,22,1.37
14/10/2013,23,1.37
14/10/2013,24,1.37
15/10/2013,1,1.36
15/10/2013,2,1.36
15/10/2013,3,1.36
15/10/2013,4,1.36
15/10/2013,5,1.36
15/10/2013,6,1.36
15/10/2013,7,1.36
15/10/2013,8,1.36
15/10/2013,9,1.36
15/10/2013,10,1.36
15/10/2013,11,1.36
15/10/2013,12,1.36
15/10/2013,13,1.36
15/10/2013,14,1.36
15/10/2013,15,1.36
15/10/2013,16,1.36
15/10/2013,17,1.36
15/10/2013,18,1.36
15/10/2013,19,1.36
15/10/2013,20,1.36
15/10/2013,21,1.36
15/10/2013,22,1.36
15/10/2013,23,1.36
15/10/2013,24,1.36
16/10/2013,1,1.35
16/10/2013,2,1.35
16/10/2013,3,1.35
16/10/2013,4,1.35
16/10/2013,5,1.35
16/10/2013,6,1.35
16/10/2013,7,1.35
16/10/2013,8,1.35
16/10/2013,9,1.35
16/10/2013,10,1.35
16/10/2013,11,1.35
16/10/2013,12,1.35
16/10/2013,13,1.35
16/10/2013,14,1.35
16/10/2013,15,1.35
16/10/2013,16,1.35
16/10/2013,17,1.35
16/10/2013,18,1.34
16/10/2013,19,1.34
16/10/2013,20,1.34
16/10/2013,21,1.34
16/10/2013,22,1.34
16/10/2013,23,1.34
16/10/2013,24,1.34
17/10/2013,1,1.33
17/10/2013,2,1.33
17/10/2013,3,1.33
17/10/2013,4,1.33
17/10/2013,5,1.33
17/10/2013,6,1.33
17/10/2013,7,1.33
17/10/2013,8,1.33
17/10/2013,9,1.33
17/10/2013,10,1.33
17/10/2013,11,1.34
17/10/2013,12,1.34
17/10/2013,13,1.35
17/10/2013,14,1.35
17/10/2013,15,1.36
17/10/2013,16,1.36
17/10/2013,17,1.37
17/10/2013,18,1.37
17/10/2013,19,1.38
17/10/2013,20,1.39
17/10/2013,21,1.40
17/10/2013,22,1.41
17/10/2013,23,1.42
17/10/2013,24,1.43
18/10/2013,1,1.44
18/10/2013,2,1.45
18/10/2013,3,1.46
18/10/2013,4,1.48
18/10/2013,5,1.50
18/10/2013,6,1.52
18/10/2013,7,1.55
18/10/2013,8,1.58
18/10/2013,9,1.61
18/10/2013,10,1.64
18/10/2013,11,1.67
18/10/2013,12,1.71
18/10/2013,13,1.76
18/10/2013,14,1.81
18/10/2013,15,1.86
18/10/2013,16,1.92
18/10/2013,17,1.99
18/10/2013,18,2.05
18/10/2013,19,2.12
18/10/2013,20,2.20
18/10/2013,21,2.29
18/10/2013,22,2.38
18/10/2013,23,2.46
18/10/2013,24,2.52
19/10/2013,1,2.58
19/10/2013,2,2.64
19/10/2013,3,2.69
19/10/2013,4,2.73
19/10/2013,5,2.77
19/10/2013,6,2.79
19/10/2013,7,2.81
19/10/2013,8,2.83
19/10/2013,9,2.85
19/10/2013,10,2.86
19/10/2013,11,2.86
19/10/2013,12,2.86
19/10/2013,13,2.86
19/10/2013,14,2.85
19/10/2013,15,2.85
19/10/2013,16,2.83
19/10/2013,17,2.81
19/10/2013,18,2.79
19/10/2013,19,2.77
19/10/2013,20,2.75
19/10/2013,21,2.73
19/10/2013,22,2.71
19/10/2013,23,2.68
19/10/2013,24,2.66
20/10/2013,1,2.63
20/10/2013,2,2.61
20/10/2013,3,2.59
20/10/2013,4,2.57
20/10/2013,5,2.55
20/10/2013,6,2.53
20/10/2013,7,2.51
20/10/2013,8,2.49
20/10/2013,9,2.47
20/10/2013,10,2.46
20/10/2013,11,2.44
20/10/2013,12,2.42
20/10/2013,13,2.40
20/10/2013,14,2.38
20/10/2013,15,2.37
20/10/2013,16,2.36
20/10/2013,17,2.34
20/10/2013,18,2.33
20/10/2013,19,2.31
20/10/2013,20,2.29
20/10/2013,21,2.28
20/10/2013,22,2.27
20/10/2013,23,2.26
20/10/2013,24,2.25
21/10/2013,1,2.24
21/10/2013,2,2.23
21/10/2013,3,2.22
21/10/2013,4,2.21
21/10/2013,5,2.20
21/10/2013,6,2.19
21/10/2013,7,2.18
21/10/2013,8,2.17
21/10/2013,9,2.16
21/10/2013,10,2.16
21/10/2013,11,2.15
21/10/2013,12,2.15
21/10/2013,13,2.14
21/10/2013,14,2.14
21/10/2013,15,2.13
21/10/2013,16,2.13
21/10/2013,17,2.12
21/10/2013,18,2.12
21/10/2013,19,2.11
21/10/2013,20,2.11
21/10/2013,21,2.10
21/10/2013,22,2.09
21/10/2013,23,2.09
21/10/2013,24,2.08
22/10/2013,1,2.08
22/10/2013,2,2.08
22/10/2013,3,2.07
22/10/2013,4,2.07
22/10/2013,5,2.07
22/10/2013,6,2.06
22/10/2013,7,2.06
22/10/2013,8,2.06
22/10/2013,9,2.06
22/10/2013,10,2.06
22/10/2013,11,2.06
22/10/2013,12,2.06
22/10/2013,13,2.06
22/10/2013,14,2.06
22/10/2013,15,2.06
22/10/2013,16,2.06
22/10/2013,17,2.06
22/10/2013,18,2.06
22/10/2013,19,2.06
22/10/2013,20,2.06
22/10/2013,21,2.06
22/10/2013,22,2.06
22/10/2013,23,2.06
22/10/2013,24,2.06
23/10/2013,1,2.07
23/10/2013,2,2.07
23/10/2013,3,2.07
23/10/2013,4,2.07
23/10/2013,5,2.07
23/10/2013,6,2.07
23/10/2013,7,2.07
23/10/2013,8,2.08
23/10/2013,9,2.08
23/10/2013,10,2.08
23/10/2013,11,2.08
23/10/2013,12,2.08
23/10/2013,13,2.08
23/10/2013,14,2.08
23/10/2013,15,2.08
23/10/2013,16,2.08
23/10/2013,17,2.08
23/10/2013,18,2.07
23/10/2013,19,2.07
23/10/2013,20,2.06
23/10/2013,21,2.06
23/10/2013,22,2.05
23/10/2013,23,2.05
23/10/2013,24,2.04
24/10/2013,1,2.03
24/10/2013,2,2.03
24/10/2013,3,2.02
24/10/2013,4,2.02
24/10/2013,5,2.01
24/10/2013,6,2.00
24/10/2013,7,2.00
24/10/2013,8,1.99
24/10/2013,9,1.99
24/10/2013,10,1.99
24/10/2013,11,1.99
24/10/2013,12,1.99
24/10/2013,13,1.98
24/10/2013,14,1.98
24/10/2013,15,1.98
24/10/2013,16,1.98
24/10/2013,17,1.98
24/10/2013,18,1.98
24/10/2013,19,1.99
24/10/2013,20,1.99
24/10/2013,21,1.99
24/10/2013,22,1.99
24/10/2013,23,1.99
24/10/2013,24,1.99
25/10/2013,1,2.00
25/10/2013,2,2.00
25/10/2013,3,2.00
25/10/2013,4,2.00
25/10/2013,5,2.00
25/10/2013,6,2.00
25/10/2013,7,2.00
25/10/2013,8,2.00
25/10/2013,9,2.00
25/10/2013,10,2.00
25/10/2013,11,2.00
25/10/2013,12,1.99
25/10/2013,13,1.99
25/10/2013,14,1.99
25/10/2013,15,1.99
25/10/2013,16,1.98
25/10/2013,17,1.98
25/10/2013,18,1.97
25/10/2013,19,1.97
25/10/2013,20,1.96
25/10/2013,21,1.96
25/10/2013,22,1.95
25/10/2013,23,1.95
25/10/2013,24,1.94
26/10/2013,1,1.93
26/10/2013,2,1.92
26/10/2013,3,1.91
26/10/2013,4,1.90
26/10/2013,5,1.90
26/10/2013,6,1.89
26/10/2013,7,1.88
26/10/2013,8,1.87
26/10/2013,9,1.87
26/10/2013,10,1.86
26/10/2013,11,1.85
26/10/2013,12,1.85
26/10/2013,13,1.84
26/10/2013,14,1.83
26/10/2013,15,1.83
26/10/2013,16,1.82
26/10/2013,17,1.82
26/10/2013,18,1.81
26/10/2013,19,1.81
26/10/2013,20,1.80
26/10/2013,21,1.80
26/10/2013,22,1.79
26/10/2013,23,1.79
26/10/2013,24,1.78
27/10/2013,1,1.78
27/10/2013,2,1.78
27/10/2013,3,1.77
27/10/2013,4,1.77
27/10/2013,5,1.77
27/10/2013,6,1.76
27/10/2013,7,1.76
27/10/2013,8,1.76
27/10/2013,9,1.76
27/10/2013,10,1.75
27/10/2013,11,1.75
27/10/2013,12,1.75
27/10/2013,13,1.75
27/10/2013,14,1.74
27/10/2013,15,1.74
27/10/2013,16,1.74
27/10/2013,17,1.74
27/10/2013,18,1.73
27/10/2013,19,1.73
27/10/2013,20,1.73
27/10/2013,21,1.73
27/10/2013,22,1.72
27/10/2013,23,1.72
27/10/2013,24,1.72
28/10/2013,1,1.72
28/10/2013,2,1.71
28/10/2013,3,1.71
28/10/2013,4,1.71
28/10/2013,5,1.71
28/10/2013,6,1.70
28/10/2013,7,1.70
28/10/2013,8,1.70
28/10/2013,9,1.70
28/10/2013,10,1.70
28/10/2013,11,1.71
28/10/2013,12,1.72
28/10/2013,13,1.73
28/10/2013,14,1.73
28/10/2013,15,1.74
28/10/2013,16,1.75
28/10/2013,17,1.76
28/10/2013,18,1.76
28/10/2013,19,1.77
28/10/2013,20,1.77
28/10/2013,21,1.78
28/10/2013,22,1.78
28/10/2013,23,1.79
28/10/2013,24,1.80
29/10/2013,1,1.81
29/10/2013,2,1.82
29/10/2013,3,1.84
29/10/2013,4,1.86
29/10/2013,5,1.88
29/10/2013,6,1.90
29/10/2013,7,1.93
29/10/2013,8,1.96
29/10/2013,9,1.99
29/10/2013,10,2.03
29/10/2013,11,2.05
29/10/2013,12,2.07
29/10/2013,13,2.08
29/10/2013,14,2.09
29/10/2013,15,2.09
29/10/2013,16,2.08
29/10/2013,17,2.07
29/10/2013,18,2.06
29/10/2013,19,2.04
29/10/2013,20,2.02
29/10/2013,21,1.99
29/10/2013,22,1.97
29/10/2013,23,1.95
29/10/2013,24,1.93
30/10/2013,1,1.91
30/10/2013,2,1.90
30/10/2013,3,1.89
30/10/2013,4,1.87
30/10/2013,5,1.86
30/10/2013,6,1.85
30/10/2013,7,1.85
30/10/2013,8,1.84
30/10/2013,9,1.84
30/10/2013,10,1.83
30/10/2013,11,1.83
30/10/2013,12,1.82
30/10/2013,13,1.81
30/10/2013,14,1.80
30/10/2013,15,1.80
30/10/2013,16,1.79
30/10/2013,17,1.79
30/10/2013,18,1.78
30/10/2013,19,1.78
30/10/2013,20,1.78
30/10/2013,21,1.78
30/10/2013,22,1.77
30/10/2013,23,1.77
30/10/2013,24,1.77
31/10/2013,1,1.77
31/10/2013,2,1.76
31/10/2013,3,1.76
31/10/2013,4,1.76
31/10/2013,5,1.76
31/10/2013,6,1.76
31/10/2013,7,1.75
31/10/2013,8,1.75
31/10/2013,9,1.75
31/10/2013,10,1.75
31/10/2013,11,1.75
31/10/2013,12,1.75
31/10/2013,13,1.74
31/10/2013,14,1.74
31/10/2013,15,1.74
31/10/2013,16,1.74
31/10/2013,17,1.74
31/10/2013,18,1.74
31/10/2013,19,1.73
31/10/2013,20,1.73
31/10/2013,21,1.73
31/10/2013,22,1.73
31/10/2013,23,1.72
31/10/2013,24,1.72
1/11/2013,1,1.72
1/11/2013,2,1.71
1/11/2013,3,1.71
1/11/2013,4,1.71
1/11/2013,5,1.71
1/11/2013,6,1.70
1/11/2013,7,1.70
1/11/2013,8,1.70
1/11/2013,9,1.69
1/11/2013,10,1.69
1/11/2013,11,1.69
1/11/2013,12,1.68
1/11/2013,13,1.68
1/11/2013,14,1.67
1/11/2013,15,1.67
1/11/2013,16,1.67
1/11/2013,17,1.66
1/11/2013,18,1.66
1/11/2013,19,1.66
1/11/2013,20,1.65
1/11/2013,21,1.65
1/11/2013,22,1.65
1/11/2013,23,1.65
1/11/2013,24,1.64
2/11/2013,1,1.64
2/11/2013,2,1.64
2/11/2013,3,1.64
2/11/2013,4,1.63
2/11/2013,5,1.63
2/11/2013,6,1.63
2/11/2013,7,1.63
2/11/2013,8,1.63
2/11/2013,9,1.63
2/11/2013,10,1.63
2/11/2013,11,1.62
2/11/2013,12,1.62
2/11/2013,13,1.62
2/11/2013,14,1.62
2/11/2013,15,1.62
2/11/2013,16,1.62
2/11/2013,17,1.62
2/11/2013,18,1.61
2/11/2013,19,1.61
2/11/2013,20,1.61
2/11/2013,21,1.61
2/11/2013,22,1.61
2/11/2013,23,1.61
2/11/2013,24,1.61
3/11/2013,1,1.60
3/11/2013,2,1.60
3/11/2013,3,1.60
3/11/2013,4,1.60
3/11/2013,5,1.60
3/11/2013,6,1.59
3/11/2013,7,1.59
3/11/2013,8,1.59
3/11/2013,9,1.59
3/11/2013,10,1.59
3/11/2013,11,1.59
3/11/2013,12,1.58
3/11/2013,13,1.58
3/11/2013,14,1.58
3/11/2013,15,1.58
3/11/2013,16,1.58
3/11/2013,17,1.57
3/11/2013,18,1.57
3/11/2013,19,1.57
3/11/2013,20,1.57
3/11/2013,21,1.57
3/11/2013,22,1.56
3/11/2013,23,1.56
3/11/2013,24,1.56
4/11/2013,1,1.56
4/11/2013,2,1.55
4/11/2013,3,1.55
4/11/2013,4,1.55
4/11/2013,5,1.55
4/11/2013,6,1.54
4/11/2013,7,1.54
4/11/2013,8,1.54
4/11/2013,9,1.54
4/11/2013,10,1.54
4/11/2013,11,1.54
4/11/2013,12,1.54
4/11/2013,13,1.53
4/11/2013,14,1.53
4/11/2013,15,1.53
4/11/2013,16,1.53
4/11/2013,17,1.53
4/11/2013,18,1.53
4/11/2013,19,1.52
4/11/2013,20,1.52
4/11/2013,21,1.52
4/11/2013,22,1.52
4/11/2013,23,1.52
4/11/2013,24,1.52
5/11/2013,1,1.51
5/11/2013,2,1.51
5/11/2013,3,1.51
5/11/2013,4,1.51
5/11/2013,5,1.51
5/11/2013,6,1.51
5/11/2013,7,1.51
5/11/2013,8,1.51
5/11/2013,9,1.51
5/11/2013,10,1.52
5/11/2013,11,1.52
5/11/2013,12,1.52
5/11/2013,13,1.53
5/11/2013,14,1.53
5/11/2013,15,1.54
5/11/2013,16,1.54
5/11/2013,17,1.55
5/11/2013,18,1.56
5/11/2013,19,1.57
5/11/2013,20,1.58
5/11/2013,21,1.58
5/11/2013,22,1.59
5/11/2013,23,1.59
5/11/2013,24,1.60
6/11/2013,1,1.61
6/11/2013,2,1.62
6/11/2013,3,1.63
6/11/2013,4,1.63
6/11/2013,5,1.64
6/11/2013,6,1.65
6/11/2013,7,1.66
6/11/2013,8,1.67
6/11/2013,9,1.67
6/11/2013,10,1.68
6/11/2013,11,1.68
6/11/2013,12,1.68
6/11/2013,13,1.68
6/11/2013,14,1.67
6/11/2013,15,1.67
6/11/2013,16,1.66
6/11/2013,17,1.65
6/11/2013,18,1.64
6/11/2013,19,1.63
6/11/2013,20,1.61
6/11/2013,21,1.59
6/11/2013,22,1.57
6/11/2013,23,1.55
6/11/2013,24,1.54
7/11/2013,1,1.53
7/11/2013,2,1.52
7/11/2013,3,1.51
7/11/2013,4,1.51
7/11/2013,5,1.50
7/11/2013,6,1.49
7/11/2013,7,1.49
7/11/2013,8,1.49
7/11/2013,9,1.49
7/11/2013,10,1.49
7/11/2013,11,1.49
7/11/2013,12,1.49
7/11/2013,13,1.49
7/11/2013,14,1.49
7/11/2013,15,1.49
7/11/2013,16,1.49
7/11/2013,17,1.49
7/11/2013,18,1.49
7/11/2013,19,1.50
7/11/2013,20,1.50
7/11/2013,21,1.50
7/11/2013,22,1.50
7/11/2013,23,1.50
7/11/2013,24,1.50
8/11/2013,1,1.51
8/11/2013,2,1.51
8/11/2013,3,1.51
8/11/2013,4,1.51
8/11/2013,5,1.51
8/11/2013,6,1.51
8/11/2013,7,1.52
8/11/2013,8,1.52
8/11/2013,9,1.52
8/11/2013,10,1.52
8/11/2013,11,1.52
8/11/2013,12,1.52
8/11/2013,13,1.51
8/11/2013,14,1.51
8/11/2013,15,1.51
8/11/2013,16,1.50
8/11/2013,17,1.50
8/11/2013,18,1.50
8/11/2013,19,1.49
8/11/2013,20,1.49
8/11/2013,21,1.49
8/11/2013,22,1.48
8/11/2013,23,1.48
8/11/2013,24,1.48
9/11/2013,1,1.47
9/11/2013,2,1.47
9/11/2013,3,1.47
9/11/2013,4,1.46
9/11/2013,5,1.46
9/11/2013,6,1.45
9/11/2013,7,1.45
9/11/2013,8,1.45
9/11/2013,9,1.45
9/11/2013,10,1.45
9/11/2013,11,1.45
9/11/2013,12,1.45
9/11/2013,13,1.45
9/11/2013,14,1.45
9/11/2013,15,1.45
9/11/2013,16,1.45
9/11/2013,17,1.45
9/11/2013,18,1.45
9/11/2013,19,1.45
9/11/2013,20,1.45
9/11/2013,21,1.45
9/11/2013,22,1.45
9/11/2013,23,1.45
9/11/2013,24,1.45
10/11/2013,1,1.45
10/11/2013,2,1.45
10/11/2013,3,1.45
10/11/2013,4,1.45
10/11/2013,5,1.45
10/11/2013,6,1.45
10/11/2013,7,1.45
10/11/2013,8,1.45
10/11/2013,9,1.45
10/11/2013,10,1.45
10/11/2013,11,1.45
10/11/2013,12,1.45
10/11/2013,13,1.45
10/11/2013,14,1.45
10/11/2013,15,1.45
10/11/2013,16,1.45
10/11/2013,17,1.45
10/11/2013,18,1.45
10/11/2013,19,1.45
10/11/2013,20,1.45
10/11/2013,21,1.45
10/11/2013,22,1.45
10/11/2013,23,1.45
10/11/2013,24,1.45
11/11/2013,1,1.45
11/11/2013,2,1.45
11/11/2013,3,1.45
11/11/2013,4,1.45
11/11/2013,5,1.45
11/11/2013,6,1.45
11/11/2013,7,1.45
11/11/2013,8,1.45
11/11/2013,9,1.45
11/11/2013,10,1.45
11/11/2013,11,1.45
11/11/2013,12,1.45
11/11/2013,13,1.45
11/11/2013,14,1.45
11/11/2013,15,1.45
11/11/2013,16,1.45
11/11/2013,17,1.45
11/11/2013,18,1.45
11/11/2013,19,1.45
11/11/2013,20,1.45
11/11/2013,21,1.45
11/11/2013,22,1.45
11/11/2013,23,1.45
11/11/2013,24,1.45
12/11/2013,1,1.45
12/11/2013,2,1.45
12/11/2013,3,1.45
12/11/2013,4,1.45
12/11/2013,5,1.45
12/11/2013,6,1.45
12/11/2013,7,1.45
12/11/2013,8,1.45
12/11/2013,9,1.46
12/11/2013,10,1.46
12/11/2013,11,1.46
12/11/2013,12,1.47
12/11/2013,13,1.47
12/11/2013,14,1.48
12/11/2013,15,1.48
12/11/2013,16,1.49
12/11/2013,17,1.49
12/11/2013,18,1.49
12/11/2013,19,1.50
12/11/2013,20,1.50
12/11/2013,21,1.51
12/11/2013,22,1.51
12/11/2013,23,1.52
12/11/2013,24,1.52
13/11/2013,1,1.53
13/11/2013,2,1.53
13/11/2013,3,1.54
13/11/2013,4,1.54
13/11/2013,5,1.55
13/11/2013,6,1.56
13/11/2013,7,1.57
13/11/2013,8,1.57
13/11/2013,9,1.58
13/11/2013,10,1.58
13/11/2013,11,1.59
13/11/2013,12,1.59
13/11/2013,13,1.60
13/11/2013,14,1.60
13/11/2013,15,1.60
13/11/2013,16,1.59
13/11/2013,17,1.58
13/11/2013,18,1.57
13/11/2013,19,1.55
13/11/2013,20,1.54
13/11/2013,21,1.53
13/11/2013,22,1.52
13/11/2013,23,1.51
13/11/2013,24,1.50
17/7/2018,,1.26
17/7/2018,2,1.26
17/7/2018,3,1.26
17/7/2018,4,1.26
17/7/2018,5,1.26
17/7/2018,6,1.25
17/7/2018,7,1.25
17/7/2018,8,1.25
17/7/2018,9,1.25
17/7/2018,10,1.24
17/7/2018,11,1.24
17/7/2018,12,1.24
17/7/2018,13,1.25
17/7/2018,14,1.25
17/7/2018,15,1.26
17/7/2018,16,1.26
17/7/2018,17,1.27
17/7/2018,18,1.28
17/7/2018,19,1.28
17/7/2018,20,1.28
17/7/2018,21,1.27
17/7/2018,22,1.27
17/7/2018,23,1.27
17/7/2018,24,1.27
18/7/2018,1,1.29
18/7/2018,2,1.33
18/7/2018,3,1.35
18/7/2018,4,1.38
18/7/2018,5,1.42
18/7/2018,6,1.45
18/7/2018,7,1.43
18/7/2018,8,1.41
18/7/2018,9,1.40
18/7/2018,10,1.40
18/7/2018,11,1.41
18/7/2018,12,1.42
18/7/2018,13,1.43
18/7/2018,14,1.44
18/7/2018,15,1.45
18/7/2018,16,1.46
18/7/2018,17,1.46
18/7/2018,18,1.46
18/7/2018,19,1.47
18/7/2018,20,1.47
18/7/2018,21,1.48
18/7/2018,22,1.48
18/7/2018,23,1.50
18/7/2018,24,1.52
19/7/2018,1,1.53
19/7/2018,2,1.54
19/7/2018,3,1.55
19/7/2018,4,1.56
19/7/2018,5,1.57
19/7/2018,6,1.57
19/7/2018,7,1.57
19/7/2018,8,1.57
19/7/2018,9,1.56
19/7/2018,10,1.56
19/7/2018,11,1.55
19/7/2018,12,1.55
19/7/2018,13,1.55
19/7/2018,14,1.55
19/7/2018,15,1.54
19/7/2018,16,1.54
19/7/2018,17,1.54
19/7/2018,18,1.53
19/7/2018,19,1.53
19/7/2018,20,1.52
19/7/2018,21,1.52
19/7/2018,22,1.52
19/7/2018,23,1.53
19/7/2018,24,1.54
20/7/2018,1,1.55
20/7/2018,2,1.58
20/7/2018,3,1.61
20/7/2018,4,1.63
20/7/2018,5,1.62
20/7/2018,6,1.61
20/7/2018,7,1.59
20/7/2018,8,1.57
20/7/2018,9,1.56
20/7/2018,10,1.56
20/7/2018,11,1.56
20/7/2018,12,1.56
20/7/2018,13,1.55
20/7/2018,14,1.55
20/7/2018,15,1.55
20/7/2018,16,1.55
20/7/2018,17,1.54
20/7/2018,18,1.54
20/7/2018,19,1.54
20/7/2018,20,1.54
20/7/2018,21,1.53
20/7/2018,22,1.53
20/7/2018,23,1.52
20/7/2018,24,1.52
21/7/2018,1,1.51
21/7/2018,2,1.51
21/7/2018,3,1.51
21/7/2018,4,1.51
21/7/2018,5,1.52
21/7/2018,6,1.53
21/7/2018,7,1.53
21/7/2018,8,1.54
21/7/2018,9,1.54
21/7/2018,10,1.55
21/7/2018,11,1.56
21/7/2018,12,1.56
21/7/2018,13,1.56
21/7/2018,14,1.55
21/7/2018,15,1.55
21/7/2018,16,1.54
21/7/2018,17,1.54
21/7/2018,18,1.54
21/7/2018,19,1.54
21/7/2018,20,1.53
21/7/2018,21,1.53
21/7/2018,22,1.52
21/7/2018,23,1.52
21/7/2018,24,1.52
22/7/2018,1,1.51
22/7/2018,2,1.51
22/7/2018,3,1.51
22/7/2018,4,1.51
22/7/2018,5,1.51
22/7/2018,6,1.50
22/7/2018,7,1.50
22/7/2018,8,1.50
22/7/2018,9,1.49
22/7/2018,10,1.49
22/7/2018,11,1.48
22/7/2018,12,1.48
22/7/2018,13,1.47
22/7/2018,14,1.47
22/7/2018,15,1.47
22/7/2018,16,1.47
22/7/2018,17,1.47
22/7/2018,18,1.47
22/7/2018,19,1.47
22/7/2018,20,1.47
22/7/2018,21,1.47
22/7/2018,22,1.46
22/7/2018,23,1.46
22/7/2018,24,1.46
23/7/2018,1,1.45
23/7/2018,2,1.45
23/7/2018,3,1.45
23/7/2018,4,1.45
23/7/2018,5,1.45
23/7/2018,6,1.45
23/7/2018,7,1.45
23/7/2018,8,1.45
23/7/2018,9,1.46
23/7/2018,10,1.46
23/7/2018,11,1.46
23/7/2018,12,1.47
23/7/2018,13,1.47
23/7/2018,14,1.47
23/7/2018,15,1.48
23/7/2018,16,1.48
23/7/2018,17,1.48
23/7/2018,18,1.48
23/7/2018,19,1.49
23/7/2018,20,1.49
23/7/2018,21,1.49
23/7/2018,22,1.50
23/7/2018,23,1.50
23/7/2018,24,1.50
24/7/2018,1,1.50
24/7/2018,2,1.50
24/7/2018,3,1.50
24/7/2018,4,1.50
24/7/2018,5,1.50
24/7/2018,6,1.50
24/7/2018,7,1.49
24/7/2018,8,1.49
24/7/2018,9,1.48
24/7/2018,10,1.48
24/7/2018,11,1.48
24/7/2018,12,1.47
24/7/2018,13,1.47
24/7/2018,14,1.47
24/7/2018,15,1.46
24/7/2018,16,1.46
24/7/2018,17,1.46
24/7/2018,18,1.45
24/7/2018,19,1.45
24/7/2018,20,1.45
24/7/2018,21,1.44
24/7/2018,22,1.44
24/7/2018,23,1.43
24/7/2018,24,1.43
25/7/2018,1,1.43
25/7/2018,2,1.43
25/7/2018,3,1.43
25/7/2018,4,1.42
25/7/2018,5,1.42
25/7/2018,6,1.42
25/7/2018,7,1.42
25/7/2018,8,1.42
25/7/2018,9,1.42
25/7/2018,10,1.43
25/7/2018,11,1.43
25/7/2018,12,1.43
25/7/2018,13,1.43
25/7/2018,14,1.43
25/7/2018,15,1.43
25/7/2018,16,1.44
25/7/2018,17,1.44
25/7/2018,18,1.45
25/7/2018,19,1.45
25/7/2018,20,1.46
25/7/2018,21,1.46
25/7/2018,22,1.47
25/7/2018,23,1.47
25/7/2018,24,1.48
26/7/2018,1,1.49
26/7/2018,2,1.49
26/7/2018,3,1.49
26/7/2018,4,1.49
26/7/2018,5,1.49
26/7/2018,6,1.50
26/7/2018,7,1.50
26/7/2018,8,1.50
26/7/2018,9,1.50
26/7/2018,10,1.51
26/7/2018,11,1.51
26/7/2018,12,1.51
26/7/2018,13,1.51
26/7/2018,14,1.52
26/7/2018,15,1.53
26/7/2018,16,1.53
26/7/2018,17,1.54
26/7/2018,18,1.54
26/7/2018,19,1.54
26/7/2018,20,1.53
26/7/2018,21,1.53
26/7/2018,22,1.53
26/7/2018,23,1.53
26/7/2018,24,1.53
27/7/2018,1,1.53
27/7/2018,2,1.53
27/7/2018,3,1.52
27/7/2018,4,1.52
27/7/2018,5,1.51
27/7/2018,6,1.50
27/7/2018,7,1.49
27/7/2018,8,1.48
27/7/2018,9,1.48
27/7/2018,10,1.48
27/7/2018,11,1.47
27/7/2018,12,1.47
27/7/2018,13,1.46
27/7/2018,14,1.46
27/7/2018,15,1.46
27/7/2018,16,1.46
27/7/2018,17,1.46
27/7/2018,18,1.46
27/7/2018,19,1.46
27/7/2018,20,1.45
27/7/2018,21,1.44
27/7/2018,22,1.43
27/7/2018,23,1.42
27/7/2018,24,1.41
28/7/2018,1,1.42
28/7/2018,2,1.42
28/7/2018,3,1.41
28/7/2018,4,1.41
28/7/2018,5,1.41
28/7/2018,6,1.41
28/7/2018,7,1.41
28/7/2018,8,1.41
28/7/2018,9,1.41
28/7/2018,10,1.41
28/7/2018,11,1.41
28/7/2018,12,1.42
28/7/2018,13,1.42
28/7/2018,14,1.43
28/7/2018,15,1.43
28/7/2018,16,1.44
28/7/2018,17,1.44
28/7/2018,18,1.44
28/7/2018,19,1.45
28/7/2018,20,1.45
28/7/2018,21,1.45
28/7/2018,22,1.45
28/7/2018,23,1.45
28/7/2018,24,1.45
29/7/2018,1,1.46
29/7/2018,2,1.46
29/7/2018,3,1.46
29/7/2018,4,1.47
29/7/2018,5,1.48
29/7/2018,6,1.49
29/7/2018,7,1.50
29/7/2018,8,1.50
29/7/2018,9,1.51
29/7/2018,10,1.51
29/7/2018,11,1.51
29/7/2018,12,1.51
29/7/2018,13,1.51
29/7/2018,14,1.51
29/7/2018,15,1.51
29/7/2018,16,1.51
29/7/2018,17,1.51
29/7/2018,18,1.51
29/7/2018,19,1.51
29/7/2018,20,1.51
29/7/2018,21,1.51
29/7/2018,22,1.51
29/7/2018,23,1.51
29/7/2018,24,1.50
30/7/2018,1,1.50
30/7/2018,2,1.49
30/7/2018,3,1.49
30/7/2018,4,1.48
30/7/2018,5,1.47
30/7/2018,6,1.47
30/7/2018,7,1.47
30/7/2018,8,1.47
30/7/2018,9,1.46
30/7/2018,10,1.45
30/7/2018,11,1.44
30/7/2018,12,1.44
30/7/2018,13,1.44
30/7/2018,14,1.44
30/7/2018,15,1.44
30/7/2018,16,1.45
30/7/2018,17,1.45
30/7/2018,18,1.45
30/7/2018,19,1.45
30/7/2018,20,1.46
30/7/2018,21,1.46
30/7/2018,22,1.46
30/7/2018,23,1.46
30/7/2018,24,1.46
31/7/2018,1,1.47
31/7/2018,2,1.48
31/7/2018,3,1.49
31/7/2018,4,1.50
31/7/2018,5,1.50
31/7/2018,6,1.50
31/7/2018,7,1.50
31/7/2018,8,1.50
31/7/2018,9,1.50
31/7/2018,10,1.50
31/7/2018,11,1.50
31/7/2018,12,1.50
31/7/2018,13,1.49
31/7/2018,14,1.49
31/7/2018,15,1.49
31/7/2018,16,1.49
31/7/2018,17,1.48
31/7/2018,18,1.48
31/7/2018,19,1.48
31/7/2018,20,1.47
31/7/2018,21,1.47
31/7/2018,22,1.47
31/7/2018,23,1.46
31/7/2018,24,1.46
1/8/2018,1,1.46
1/8/2018,2,1.46
1/8/2018,3,1.46
1/8/2018,4,1.46
1/8/2018,5,1.46
1/8/2018,6,1.46
1/8/2018,7,1.48
1/8/2018,8,1.50
1/8/2018,9,1.51
1/8/2018,10,1.53
1/8/2018,11,1.55
1/8/2018,12,1.56
1/8/2018,13,1.56
1/8/2018,14,1.54
1/8/2018,15,1.53
1/8/2018,16,1.52
1/8/2018,17,1.51
1/8/2018,18,1.50
1/8/2018,19,1.49
1/8/2018,20,1.48
1/8/2018,21,1.47
1/8/2018,22,1.46
1/8/2018,23,1.46
1/8/2018,24,1.45
2/8/2018,1,1.45
2/8/2018,2,1.45
2/8/2018,3,1.45
2/8/2018,4,1.45
2/8/2018,5,1.45
2/8/2018,6,1.45
2/8/2018,7,1.46
2/8/2018,8,1.47
2/8/2018,9,1.49
2/8/2018,10,1.52
2/8/2018,11,1.53
2/8/2018,12,1.54
2/8/2018,13,1.55
2/8/2018,14,1.56
2/8/2018,15,1.57
2/8/2018,16,1.58
2/8/2018,17,1.59
2/8/2018,18,1.60
2/8/2018,19,1.60
2/8/2018,20,1.61
2/8/2018,21,1.62
2/8/2018,22,1.63
2/8/2018,23,1.66
2/8/2018,24,1.69
3/8/2018,1,1.73
3/8/2018,2,1.76
3/8/2018,3,1.80
3/8/2018,4,1.84
3/8/2018,5,1.87
3/8/2018,6,1.91
3/8/2018,7,1.89
3/8/2018,8,1.87
3/8/2018,9,1.82
3/8/2018,10,1.77
3/8/2018,11,1.73
3/8/2018,12,1.71
3/8/2018,13,1.69
3/8/2018,14,1.68
3/8/2018,15,1.67
3/8/2018,16,1.67
3/8/2018,17,1.66
3/8/2018,18,1.66
3/8/2018,19,1.65
3/8/2018,20,1.65
3/8/2018,21,1.65
3/8/2018,22,1.65
3/8/2018,23,1.65
3/8/2018,24,1.65
4/8/2018,1,1.65
4/8/2018,2,1.65
4/8/2018,3,1.65
4/8/2018,4,1.65
4/8/2018,5,1.65
4/8/2018,6,1.65
4/8/2018,7,1.65
4/8/2018,8,1.64
4/8/2018,9,1.64
4/8/2018,10,1.64
4/8/2018,11,1.64
4/8/2018,12,1.64
4/8/2018,13,1.65
4/8/2018,14,1.65
4/8/2018,15,1.65
4/8/2018,16,1.65
4/8/2018,17,1.65
4/8/2018,18,1.65
4/8/2018,19,1.64
4/8/2018,20,1.64
4/8/2018,21,1.64
4/8/2018,22,1.64
4/8/2018,23,1.63
4/8/2018,24,1.63
5/8/2018,1,1.64
5/8/2018,2,1.64
5/8/2018,3,1.64
5/8/2018,4,1.64
5/8/2018,5,1.63
5/8/2018,6,1.63
5/8/2018,7,1.63
5/8/2018,8,1.63
5/8/2018,9,1.63
5/8/2018,10,1.63
5/8/2018,11,1.63
5/8/2018,12,1.63
5/8/2018,13,1.63
5/8/2018,14,1.63
5/8/2018,15,1.63
5/8/2018,16,1.63
5/8/2018,17,1.63
5/8/2018,18,1.63
5/8/2018,19,1.63
5/8/2018,20,1.63
5/8/2018,21,1.63
5/8/2018,22,1.64
5/8/2018,23,1.64
5/8/2018,24,1.65
6/8/2018,1,1.65
6/8/2018,2,1.65
6/8/2018,3,1.62
6/8/2018,4,1.60
6/8/2018,5,1.58
6/8/2018,6,1.56
6/8/2018,7,1.55
6/8/2018,8,1.54
6/8/2018,9,1.53
6/8/2018,10,1.51
6/8/2018,11,1.50
6/8/2018,12,1.49
6/8/2018,13,1.48
6/8/2018,14,1.47
6/8/2018,15,1.46
6/8/2018,16,1.46
6/8/2018,17,1.45
6/8/2018,18,1.45
6/8/2018,19,1.44
6/8/2018,20,1.43
6/8/2018,21,1.42
6/8/2018,22,1.42
6/8/2018,23,1.41
6/8/2018,24,1.41
7/8/2018,1,1.41
7/8/2018,2,1.41
7/8/2018,3,1.41
7/8/2018,4,1.40
7/8/2018,5,1.40
7/8/2018,6,1.39
7/8/2018,7,1.39
7/8/2018,8,1.39
7/8/2018,9,1.40
7/8/2018,10,1.41
7/8/2018,11,1.44
7/8/2018,12,1.46
7/8/2018,13,1.48
7/8/2018,14,1.49
7/8/2018,15,1.53
7/8/2018,16,1.55
7/8/2018,17,1.58
7/8/2018,18,1.59
7/8/2018,19,1.60
7/8/2018,20,1.61
7/8/2018,21,1.61
7/8/2018,22,1.62
7/8/2018,23,1.62
7/8/2018,24,1.62
8/8/2018,1,1.63
8/8/2018,2,1.63
8/8/2018,3,1.63
8/8/2018,4,1.62
8/8/2018,5,1.61
8/8/2018,6,1.60
8/8/2018,7,1.60
8/8/2018,8,1.59
8/8/2018,9,1.57
8/8/2018,10,1.55
8/8/2018,11,1.53
8/8/2018,12,1.51
8/8/2018,13,1.49
8/8/2018,14,1.46
8/8/2018,15,1.45
8/8/2018,16,1.44
8/8/2018,17,1.43
8/8/2018,18,1.42
8/8/2018,19,1.42
8/8/2018,20,1.41
8/8/2018,21,1.40
8/8/2018,22,1.39
8/8/2018,23,1.39
8/8/2018,24,1.39
9/8/2018,1,1.38
9/8/2018,2,1.38
9/8/2018,3,1.37
9/8/2018,4,1.37
9/8/2018,5,1.37
9/8/2018,6,1.36
9/8/2018,7,1.35
9/8/2018,8,1.34
9/8/2018,9,1.33
9/8/2018,10,1.33
9/8/2018,11,1.33
9/8/2018,12,1.34
9/8/2018,13,1.36
9/8/2018,14,1.38
9/8/2018,15,1.40
9/8/2018,16,1.41
9/8/2018,17,1.42
9/8/2018,18,1.42
9/8/2018,19,1.41
9/8/2018,20,1.40
9/8/2018,21,1.39
9/8/2018,22,1.38
9/8/2018,23,1.38
9/8/2018,24,1.38
10/8/2018,1,1.38
10/8/2018,2,1.39
10/8/2018,3,1.40
10/8/2018,4,1.40
10/8/2018,5,1.40
10/8/2018,6,1.39
10/8/2018,7,1.38
10/8/2018,8,1.37
10/8/2018,9,1.37
10/8/2018,10,1.36
10/8/2018,11,1.36
10/8/2018,12,1.36
10/8/2018,13,1.35
10/8/2018,14,1.35
10/8/2018,15,1.35
10/8/2018,16,1.36
10/8/2018,17,1.36
10/8/2018,18,1.37
10/8/2018,19,1.38
10/8/2018,20,1.39
10/8/2018,21,1.40
10/8/2018,22,1.41
10/8/2018,23,1.42
10/8/2018,24,1.43
11/8/2018,1,1.45
11/8/2018,2,1.47
11/8/2018,3,1.48
11/8/2018,4,1.49
11/8/2018,5,1.51
11/8/2018,6,1.50
11/8/2018,7,1.47
11/8/2018,8,1.45
11/8/2018,9,1.44
11/8/2018,10,1.44
11/8/2018,11,1.43
11/8/2018,12,1.43
11/8/2018,13,1.42
11/8/2018,14,1.42
11/8/2018,15,1.43
11/8/2018,16,1.44
11/8/2018,17,1.45
11/8/2018,18,1.46
11/8/2018,19,1.47
11/8/2018,20,1.48
11/8/2018,21,1.50
11/8/2018,22,1.51
11/8/2018,23,1.52
11/8/2018,24,1.52
12/8/2018,1,1.52
12/8/2018,2,1.51
12/8/2018,3,1.51
12/8/2018,4,1.50
12/8/2018,5,1.49
12/8/2018,6,1.48
12/8/2018,7,1.48
12/8/2018,8,1.47
12/8/2018,9,1.47
12/8/2018,10,1.47
12/8/2018,11,1.46
12/8/2018,12,1.46
12/8/2018,13,1.46
12/8/2018,14,1.46
12/8/2018,15,1.46
12/8/2018,16,1.45
12/8/2018,17,1.45
12/8/2018,18,1.45
12/8/2018,19,1.45
12/8/2018,20,1.45
12/8/2018,21,1.45
12/8/2018,22,1.44
12/8/2018,23,1.43
12/8/2018,24,1.42
13/8/2018,1,1.41
13/8/2018,2,1.41
13/8/2018,3,1.40
13/8/2018,4,1.40
13/8/2018,5,1.39
13/8/2018,6,1.38
13/8/2018,7,1.37
13/8/2018,8,1.37
13/8/2018,9,1.37
13/8/2018,10,1.37
13/8/2018,11,1.37
13/8/2018,12,1.36
13/8/2018,13,1.36
13/8/2018,14,1.35
13/8/2018,15,1.35
13/8/2018,16,1.35
13/8/2018,17,1.35
13/8/2018,18,1.35
13/8/2018,19,1.36
13/8/2018,20,1.36
13/8/2018,21,1.36
13/8/2018,22,1.36
13/8/2018,23,1.36
13/8/2018,24,1.36
14/8/2018,1,1.36
14/8/2018,2,1.36
14/8/2018,3,1.36
14/8/2018,4,1.36
14/8/2018,5,1.36
14/8/2018,6,1.35
14/8/2018,7,1.34
14/8/2018,8,1.34
14/8/2018,9,1.33
14/8/2018,10,1.33
14/8/2018,11,1.33
14/8/2018,12,1.33
14/8/2018,13,1.33
14/8/2018,14,1.32
14/8/2018,15,1.32
14/8/2018,16,1.32
14/8/2018,17,1.32
14/8/2018,18,1.32
14/8/2018,19,1.31
14/8/2018,20,1.31
14/8/2018,21,1.31
14/8/2018,22,1.31
14/8/2018,23,1.31
14/8/2018,24,1.31
15/8/2018,1,1.31
15/8/2018,2,1.31
15/8/2018,3,1.31
15/8/2018,4,1.31
15/8/2018,5,1.31
15/8/2018,6,1.31
15/8/2018,7,1.31
15/8/2018,8,1.31
15/8/2018,9,1.30
15/8/2018,10,1.30
15/8/2018,11,1.30
15/8/2018,12,1.30
15/8/2018,13,1.29
15/8/2018,14,1.29
15/8/2018,15,1.29
15/8/2018,16,1.29
15/8/2018,17,1.29
15/8/2018,18,1.29
15/8/2018,19,1.29
15/8/2018,20,1.29
15/8/2018,21,1.29
15/8/2018,22,1.29
15/8/2018,23,1.29
15/8/2018,24,1.29
16/8/2018,1,1.30
16/8/2018,2,1.30
16/8/2018,3,1.30
16/8/2018,4,1.30
16/8/2018,5,1.31
16/8/2018,6,1.31
16/8/2018,7,1.31
16/8/2018,8,1.31
16/8/2018,9,1.31
16/8/2018,10,1.32
16/8/2018,11,1.32
16/8/2018,12,1.33
16/8/2018,13,1.33
16/8/2018,14,1.33
16/8/2018,15,1.34
16/8/2018,16,1.34
16/8/2018,17,1.34
16/8/2018,18,1.33
16/8/2018,19,1.33
16/8/2018,20,1.33
16/8/2018,21,1.32
16/8/2018,22,1.32
16/8/2018,23,1.32
16/8/2018,24,1.32
17/8/2018,1,1.32
17/8/2018,2,1.32
17/8/2018,3,1.32
17/8/2018,4,1.32
17/8/2018,5,1.32
17/8/2018,6,1.31
17/8/2018,7,1.31
17/8/2018,8,1.31
17/8/2018,9,1.31
17/8/2018,10,1.31
17/8/2018,11,1.31
17/8/2018,12,1.31
17/8/2018,13,1.31
17/8/2018,14,1.31
17/8/2018,15,1.31
17/8/2018,16,1.31
17/8/2018,17,1.31
17/8/2018,18,1.31
17/8/2018,19,1.31
17/8/2018,20,1.32
17/8/2018,21,1.32
17/8/2018,22,1.33
17/8/2018,23,1.34
17/8/2018,24,1.35
18/8/2018,1,1.35
18/8/2018,2,1.35
18/8/2018,3,1.36
18/8/2018,4,1.36
18/8/2018,5,1.37
18/8/2018,6,1.38
18/8/2018,7,1.40
18/8/2018,8,1.42
18/8/2018,9,1.44
18/8/2018,10,1.46
18/8/2018,11,1.48
18/8/2018,12,1.52
18/8/2018,13,1.57
18/8/2018,14,1.63
18/8/2018,15,1.67
18/8/2018,16,1.75
18/8/2018,17,1.84
18/8/2018,18,1.89
18/8/2018,19,1.95
18/8/2018,20,2.04
18/8/2018,21,2.11
18/8/2018,22,2.18
18/8/2018,23,2.25
18/8/2018,24,2.34
19/8/2018,1,2.43
19/8/2018,2,2.54
19/8/2018,3,2.62
19/8/2018,4,2.70
19/8/2018,5,2.79
19/8/2018,6,2.85
19/8/2018,7,2.91
19/8/2018,8,2.95
19/8/2018,9,2.98
19/8/2018,10,3.00
19/8/2018,11,3.01
19/8/2018,12,3.01
19/8/2018,13,3.01
19/8/2018,14,3.01
19/8/2018,15,3.00
19/8/2018,16,2.98
19/8/2018,17,2.96
19/8/2018,18,2.93
19/8/2018,19,2.90
19/8/2018,20,2.87
19/8/2018,21,2.83
19/8/2018,22,2.78
19/8/2018,23,2.73
19/8/2018,24,2.69
20/8/2018,1,2.66
20/8/2018,2,2.63
20/8/2018,3,2.60
20/8/2018,4,2.58
20/8/2018,5,2.55
20/8/2018,6,2.52
20/8/2018,7,2.50
20/8/2018,8,2.48
20/8/2018,9,2.46
20/8/2018,10,2.44
20/8/2018,11,2.41
20/8/2018,12,2.39
20/8/2018,13,2.37
20/8/2018,14,2.35
20/8/2018,15,2.32
20/8/2018,16,2.30
20/8/2018,17,2.28
20/8/2018,18,2.26
20/8/2018,19,2.24
20/8/2018,20,2.21
20/8/2018,21,2.19
20/8/2018,22,2.17
20/8/2018,23,2.15
20/8/2018,24,2.13
21/8/2018,1,2.10
21/8/2018,2,2.08
21/8/2018,3,2.05
21/8/2018,4,2.03
21/8/2018,5,2.01
21/8/2018,6,1.98
21/8/2018,7,1.96
21/8/2018,8,1.95
21/8/2018,9,1.94
21/8/2018,10,1.93
21/8/2018,11,1.91
21/8/2018,12,1.90
21/8/2018,13,1.90
21/8/2018,14,1.89
21/8/2018,15,1.89
21/8/2018,16,1.88
21/8/2018,17,1.88
21/8/2018,18,1.88
21/8/2018,19,1.88
21/8/2018,20,1.88
21/8/2018,21,1.88
21/8/2018,22,1.88
21/8/2018,23,1.87
21/8/2018,24,1.87
22/8/2018,1,1.87
22/8/2018,2,1.86
22/8/2018,3,1.86
22/8/2018,4,1.86
22/8/2018,5,1.86
22/8/2018,6,1.85
22/8/2018,7,1.85
22/8/2018,8,1.85
22/8/2018,9,1.85
22/8/2018,10,1.85
22/8/2018,11,1.85
22/8/2018,12,1.85
22/8/2018,13,1.85
22/8/2018,14,1.84
22/8/2018,15,1.83
22/8/2018,16,1.83
22/8/2018,17,1.82
22/8/2018,18,1.81
22/8/2018,19,1.80
22/8/2018,20,1.79
22/8/2018,21,1.78
22/8/2018,22,1.77
22/8/2018,23,1.76
22/8/2018,24,1.75
23/8/2018,1,1.75
23/8/2018,2,1.74
23/8/2018,3,1.74
23/8/2018,4,1.73
23/8/2018,5,1.72
23/8/2018,6,1.71
23/8/2018,7,1.71
23/8/2018,8,1.70
23/8/2018,9,1.69
23/8/2018,10,1.68
23/8/2018,11,1.68
23/8/2018,12,1.68
23/8/2018,13,1.67
23/8/2018,14,1.67
23/8/2018,15,1.66
23/8/2018,16,1.66
23/8/2018,17,1.66
23/8/2018,18,1.66
23/8/2018,19,1.65
23/8/2018,20,1.65
23/8/2018,21,1.65
23/8/2018,22,1.65
23/8/2018,23,1.65
23/8/2018,24,1.65
24/8/2018,1,1.64
24/8/2018,2,1.64
24/8/2018,3,1.64
24/8/2018,4,1.64
24/8/2018,5,1.64
24/8/2018,6,1.63
24/8/2018,7,1.63
24/8/2018,8,1.63
24/8/2018,9,1.62
24/8/2018,10,1.62
24/8/2018,11,1.62
24/8/2018,12,1.62
24/8/2018,13,1.62
24/8/2018,14,1.62
24/8/2018,15,1.62
24/8/2018,16,1.62
24/8/2018,17,1.62
24/8/2018,18,1.62
24/8/2018,19,1.62
24/8/2018,20,1.62
24/8/2018,21,1.62
24/8/2018,22,1.62
24/8/2018,23,1.62
24/8/2018,24,1.62
25/8/2018,1,1.62
25/8/2018,2,1.62
25/8/2018,3,1.63
25/8/2018,4,1.64
25/8/2018,5,1.64
25/8/2018,6,1.64
25/8/2018,7,1.64
25/8/2018,8,1.64
25/8/2018,9,1.65
25/8/2018,10,1.66
25/8/2018,11,1.66
25/8/2018,12,1.66
25/8/2018,13,1.65
25/8/2018,14,1.65
25/8/2018,15,1.65
25/8/2018,16,1.65
25/8/2018,17,1.65
25/8/2018,18,1.64
25/8/2018,19,1.64
25/8/2018,20,1.64
25/8/2018,21,1.64
25/8/2018,22,1.64
25/8/2018,23,1.64
25/8/2018,24,1.63
26/8/2018,1,1.63
26/8/2018,2,1.62
26/8/2018,3,1.62
26/8/2018,4,1.62
26/8/2018,5,1.62
26/8/2018,6,1.62
26/8/2018,7,1.62
26/8/2018,8,1.61
26/8/2018,9,1.61
26/8/2018,10,1.61
26/8/2018,11,1.61
26/8/2018,12,1.60
26/8/2018,13,1.60
26/8/2018,14,1.59
26/8/2018,15,1.59
26/8/2018,16,1.58
26/8/2018,17,1.58
26/8/2018,18,1.58
26/8/2018,19,1.57
26/8/2018,20,1.57
26/8/2018,21,1.57
26/8/2018,22,1.57
26/8/2018,23,1.56
26/8/2018,24,1.56
27/8/2018,1,1.56
27/8/2018,2,1.57
27/8/2018,3,1.58
27/8/2018,4,1.59
27/8/2018,5,1.59
27/8/2018,6,1.59
27/8/2018,7,1.60
27/8/2018,8,1.61
27/8/2018,9,1.63
27/8/2018,10,1.65
27/8/2018,11,1.66
27/8/2018,12,1.67
27/8/2018,13,1.68
27/8/2018,14,1.69
27/8/2018,15,1.70
27/8/2018,16,1.71
27/8/2018,17,1.72
27/8/2018,18,1.73
27/8/2018,19,1.74
27/8/2018,20,1.75
27/8/2018,21,1.76
27/8/2018,22,1.77
27/8/2018,23,1.78
27/8/2018,24,1.79
28/8/2018,1,1.80
28/8/2018,2,1.80
28/8/2018,3,1.79
28/8/2018,4,1.78
28/8/2018,5,1.77
28/8/2018,6,1.76
28/8/2018,7,1.76
28/8/2018,8,1.75
28/8/2018,9,1.75
28/8/2018,10,1.75
28/8/2018,11,1.75
28/8/2018,12,1.75
28/8/2018,13,1.75
28/8/2018,14,1.76
28/8/2018,15,1.76
28/8/2018,16,1.76
28/8/2018,17,1.76
28/8/2018,18,1.76
28/8/2018,19,1.76
28/8/2018,20,1.75
28/8/2018,21,1.74
28/8/2018,22,1.73
28/8/2018,23,1.72
28/8/2018,24,1.71
29/8/2018,1,1.71
29/8/2018,2,1.70
29/8/2018,3,1.70
29/8/2018,4,1.70
29/8/2018,5,1.70
29/8/2018,6,1.70
29/8/2018,7,1.70
29/8/2018,8,1.70
29/8/2018,9,1.70
29/8/2018,10,1.70
29/8/2018,11,1.70
29/8/2018,12,1.69
29/8/2018,13,1.69
29/8/2018,14,1.69
29/8/2018,15,1.68
29/8/2018,16,1.67
29/8/2018,17,1.66
29/8/2018,18,1.65
29/8/2018,19,1.64
29/8/2018,20,1.64
29/8/2018,21,1.64
29/8/2018,22,1.63
29/8/2018,23,1.63
29/8/2018,24,1.62
30/8/2018,1,1.62
30/8/2018,2,1.62
30/8/2018,3,1.62
30/8/2018,4,1.62
30/8/2018,5,1.61
30/8/2018,6,1.61
30/8/2018,7,1.61
30/8/2018,8,1.60
30/8/2018,9,1.60
30/8/2018,10,1.59
30/8/2018,11,1.59
30/8/2018,12,1.58
30/8/2018,13,1.58
30/8/2018,14,1.58
30/8/2018,15,1.57
30/8/2018,16,1.57
30/8/2018,17,1.57
30/8/2018,18,1.57
30/8/2018,19,1.56
30/8/2018,20,1.56
30/8/2018,21,1.56
30/8/2018,22,1.56
30/8/2018,23,1.56
30/8/2018,24,1.55
31/8/2018,1,1.55
31/8/2018,2,1.55
31/8/2018,3,1.55
31/8/2018,4,1.55
31/8/2018,5,1.55
31/8/2018,6,1.54
31/8/2018,7,1.54
31/8/2018,8,1.54
31/8/2018,9,1.54
31/8/2018,10,1.54
31/8/2018,11,1.54
31/8/2018,12,1.53
31/8/2018,13,1.53
31/8/2018,14,1.53
31/8/2018,15,1.53
31/8/2018,16,1.53
31/8/2018,17,1.53
31/8/2018,18,1.53
31/8/2018,19,1.53
31/8/2018,20,1.53
31/8/2018,21,1.53
31/8/2018,22,1.53
31/8/2018,23,1.53
31/8/2018,24,1.53
1/9/2018,1,1.54
1/9/2018,2,1.55
1/9/2018,3,1.56
1/9/2018,4,1.58
1/9/2018,5,1.59
1/9/2018,6,1.61
1/9/2018,7,1.61
1/9/2018,8,1.61
1/9/2018,9,1.62
1/9/2018,10,1.62
1/9/2018,11,1.62
1/9/2018,12,1.63
1/9/2018,13,1.63
1/9/2018,14,1.63
1/9/2018,15,1.63
1/9/2018,16,1.63
1/9/2018,17,1.63
1/9/2018,18,1.63
1/9/2018,19,1.62
1/9/2018,20,1.62
1/9/2018,21,1.62
1/9/2018,22,1.62
1/9/2018,23,1.61
1/9/2018,24,1.61
2/9/2018,1,1.61
2/9/2018,2,1.60
2/9/2018,3,1.60
2/9/2018,4,1.59
2/9/2018,5,1.58
2/9/2018,6,1.57
2/9/2018,7,1.56
2/9/2018,8,1.56
2/9/2018,9,1.56
2/9/2018,10,1.56
2/9/2018,11,1.56
2/9/2018,12,1.55
2/9/2018,13,1.55
2/9/2018,14,1.55
2/9/2018,15,1.55
2/9/2018,16,1.55
2/9/2018,17,1.55
2/9/2018,18,1.55
2/9/2018,19,1.54
2/9/2018,20,1.54
2/9/2018,21,1.54
2/9/2018,22,1.53
2/9/2018,23,1.53
2/9/2018,24,1.53
3/9/2018,1,1.53
3/9/2018,2,1.53
3/9/2018,3,1.53
3/9/2018,4,1.52
3/9/2018,5,1.52
3/9/2018,6,1.52
3/9/2018,7,1.52
3/9/2018,8,1.51
3/9/2018,9,1.51
3/9/2018,10,1.51
3/9/2018,11,1.51
3/9/2018,12,1.51
3/9/2018,13,1.51
3/9/2018,14,1.51
3/9/2018,15,1.51
3/9/2018,16,1.51
3/9/2018,17,1.51
3/9/2018,18,1.52
3/9/2018,19,1.52
3/9/2018,20,1.52
3/9/2018,21,1.52
3/9/2018,22,1.52
3/9/2018,23,1.52
3/9/2018,24,1.52
4/9/2018,1,1.52
4/9/2018,2,1.52
4/9/2018,3,1.52
4/9/2018,4,1.52
4/9/2018,5,1.52
4/9/2018,6,1.52
4/9/2018,7,1.53
4/9/2018,8,1.53
4/9/2018,9,1.53
4/9/2018,10,1.53
4/9/2018,11,1.53
4/9/2018,12,1.54
4/9/2018,13,1.54
4/9/2018,14,1.54
4/9/2018,15,1.54
4/9/2018,16,1.54
4/9/2018,17,1.54
4/9/2018,18,1.55
4/9/2018,19,1.55
4/9/2018,20,1.55
4/9/2018,21,1.56
4/9/2018,22,1.56
4/9/2018,23,1.56
4/9/2018,24,1.56
5/9/2018,1,1.57
5/9/2018,2,1.57
5/9/2018,3,1.57
5/9/2018,4,1.57
5/9/2018,5,1.57
5/9/2018,6,1.58
5/9/2018,7,1.58
5/9/2018,8,1.58
5/9/2018,9,1.58
5/9/2018,10,1.58
5/9/2018,11,1.58
5/9/2018,12,1.58
5/9/2018,13,1.58
5/9/2018,14,1.58
5/9/2018,15,1.58
5/9/2018,16,1.58
5/9/2018,17,1.58
5/9/2018,18,1.58
5/9/2018,19,1.58
5/9/2018,20,1.58
5/9/2018,21,1.58
5/9/2018,22,1.58
5/9/2018,23,1.58
5/9/2018,24,1.58
6/9/2018,1,1.59
6/9/2018,2,1.59
6/9/2018,3,1.59
6/9/2018,4,1.59
6/9/2018,5,1.59
6/9/2018,6,1.59
6/9/2018,7,1.59
6/9/2018,8,1.59
6/9/2018,9,1.59
6/9/2018,10,1.59
6/9/2018,11,1.59
6/9/2018,12,1.58
6/9/2018,13,1.58
6/9/2018,14,1.58
6/9/2018,15,1.58
6/9/2018,16,1.57
6/9/2018,17,1.57
6/9/2018,18,1.57
6/9/2018,19,1.56
6/9/2018,20,1.56
6/9/2018,21,1.55
6/9/2018,22,1.55
6/9/2018,23,1.54
6/9/2018,24,1.54
7/9/2018,1,1.53
7/9/2018,2,1.53
7/9/2018,3,1.52
7/9/2018,4,1.52
7/9/2018,5,1.51
7/9/2018,6,1.51
7/9/2018,7,1.51
7/9/2018,8,1.50
7/9/2018,9,1.50
7/9/2018,10,1.50
7/9/2018,11,1.49
7/9/2018,12,1.49
7/9/2018,13,1.49
7/9/2018,14,1.48
7/9/2018,15,1.48
7/9/2018,16,1.48
7/9/2018,17,1.47
7/9/2018,18,1.47
7/9/2018,19,1.47
7/9/2018,20,1.46
7/9/2018,21,1.46
7/9/2018,22,1.46
7/9/2018,23,1.46
7/9/2018,24,1.46
8/9/2018,1,1.45
8/9/2018,2,1.45
8/9/2018,3,1.45
8/9/2018,4,1.45
8/9/2018,5,1.45
8/9/2018,6,1.45
8/9/2018,7,1.45
8/9/2018,8,1.45
8/9/2018,9,1.45
8/9/2018,10,1.45
8/9/2018,11,1.45
8/9/2018,12,1.45
8/9/2018,13,1.45
8/9/2018,14,1.45
8/9/2018,15,1.45
8/9/2018,16,1.45
8/9/2018,17,1.45
8/9/2018,18,1.45
8/9/2018,19,1.46
8/9/2018,20,1.46
8/9/2018,21,1.46
8/9/2018,22,1.46
8/9/2018,23,1.46
8/9/2018,24,1.46
9/9/2018,1,1.46
9/9/2018,2,1.46
9/9/2018,3,1.46
9/9/2018,4,1.46
9/9/2018,5,1.46
9/9/2018,6,1.46
9/9/2018,7,1.47
9/9/2018,8,1.47
9/9/2018,9,1.47
9/9/2018,10,1.47
9/9/2018,11,1.47
9/9/2018,12,1.47
9/9/2018,13,1.48
9/9/2018,14,1.48
9/9/2018,15,1.49
9/9/2018,16,1.49
9/9/2018,17,1.50
9/9/2018,18,1.50
9/9/2018,19,1.51
9/9/2018,20,1.51
9/9/2018,21,1.52
9/9/2018,22,1.52
9/9/2018,23,1.53
9/9/2018,24,1.54
10/9/2018,1,1.55
10/9/2018,2,1.56
10/9/2018,3,1.57
10/9/2018,4,1.58
10/9/2018,5,1.58
10/9/2018,6,1.59
10/9/2018,7,1.59
10/9/2018,8,1.60
10/9/2018,9,1.60
10/9/2018,10,1.61
10/9/2018,11,1.61
10/9/2018,12,1.62
10/9/2018,13,1.62
10/9/2018,14,1.63
10/9/2018,15,1.63
10/9/2018,16,1.64
10/9/2018,17,1.64
10/9/2018,18,1.65
10/9/2018,19,1.65
10/9/2018,20,1.66
10/9/2018,21,1.66
10/9/2018,22,1.67
10/9/2018,23,1.67
10/9/2018,24,1.68
11/9/2018,1,1.68
11/9/2018,2,1.69
11/9/2018,3,1.69
11/9/2018,4,1.70
11/9/2018,5,1.70
11/9/2018,6,1.70
11/9/2018,7,1.70
11/9/2018,8,1.71
11/9/2018,9,1.72
11/9/2018,10,1.73
11/9/2018,11,1.74
11/9/2018,12,1.75
11/9/2018,13,1.75
11/9/2018,14,1.75
11/9/2018,15,1.75
11/9/2018,16,1.75
11/9/2018,17,1.75
11/9/2018,18,1.75
11/9/2018,19,1.75
11/9/2018,20,1.74
11/9/2018,21,1.74
11/9/2018,22,1.73
11/9/2018,23,1.72
11/9/2018,24,1.72
12/9/2018,1,1.71
12/9/2018,2,1.70
12/9/2018,3,1.69
12/9/2018,4,1.68
12/9/2018,5,1.67
12/9/2018,6,1.66
12/9/2018,7,1.66
12/9/2018,8,1.65
12/9/2018,9,1.64
12/9/2018,10,1.63
12/9/2018,11,1.63
12/9/2018,12,1.62
12/9/2018,13,1.61
12/9/2018,14,1.60
12/9/2018,15,1.60
12/9/2018,16,1.59
12/9/2018,17,1.59
12/9/2018,18,1.59
12/9/2018,19,1.60
12/9/2018,20,1.61
12/9/2018,21,1.62
12/9/2018,22,1.63
12/9/2018,23,1.64
12/9/2018,24,1.65
13/9/2018,1,1.66
13/9/2018,2,1.67
13/9/2018,3,1.68
13/9/2018,4,1.69
13/9/2018,5,1.70
13/9/2018,6,1.70
13/9/2018,7,1.70
13/9/2018,8,1.69
13/9/2018,9,1.69
13/9/2018,10,1.68
13/9/2018,11,1.68
13/9/2018,12,1.66
13/9/2018,13,1.65
13/9/2018,14,1.64
13/9/2018,15,1.63
13/9/2018,16,1.62
13/9/2018,17,1.61
13/9/2018,18,1.60
13/9/2018,19,1.59
13/9/2018,20,1.59
13/9/2018,21,1.58
13/9/2018,22,1.58
13/9/2018,23,1.58
13/9/2018,24,1.58
14/9/2018,1,1.57
14/9/2018,2,1.57
14/9/2018,3,1.57
14/9/2018,4,1.57
14/9/2018,5,1.57
14/9/2018,6,1.56
14/9/2018,7,1.56
14/9/2018,8,1.56
14/9/2018,9,1.56
14/9/2018,10,1.56
14/9/2018,11,1.56
14/9/2018,12,1.56
14/9/2018,13,1.56
14/9/2018,14,1.56
14/9/2018,15,1.56
14/9/2018,16,1.56
14/9/2018,17,1.56
14/9/2018,18,1.56
14/9/2018,19,1.56
14/9/2018,20,1.56
14/9/2018,21,1.56
14/9/2018,22,1.56
14/9/2018,23,1.56
14/9/2018,24,1.56
15/9/2018,1,1.56
15/9/2018,2,1.56
15/9/2018,3,1.56
15/9/2018,4,1.56
15/9/2018,5,1.56
15/9/2018,6,1.56
15/9/2018,7,1.56
15/9/2018,8,1.56
15/9/2018,9,1.56
15/9/2018,10,1.56
15/9/2018,11,1.56
15/9/2018,12,1.56
15/9/2018,13,1.56
15/9/2018,14,1.56
15/9/2018,15,1.56
15/9/2018,16,1.56
15/9/2018,17,1.56
15/9/2018,18,1.56
15/9/2018,19,1.56
15/9/2018,20,1.56
15/9/2018,21,1.56
15/9/2018,22,1.56
15/9/2018,23,1.56
15/9/2018,24,1.56
16/9/2018,1,1.56
16/9/2018,2,1.56
16/9/2018,3,1.56
16/9/2018,4,1.56
16/9/2018,5,1.56
16/9/2018,6,1.56
16/9/2018,7,1.56
16/9/2018,8,1.56
16/9/2018,9,1.56
16/9/2018,10,1.56
16/9/2018,11,1.56
16/9/2018,12,1.56
16/9/2018,13,1.56
16/9/2018,14,1.56
16/9/2018,15,1.56
16/9/2018,16,1.56
16/9/2018,17,1.56
16/9/2018,18,1.56
16/9/2018,19,1.56
16/9/2018,20,1.57
16/9/2018,21,1.57
16/9/2018,22,1.57
16/9/2018,23,1.58
16/9/2018,24,1.58
17/9/2018,1,1.59
17/9/2018,2,1.60
17/9/2018,3,1.62
17/9/2018,4,1.63
17/9/2018,5,1.62
17/9/2018,6,1.61
17/9/2018,7,1.60
17/9/2018,8,1.57
17/9/2018,9,1.55
17/9/2018,10,1.53
17/9/2018,11,1.52
17/9/2018,12,1.51
17/9/2018,13,1.50
17/9/2018,14,1.48
17/9/2018,15,1.47
17/9/2018,16,1.46
17/9/2018,17,1.46
17/9/2018,18,1.46
17/9/2018,19,1.45
17/9/2018,20,1.45
17/9/2018,21,1.45
17/9/2018,22,1.46
17/9/2018,23,1.47
17/9/2018,24,1.48
18/9/2018,1,1.48
18/9/2018,2,1.49
18/9/2018,3,1.49
18/9/2018,4,1.49
18/9/2018,5,1.48
18/9/2018,6,1.47
18/9/2018,7,1.46
18/9/2018,8,1.45
18/9/2018,9,1.44
18/9/2018,10,1.44
18/9/2018,11,1.44
18/9/2018,12,1.46
18/9/2018,13,1.46
18/9/2018,14,1.47
18/9/2018,15,1.48
18/9/2018,16,1.49
18/9/2018,17,1.50
18/9/2018,18,1.51
18/9/2018,19,1.52
18/9/2018,20,1.53
18/9/2018,21,1.54
18/9/2018,22,1.55
18/9/2018,23,1.56
18/9/2018,24,1.57
19/9/2018,1,1.58
19/9/2018,2,1.59
19/9/2018,3,1.60
19/9/2018,4,1.61
19/9/2018,5,1.62
19/9/2018,6,1.64
19/9/2018,7,1.65
19/9/2018,8,1.67
19/9/2018,9,1.69
19/9/2018,10,1.70
19/9/2018,11,1.73
19/9/2018,12,1.74
19/9/2018,13,1.75
19/9/2018,14,1.76
19/9/2018,15,1.77
19/9/2018,16,1.78
19/9/2018,17,1.79
19/9/2018,18,1.80
19/9/2018,19,1.81
19/9/2018,20,1.81
19/9/2018,21,1.82
19/9/2018,22,1.83
19/9/2018,23,1.83
19/9/2018,24,1.83
20/9/2018,1,1.83
20/9/2018,2,1.83
20/9/2018,3,1.83
20/9/2018,4,1.83
20/9/2018,5,1.83
20/9/2018,6,1.84
20/9/2018,7,1.84
20/9/2018,8,1.84
20/9/2018,9,1.84
20/9/2018,10,1.84
20/9/2018,11,1.84
20/9/2018,12,1.84
20/9/2018,13,1.84
20/9/2018,14,1.84
20/9/2018,15,1.84
20/9/2018,16,1.84
20/9/2018,17,1.85
20/9/2018,18,1.85
20/9/2018,19,1.86
20/9/2018,20,1.87
20/9/2018,21,1.87
20/9/2018,22,1.87
20/9/2018,23,1.87
20/9/2018,24,1.86
21/9/2018,1,1.86
21/9/2018,2,1.85
21/9/2018,3,1.83
21/9/2018,4,1.82
21/9/2018,5,1.81
21/9/2018,6,1.81
21/9/2018,7,1.80
21/9/2018,8,1.79
21/9/2018,9,1.78
21/9/2018,10,1.77
21/9/2018,11,1.76
21/9/2018,12,1.75
21/9/2018,13,1.74
21/9/2018,14,1.73
21/9/2018,15,1.72
21/9/2018,16,1.71
21/9/2018,17,1.70
21/9/2018,18,1.69
21/9/2018,19,1.68
21/9/2018,20,1.67
21/9/2018,21,1.66
21/9/2018,22,1.65
21/9/2018,23,1.64
21/9/2018,24,1.64
22/9/2018,1,1.63
22/9/2018,2,1.63
22/9/2018,3,1.62
22/9/2018,4,1.62
22/9/2018,5,1.61
22/9/2018,6,1.60
22/9/2018,7,1.60
22/9/2018,8,1.59
22/9/2018,9,1.59
22/9/2018,10,1.59
22/9/2018,11,1.58
22/9/2018,12,1.58
22/9/2018,13,1.58
22/9/2018,14,1.57
22/9/2018,15,1.57
22/9/2018,16,1.57
22/9/2018,17,1.57
22/9/2018,18,1.57
22/9/2018,19,1.56
22/9/2018,20,1.56
22/9/2018,21,1.56
22/9/2018,22,1.56
22/9/2018,23,1.55
22/9/2018,24,1.55
23/9/2018,1,1.55
23/9/2018,2,1.55
23/9/2018,3,1.55
23/9/2018,4,1.54
23/9/2018,5,1.54
23/9/2018,6,1.54
23/9/2018,7,1.54
23/9/2018,8,1.54
23/9/2018,9,1.53
23/9/2018,10,1.53
23/9/2018,11,1.53
23/9/2018,12,1.53
23/9/2018,13,1.53
23/9/2018,14,1.52
23/9/2018,15,1.52
23/9/2018,16,1.52
23/9/2018,17,1.51
23/9/2018,18,1.51
23/9/2018,19,1.51
23/9/2018,20,1.50
23/9/2018,21,1.50
23/9/2018,22,1.50
23/9/2018,23,1.50
23/9/2018,24,1.49
24/9/2018,1,1.49
24/9/2018,2,1.49
24/9/2018,3,1.49
24/9/2018,4,1.48
24/9/2018,5,1.48
24/9/2018,6,1.48
24/9/2018,7,1.48
24/9/2018,8,1.47
24/9/2018,9,1.47
24/9/2018,10,1.47
24/9/2018,11,1.46
24/9/2018,12,1.46
24/9/2018,13,1.46
24/9/2018,14,1.45
24/9/2018,15,1.45
24/9/2018,16,1.45
24/9/2018,17,1.44
24/9/2018,18,1.44
24/9/2018,19,1.44
24/9/2018,20,1.43
24/9/2018,21,1.43
24/9/2018,22,1.43
24/9/2018,23,1.42
24/9/2018,24,1.42
25/9/2018,1,1.42
25/9/2018,2,1.42
25/9/2018,3,1.41
25/9/2018,4,1.41
25/9/2018,5,1.41
25/9/2018,6,1.41
25/9/2018,7,1.42
25/9/2018,8,1.42
25/9/2018,9,1.42
25/9/2018,10,1.42
25/9/2018,11,1.43
25/9/2018,12,1.43
25/9/2018,13,1.43
25/9/2018,14,1.43
25/9/2018,15,1.43
25/9/2018,16,1.44
25/9/2018,17,1.44
25/9/2018,18,1.44
25/9/2018,19,1.45
25/9/2018,20,1.45
25/9/2018,21,1.45
25/9/2018,22,1.45
25/9/2018,23,1.46
25/9/2018,24,1.46
26/9/2018,1,1.46
26/9/2018,2,1.46
26/9/2018,3,1.46
26/9/2018,4,1.46
26/9/2018,5,1.47
26/9/2018,6,1.47
26/9/2018,7,1.47
26/9/2018,8,1.47
26/9/2018,9,1.47
26/9/2018,10,1.47
26/9/2018,11,1.46
26/9/2018,12,1.46
26/9/2018,13,1.46
26/9/2018,14,1.46
26/9/2018,15,1.46
26/9/2018,16,1.45
26/9/2018,17,1.45
26/9/2018,18,1.45
26/9/2018,19,1.45
26/9/2018,20,1.44
26/9/2018,21,1.44
26/9/2018,22,1.44
26/9/2018,23,1.44
26/9/2018,24,1.43
27/9/2018,1,1.43
27/9/2018,2,1.43
27/9/2018,3,1.43
27/9/2018,4,1.43
27/9/2018,5,1.42
27/9/2018,6,1.42
27/9/2018,7,1.42
27/9/2018,8,1.42
27/9/2018,9,1.42
27/9/2018,10,1.42
27/9/2018,11,1.42
27/9/2018,12,1.42
27/9/2018,13,1.41
27/9/2018,14,1.41
27/9/2018,15,1.41
27/9/2018,16,1.41
27/9/2018,17,1.41
27/9/2018,18,1.41
27/9/2018,19,1.41
27/9/2018,20,1.41
27/9/2018,21,1.41
27/9/2018,22,1.41
27/9/2018,23,1.41
27/9/2018,24,1.41
28/9/2018,1,1.42
28/9/2018,2,1.42
28/9/2018,3,1.42
28/9/2018,4,1.42
28/9/2018,5,1.42
28/9/2018,6,1.41
28/9/2018,7,1.41
28/9/2018,8,1.41
28/9/2018,9,1.42
28/9/2018,10,1.43
28/9/2018,11,1.44
28/9/2018,12,1.45
28/9/2018,13,1.45
28/9/2018,14,1.45
28/9/2018,15,1.46
28/9/2018,16,1.46
28/9/2018,17,1.46
28/9/2018,18,1.46
28/9/2018,19,1.46
28/9/2018,20,1.45
28/9/2018,21,1.45
28/9/2018,22,1.45
28/9/2018,23,1.45
28/9/2018,24,1.45
29/9/2018,1,1.44
29/9/2018,2,1.44
29/9/2018,3,1.44
29/9/2018,4,1.44
29/9/2018,5,1.44
29/9/2018,6,1.44
29/9/2018,7,1.44
29/9/2018,8,1.44
29/9/2018,9,1.44
29/9/2018,10,1.43
29/9/2018,11,1.43
29/9/2018,12,1.43
29/9/2018,13,1.43
29/9/2018,14,1.43
29/9/2018,15,1.43
29/9/2018,16,1.43
29/9/2018,17,1.43
29/9/2018,18,1.43
29/9/2018,19,1.42
29/9/2018,20,1.42
29/9/2018,21,1.42
29/9/2018,22,1.42
29/9/2018,23,1.42
29/9/2018,24,1.43
30/9/2018,1,1.46
30/9/2018,2,1.48
30/9/2018,3,1.50
30/9/2018,4,1.51
30/9/2018,5,1.52
30/9/2018,6,1.53
30/9/2018,7,1.54
30/9/2018,8,1.55
30/9/2018,9,1.57
30/9/2018,10,1.59
30/9/2018,11,1.60
30/9/2018,12,1.61
30/9/2018,13,1.62
30/9/2018,14,1.62
30/9/2018,15,1.62
30/9/2018,16,1.61
30/9/2018,17,1.61
30/9/2018,18,1.61
30/9/2018,19,1.61
30/9/2018,20,1.60
30/9/2018,21,1.60
30/9/2018,22,1.59
30/9/2018,23,1.59
30/9/2018,24,1.59
1/10/2018,1,1.58
1/10/2018,2,1.57
1/10/2018,3,1.57
1/10/2018,4,1.56
1/10/2018,5,1.55
1/10/2018,6,1.54
1/10/2018,7,1.54
1/10/2018,8,1.54
1/10/2018,9,1.53
1/10/2018,10,1.53
1/10/2018,11,1.54
1/10/2018,12,1.54
1/10/2018,13,1.54
1/10/2018,14,1.55
1/10/2018,15,1.57
1/10/2018,16,1.58
1/10/2018,17,1.59
1/10/2018,18,1.60
1/10/2018,19,1.60
1/10/2018,20,1.60
1/10/2018,21,1.60
1/10/2018,22,1.60
1/10/2018,23,1.59
1/10/2018,24,1.59
2/10/2018,1,1.59
2/10/2018,2,1.59
2/10/2018,3,1.59
2/10/2018,4,1.60
2/10/2018,5,1.60
2/10/2018,6,1.61
2/10/2018,7,1.61
2/10/2018,8,1.63
2/10/2018,9,1.65
2/10/2018,10,1.68
2/10/2018,11,1.70
2/10/2018,12,1.73
2/10/2018,13,1.75
2/10/2018,14,1.80
2/10/2018,15,1.85
2/10/2018,16,1.94
2/10/2018,17,2.00
2/10/2018,18,2.09
2/10/2018,19,2.17
2/10/2018,20,2.27
2/10/2018,21,2.35
2/10/2018,22,2.44
2/10/2018,23,2.53
2/10/2018,24,2.63
3/10/2018,1,2.71
3/10/2018,2,2.76
3/10/2018,3,2.81
3/10/2018,4,2.85
3/10/2018,5,2.89
3/10/2018,6,2.91
3/10/2018,7,2.92
3/10/2018,8,2.93
3/10/2018,9,2.96
3/10/2018,10,2.99
3/10/2018,11,3.04
3/10/2018,12,3.07
3/10/2018,13,3.10
3/10/2018,14,3.12
3/10/2018,15,3.14
3/10/2018,16,3.15
3/10/2018,17,3.15
3/10/2018,18,3.15
3/10/2018,19,3.14
3/10/2018,20,3.12
3/10/2018,21,3.10
3/10/2018,22,3.09
3/10/2018,23,3.09
3/10/2018,24,3.09
4/10/2018,1,3.08
4/10/2018,2,3.06
4/10/2018,3,3.05
4/10/2018,4,3.05
4/10/2018,5,3.04
4/10/2018,6,3.03
4/10/2018,7,3.03
4/10/2018,8,3.03
4/10/2018,9,3.03
4/10/2018,10,3.02
4/10/2018,11,3.02
4/10/2018,12,3.01
4/10/2018,13,3.00
4/10/2018,14,2.98
4/10/2018,15,2.96
4/10/2018,16,2.94
4/10/2018,17,2.91
4/10/2018,18,2.90
4/10/2018,19,2.86
4/10/2018,20,2.83
4/10/2018,21,2.80
4/10/2018,22,2.75
4/10/2018,23,2.71
4/10/2018,24,2.66
5/10/2018,1,2.62
5/10/2018,2,2.57
5/10/2018,3,2.53
5/10/2018,4,2.48
5/10/2018,5,2.45
5/10/2018,6,2.41
5/10/2018,7,2.37
5/10/2018,8,2.35
5/10/2018,9,2.32
5/10/2018,10,2.29
5/10/2018,11,2.27
5/10/2018,12,2.25
5/10/2018,13,2.22
5/10/2018,14,2.20
5/10/2018,15,2.19
5/10/2018,16,2.17
5/10/2018,17,2.15
5/10/2018,18,2.14
5/10/2018,19,2.12
5/10/2018,20,2.10
5/10/2018,21,2.09
5/10/2018,22,2.07
5/10/2018,23,2.06
5/10/2018,24,2.04
6/10/2018,1,2.02
6/10/2018,2,2.01
6/10/2018,3,1.99
6/10/2018,4,1.98
6/10/2018,5,1.98
6/10/2018,6,1.97
6/10/2018,7,1.96
6/10/2018,8,1.95
6/10/2018,9,1.94
6/10/2018,10,1.93
6/10/2018,11,1.92
6/10/2018,12,1.91
6/10/2018,13,1.89
6/10/2018,14,1.88
6/10/2018,15,1.87
6/10/2018,16,1.86
6/10/2018,17,1.85
6/10/2018,18,1.84
6/10/2018,19,1.83
6/10/2018,20,1.82
6/10/2018,21,1.81
6/10/2018,22,1.80
6/10/2018,23,1.79
6/10/2018,24,1.79
7/10/2018,1,1.78
7/10/2018,2,1.77
7/10/2018,3,1.77
7/10/2018,4,1.77
7/10/2018,5,1.77
7/10/2018,6,1.78
7/10/2018,7,1.77
7/10/2018,8,1.76
7/10/2018,9,1.76
7/10/2018,10,1.76
7/10/2018,11,1.76
7/10/2018,12,1.76
7/10/2018,13,1.76
7/10/2018,14,1.75
7/10/2018,15,1.75
7/10/2018,16,1.74
7/10/2018,17,1.74
7/10/2018,18,1.74
7/10/2018,19,1.74
7/10/2018,20,1.73
7/10/2018,21,1.73
7/10/2018,22,1.73
7/10/2018,23,1.73
7/10/2018,24,1.72
8/10/2018,1,1.72
8/10/2018,2,1.72
8/10/2018,3,1.72
8/10/2018,4,1.72
8/10/2018,5,1.72
8/10/2018,6,1.71
8/10/2018,7,1.71
8/10/2018,8,1.71
8/10/2018,9,1.71
8/10/2018,10,1.71
8/10/2018,11,1.70
8/10/2018,12,1.70
8/10/2018,13,1.70
8/10/2018,14,1.70
8/10/2018,15,1.70
8/10/2018,16,1.69
8/10/2018,17,1.69
8/10/2018,18,1.69
8/10/2018,19,1.69
8/10/2018,20,1.69
8/10/2018,21,1.68
8/10/2018,22,1.68
8/10/2018,23,1.67
8/10/2018,24,1.67
9/10/2018,1,1.67
9/10/2018,2,1.66
9/10/2018,3,1.66
9/10/2018,4,1.66
9/10/2018,5,1.66
9/10/2018,6,1.65
9/10/2018,7,1.64
9/10/2018,8,1.63
9/10/2018,9,1.62
9/10/2018,10,1.62
9/10/2018,11,1.62
9/10/2018,12,1.62
9/10/2018,13,1.62
9/10/2018,14,1.61
9/10/2018,15,1.61
9/10/2018,16,1.61
9/10/2018,17,1.62
9/10/2018,18,1.63
9/10/2018,19,1.64
9/10/2018,20,1.64
9/10/2018,21,1.63
9/10/2018,22,1.62
9/10/2018,23,1.62
9/10/2018,24,1.62
10/10/2018,1,1.63
10/10/2018,2,1.64
10/10/2018,3,1.65
10/10/2018,4,1.66
10/10/2018,5,1.68
10/10/2018,6,1.70
10/10/2018,7,1.71
10/10/2018,8,1.72
10/10/2018,9,1.72
10/10/2018,10,1.73
10/10/2018,11,1.73
10/10/2018,12,1.73
10/10/2018,13,1.73
10/10/2018,14,1.74
10/10/2018,15,1.74
10/10/2018,16,1.74
10/10/2018,17,1.74
10/10/2018,18,1.74
10/10/2018,19,1.73
10/10/2018,20,1.73
10/10/2018,21,1.72
10/10/2018,22,1.71
10/10/2018,23,1.70
10/10/2018,24,1.69
11/10/2018,1,1.68
11/10/2018,2,1.67
11/10/2018,3,1.66
11/10/2018,4,1.66
11/10/2018,5,1.66
11/10/2018,6,1.66
11/10/2018,7,1.67
11/10/2018,8,1.67
11/10/2018,9,1.68
11/10/2018,10,1.68
11/10/2018,11,1.69
11/10/2018,12,1.70
11/10/2018,13,1.72
11/10/2018,14,1.74
11/10/2018,15,1.76
11/10/2018,16,1.77
11/10/2018,17,1.77
11/10/2018,18,1.78
11/10/2018,19,1.79
11/10/2018,20,1.80
11/10/2018,21,1.81
11/10/2018,22,1.82
11/10/2018,23,1.84
11/10/2018,24,1.86
12/10/2018,1,1.88
12/10/2018,2,1.88
12/10/2018,3,1.88
12/10/2018,4,1.88
12/10/2018,5,1.87
12/10/2018,6,1.86
12/10/2018,7,1.86
12/10/2018,8,1.85
12/10/2018,9,1.84
12/10/2018,10,1.82
12/10/2018,11,1.81
12/10/2018,12,1.80
12/10/2018,13,1.79
12/10/2018,14,1.78
12/10/2018,15,1.77
12/10/2018,16,1.76
12/10/2018,17,1.76
12/10/2018,18,1.75
12/10/2018,19,1.74
12/10/2018,20,1.73
12/10/2018,21,1.72
12/10/2018,22,1.71
12/10/2018,23,1.70
12/10/2018,24,1.70
13/10/2018,1,1.69
13/10/2018,2,1.70
13/10/2018,3,1.70
13/10/2018,4,1.71
13/10/2018,5,1.71
13/10/2018,6,1.70
13/10/2018,7,1.70
13/10/2018,8,1.70
13/10/2018,9,1.71
13/10/2018,10,1.73
13/10/2018,11,1.75
13/10/2018,12,1.78
13/10/2018,13,1.80
13/10/2018,14,1.83
13/10/2018,15,1.86
13/10/2018,16,1.88
13/10/2018,17,1.89
13/10/2018,18,1.90
13/10/2018,19,1.90
13/10/2018,20,1.90
13/10/2018,21,1.89
13/10/2018,22,1.88
13/10/2018,23,1.88
13/10/2018,24,1.87
14/10/2018,1,1.86
14/10/2018,2,1.85
14/10/2018,3,1.84
14/10/2018,4,1.83
14/10/2018,5,1.82
14/10/2018,6,1.81
14/10/2018,7,1.80
14/10/2018,8,1.79
14/10/2018,9,1.78
14/10/2018,10,1.77
14/10/2018,11,1.77
14/10/2018,12,1.77
14/10/2018,13,1.76
14/10/2018,14,1.76
14/10/2018,15,1.76
14/10/2018,16,1.75
14/10/2018,17,1.75
14/10/2018,18,1.74
14/10/2018,19,1.73
14/10/2018,20,1.72
14/10/2018,21,1.71
14/10/2018,22,1.71
14/10/2018,23,1.71
14/10/2018,24,1.70
15/10/2018,1,1.70
15/10/2018,2,1.70
15/10/2018,3,1.69
15/10/2018,4,1.69
15/10/2018,5,1.68
15/10/2018,6,1.68
15/10/2018,7,1.68
15/10/2018,8,1.67
15/10/2018,9,1.67
15/10/2018,10,1.67
15/10/2018,11,1.67
15/10/2018,12,1.67
15/10/2018,13,1.66
15/10/2018,14,1.65
15/10/2018,15,1.64
15/10/2018,16,1.64
15/10/2018,17,1.63
15/10/2018,18,1.63
15/10/2018,19,1.62
15/10/2018,20,1.62
15/10/2018,21,1.61
15/10/2018,22,1.60
15/10/2018,23,1.60
15/10/2018,24,1.59
16/10/2018,1,1.58
16/10/2018,2,1.57
16/10/2018,3,1.56
16/10/2018,4,1.56
16/10/2018,5,1.56
16/10/2018,6,1.57
16/10/2018,7,1.58
16/10/2018,8,1.59
16/10/2018,9,1.59
16/10/2018,10,1.60
16/10/2018,11,1.60
16/10/2018,12,1.60
16/10/2018,13,1.59
16/10/2018,14,1.58
16/10/2018,15,1.57
16/10/2018,16,1.55
16/10/2018,17,1.54
16/10/2018,18,1.54
16/10/2018,19,1.54
16/10/2018,20,1.53
16/10/2018,21,1.53
16/10/2018,22,1.53
16/10/2018,23,1.53
16/10/2018,24,1.52
17/10/2018,1,1.52
17/10/2018,2,1.52
17/10/2018,3,1.52
17/10/2018,4,1.52
17/10/2018,5,1.53
17/10/2018,6,1.54
17/10/2018,7,1.54
17/10/2018,8,1.54
17/10/2018,9,1.53
17/10/2018,10,1.53
17/10/2018,11,1.53
17/10/2018,12,1.53
17/10/2018,13,1.54
17/10/2018,14,1.54
17/10/2018,15,1.55
17/10/2018,16,1.56
17/10/2018,17,1.56
17/10/2018,18,1.56
17/10/2018,19,1.56
17/10/2018,20,1.56
17/10/2018,21,1.55
17/10/2018,22,1.54
17/10/2018,23,1.53
17/10/2018,24,1.52
18/10/2018,1,1.50
18/10/2018,2,1.50
18/10/2018,3,1.51
18/10/2018,4,1.51
18/10/2018,5,1.52
18/10/2018,6,1.53
18/10/2018,7,1.53
18/10/2018,8,1.53
18/10/2018,9,1.53
18/10/2018,10,1.52
18/10/2018,11,1.52
18/10/2018,12,1.51
18/10/2018,13,1.51
18/10/2018,14,1.51
18/10/2018,15,1.50
18/10/2018,16,1.50
18/10/2018,17,1.50
18/10/2018,18,1.50
18/10/2018,19,1.50
18/10/2018,20,1.50
18/10/2018,21,1.50
18/10/2018,22,1.50
18/10/2018,23,1.50
18/10/2018,24,1.50
19/10/2018,1,1.49
19/10/2018,2,1.49
19/10/2018,3,1.48
19/10/2018,4,1.48
19/10/2018,5,1.47
19/10/2018,6,1.46
19/10/2018,7,1.46
19/10/2018,8,1.47
19/10/2018,9,1.48
19/10/2018,10,1.49
19/10/2018,11,1.50
19/10/2018,12,1.50
19/10/2018,13,1.49
19/10/2018,14,1.48
19/10/2018,15,1.47
19/10/2018,16,1.47
19/10/2018,17,1.48
19/10/2018,18,1.50
19/10/2018,19,1.52
19/10/2018,20,1.53
19/10/2018,21,1.53
19/10/2018,22,1.50
19/10/2018,23,1.49
19/10/2018,24,1.47
20/10/2018,1,1.46
20/10/2018,2,1.46
20/10/2018,3,1.45
20/10/2018,4,1.44
20/10/2018,5,1.43
20/10/2018,6,1.43
20/10/2018,7,1.45
20/10/2018,8,1.49
20/10/2018,9,1.54
20/10/2018,10,1.56
20/10/2018,11,1.58
20/10/2018,12,1.58
20/10/2018,13,1.58
20/10/2018,14,1.58
20/10/2018,15,1.57
20/10/2018,16,1.55
20/10/2018,17,1.51
20/10/2018,18,1.49
20/10/2018,19,1.48
20/10/2018,20,1.47
20/10/2018,21,1.46
20/10/2018,22,1.45
20/10/2018,23,1.44
20/10/2018,24,1.44
21/10/2018,1,1.43
21/10/2018,2,1.43
21/10/2018,3,1.44
21/10/2018,4,1.45
21/10/2018,5,1.46
21/10/2018,6,1.49
21/10/2018,7,1.51
21/10/2018,8,1.52
21/10/2018,9,1.52
21/10/2018,10,1.51
21/10/2018,11,1.50
21/10/2018,12,1.49
21/10/2018,13,1.49
21/10/2018,14,1.50
21/10/2018,15,1.52
21/10/2018,16,1.53
21/10/2018,17,1.54
21/10/2018,18,1.55
21/10/2018,19,1.56
21/10/2018,20,1.58
21/10/2018,21,1.60
21/10/2018,22,1.62
21/10/2018,23,1.65
21/10/2018,24,1.66
22/10/2018,1,1.66
22/10/2018,2,1.63
22/10/2018,3,1.60
22/10/2018,4,1.57
22/10/2018,5,1.54
22/10/2018,6,1.52
22/10/2018,7,1.52
22/10/2018,8,1.52
22/10/2018,9,1.53
22/10/2018,10,1.54
22/10/2018,11,1.55
22/10/2018,12,1.56
22/10/2018,13,1.57
22/10/2018,14,1.58
22/10/2018,15,1.60
22/10/2018,16,1.61
22/10/2018,17,1.62
22/10/2018,18,1.63
22/10/2018,19,1.64
22/10/2018,20,1.65
22/10/2018,21,1.66
22/10/2018,22,1.67
22/10/2018,23,1.68
22/10/2018,24,1.68
23/10/2018,1,1.69
23/10/2018,2,1.69
23/10/2018,3,1.69
23/10/2018,4,1.70
23/10/2018,5,1.70
23/10/2018,6,1.70
23/10/2018,7,1.71
23/10/2018,8,1.73
23/10/2018,9,1.76
23/10/2018,10,1.82
23/10/2018,11,1.85
23/10/2018,12,1.88
23/10/2018,13,1.90
23/10/2018,14,1.92
23/10/2018,15,1.95
23/10/2018,16,1.98
23/10/2018,17,2.01
23/10/2018,18,2.04
23/10/2018,19,2.08
23/10/2018,20,2.10
23/10/2018,21,2.12
23/10/2018,22,2.16
23/10/2018,23,2.22
23/10/2018,24,2.25
24/10/2018,1,2.26
24/10/2018,2,2.27
24/10/2018,3,2.27
24/10/2018,4,2.26
24/10/2018,5,2.25
24/10/2018,6,2.25
24/10/2018,7,2.26
24/10/2018,8,2.26
24/10/2018,9,2.26
24/10/2018,10,2.27
24/10/2018,11,2.27
24/10/2018,12,2.28
24/10/2018,13,2.28
24/10/2018,14,2.28
24/10/2018,15,2.29
24/10/2018,16,2.29
24/10/2018,17,2.29
24/10/2018,18,2.29
24/10/2018,19,2.29
24/10/2018,20,2.28
24/10/2018,21,2.27
24/10/2018,22,2.26
24/10/2018,23,2.25
24/10/2018,24,2.24
25/10/2018,1,2.23
25/10/2018,2,2.22
25/10/2018,3,2.21
25/10/2018,4,2.20
25/10/2018,5,2.20
25/10/2018,6,2.20
25/10/2018,7,2.20
25/10/2018,8,2.20
25/10/2018,9,2.20
25/10/2018,10,2.20
25/10/2018,11,2.20
25/10/2018,12,2.19
25/10/2018,13,2.19
25/10/2018,14,2.18
25/10/2018,15,2.17
25/10/2018,16,2.17
25/10/2018,17,2.16
25/10/2018,18,2.14
25/10/2018,19,2.13
25/10/2018,20,2.12
25/10/2018,21,2.11
25/10/2018,22,2.10
25/10/2018,23,2.09
25/10/2018,24,2.08
26/10/2018,1,2.06
26/10/2018,2,2.05
26/10/2018,3,2.04
26/10/2018,4,2.04
26/10/2018,5,2.03
26/10/2018,6,2.03
26/10/2018,7,2.02
26/10/2018,8,2.02
26/10/2018,9,2.01
26/10/2018,10,2.00
26/10/2018,11,1.98
26/10/2018,12,1.97
26/10/2018,13,1.96
26/10/2018,14,1.95
26/10/2018,15,1.94
26/10/2018,16,1.93
26/10/2018,17,1.92
26/10/2018,18,1.91
26/10/2018,19,1.90
26/10/2018,20,1.89
26/10/2018,21,1.87
26/10/2018,22,1.86
26/10/2018,23,1.85
26/10/2018,24,1.84
27/10/2018,1,1.83
27/10/2018,2,1.82
27/10/2018,3,1.82
27/10/2018,4,1.81
27/10/2018,5,1.81
27/10/2018,6,1.81
27/10/2018,7,1.80
27/10/2018,8,1.80
27/10/2018,9,1.79
27/10/2018,10,1.78
27/10/2018,11,1.78
27/10/2018,12,1.77
27/10/2018,13,1.76
27/10/2018,14,1.75
27/10/2018,15,1.75
27/10/2018,16,1.74
27/10/2018,17,1.74
27/10/2018,18,1.73
27/10/2018,19,1.72
27/10/2018,20,1.72
27/10/2018,21,1.71
27/10/2018,22,1.70
27/10/2018,23,1.70
27/10/2018,24,1.70
28/10/2018,1,1.69
28/10/2018,2,1.69
28/10/2018,3,1.69
28/10/2018,4,1.69
28/10/2018,5,1.70
28/10/2018,6,1.70
28/10/2018,7,1.70
28/10/2018,8,1.69
28/10/2018,9,1.68
28/10/2018,10,1.67
28/10/2018,11,1.66
28/10/2018,12,1.65
28/10/2018,13,1.65
28/10/2018,14,1.65
28/10/2018,15,1.65
28/10/2018,16,1.65
28/10/2018,17,1.65
28/10/2018,18,1.68
28/10/2018,19,1.68
28/10/2018,20,1.67
28/10/2018,21,1.66
28/10/2018,22,1.65
28/10/2018,23,1.64
28/10/2018,24,1.63
29/10/2018,1,1.62
29/10/2018,2,1.62
29/10/2018,3,1.62
29/10/2018,4,1.62
29/10/2018,5,1.62
29/10/2018,6,1.62
29/10/2018,7,1.62
29/10/2018,8,1.61
29/10/2018,9,1.61
29/10/2018,10,1.60
29/10/2018,11,1.60
29/10/2018,12,1.60
29/10/2018,13,1.60
29/10/2018,14,1.60
29/10/2018,15,1.60
29/10/2018,16,1.60
29/10/2018,17,1.61
29/10/2018,18,1.61
29/10/2018,19,1.61
29/10/2018,20,1.61
29/10/2018,21,1.61
29/10/2018,22,1.61
29/10/2018,23,1.60
29/10/2018,24,1.60
30/10/2018,1,1.60
30/10/2018,2,1.60
30/10/2018,3,1.59
30/10/2018,4,1.59
30/10/2018,5,1.58
30/10/2018,6,1.58
30/10/2018,7,1.57
30/10/2018,8,1.57
30/10/2018,9,1.57
30/10/2018,10,1.57
30/10/2018,11,1.56
30/10/2018,12,1.56
30/10/2018,13,1.56
30/10/2018,14,1.56
30/10/2018,15,1.56
30/10/2018,16,1.56
30/10/2018,17,1.56
30/10/2018,18,1.56
30/10/2018,19,1.56
30/10/2018,20,1.56
30/10/2018,21,1.56
30/10/2018,22,1.56
30/10/2018,23,1.55
30/10/2018,24,1.55
31/10/2018,1,1.55
31/10/2018,2,1.56
31/10/2018,3,1.57
31/10/2018,4,1.57
31/10/2018,5,1.58
31/10/2018,6,1.59
31/10/2018,7,1.60
31/10/2018,8,1.61
31/10/2018,9,1.62
31/10/2018,10,1.63
31/10/2018,11,1.63
31/10/2018,12,1.64
31/10/2018,13,1.64
31/10/2018,14,1.64
31/10/2018,15,1.64
31/10/2018,16,1.64
31/10/2018,17,1.64
31/10/2018,18,1.63
31/10/2018,19,1.62
31/10/2018,20,1.61
31/10/2018,21,1.60
31/10/2018,22,1.59
31/10/2018,23,1.58
31/10/2018,24,1.57
1/11/2018,1,1.56
1/11/2018,2,1.56
1/11/2018,3,1.55
1/11/2018,4,1.55
1/11/2018,5,1.55
1/11/2018,6,1.54
1/11/2018,7,1.54
1/11/2018,8,1.54
1/11/2018,9,1.54
1/11/2018,10,1.54
1/11/2018,11,1.55
1/11/2018,12,1.55
1/11/2018,13,1.55
1/11/2018,14,1.55
1/11/2018,15,1.54
1/11/2018,16,1.54
1/11/2018,17,1.54
1/11/2018,18,1.54
1/11/2018,19,1.54
1/11/2018,20,1.54
1/11/2018,21,1.54
1/11/2018,22,1.54
1/11/2018,23,1.54
1/11/2018,24,1.54
2/11/2018,1,1.54
2/11/2018,2,1.54
2/11/2018,3,1.55
2/11/2018,4,1.55
2/11/2018,5,1.56
2/11/2018,6,1.57
2/11/2018,7,1.58
2/11/2018,8,1.59
2/11/2018,9,1.59
2/11/2018,10,1.58
2/11/2018,11,1.56
2/11/2018,12,1.54
2/11/2018,13,1.53
2/11/2018,14,1.52
2/11/2018,15,1.52
2/11/2018,16,1.51
2/11/2018,17,1.51
2/11/2018,18,1.50
2/11/2018,19,1.50
2/11/2018,20,1.50
2/11/2018,21,1.50
2/11/2018,22,1.50
2/11/2018,23,1.50
2/11/2018,24,1.50
3/11/2018,1,1.49
3/11/2018,2,1.49
3/11/2018,3,1.49
3/11/2018,4,1.49
3/11/2018,5,1.49
3/11/2018,6,1.49
3/11/2018,7,1.50
3/11/2018,8,1.50
3/11/2018,9,1.51
3/11/2018,10,1.51
3/11/2018,11,1.51
3/11/2018,12,1.51
3/11/2018,13,1.50
3/11/2018,14,1.50
3/11/2018,15,1.50
3/11/2018,16,1.50
3/11/2018,17,1.50
3/11/2018,18,1.50
3/11/2018,19,1.49
3/11/2018,20,1.49
3/11/2018,21,1.49
3/11/2018,22,1.49
3/11/2018,23,1.49
3/11/2018,24,1.49
4/11/2018,1,1.50
4/11/2018,2,1.50
4/11/2018,3,1.50
4/11/2018,4,1.50
4/11/2018,5,1.50
4/11/2018,6,1.50
4/11/2018,7,1.50
4/11/2018,8,1.50
4/11/2018,9,1.50
4/11/2018,10,1.49
4/11/2018,11,1.49
4/11/2018,12,1.48
4/11/2018,13,1.48
4/11/2018,14,1.48
4/11/2018,15,1.48
4/11/2018,16,1.48
4/11/2018,17,1.47
4/11/2018,18,1.47
4/11/2018,19,1.47
4/11/2018,20,1.47
4/11/2018,21,1.46
4/11/2018,22,1.46
4/11/2018,23,1.46
4/11/2018,24,1.46
5/11/2018,1,1.45
5/11/2018,2,1.45
5/11/2018,3,1.45
5/11/2018,4,1.45
5/11/2018,5,1.44
5/11/2018,6,1.44
5/11/2018,7,1.46
5/11/2018,8,1.48
5/11/2018,9,1.51
5/11/2018,10,1.53
5/11/2018,11,1.55
5/11/2018,12,1.54
5/11/2018,13,1.53
5/11/2018,14,1.52
5/11/2018,15,1.51
5/11/2018,16,1.50
5/11/2018,17,1.49
5/11/2018,18,1.49
5/11/2018,19,1.48
5/11/2018,20,1.48
5/11/2018,21,1.48
5/11/2018,22,1.47
5/11/2018,23,1.47
5/11/2018,24,1.47
6/11/2018,1,1.47
6/11/2018,2,1.46
6/11/2018,3,1.46
6/11/2018,4,1.46
6/11/2018,5,1.46
6/11/2018,6,1.45
6/11/2018,7,1.45
6/11/2018,8,1.46
6/11/2018,9,1.47
6/11/2018,10,1.48
6/11/2018,11,1.49
6/11/2018,12,1.51
6/11/2018,13,1.52
6/11/2018,14,1.52
6/11/2018,15,1.51
6/11/2018,16,1.51
6/11/2018,17,1.50
6/11/2018,18,1.49
6/11/2018,19,1.49
6/11/2018,20,1.49
6/11/2018,21,1.48
6/11/2018,22,1.48
6/11/2018,23,1.48
6/11/2018,24,1.47
7/11/2018,1,1.46
7/11/2018,2,1.45
7/11/2018,3,1.44
7/11/2018,4,1.43
7/11/2018,5,1.42
7/11/2018,6,1.41
7/11/2018,7,1.41
7/11/2018,8,1.42
7/11/2018,9,1.44
7/11/2018,10,1.46
7/11/2018,11,1.49
7/11/2018,12,1.51
7/11/2018,13,1.53
7/11/2018,14,1.53
7/11/2018,15,1.52
7/11/2018,16,1.51
7/11/2018,17,1.50
7/11/2018,18,1.49
7/11/2018,19,1.48
7/11/2018,20,1.48
7/11/2018,21,1.47
7/11/2018,22,1.46
7/11/2018,23,1.45
7/11/2018,24,1.44
8/11/2018,1,1.43
8/11/2018,2,1.42
8/11/2018,3,1.42
8/11/2018,4,1.41
8/11/2018,5,1.41
8/11/2018,6,1.40
8/11/2018,7,1.40
8/11/2018,8,1.40
8/11/2018,9,1.41
8/11/2018,10,1.42
8/11/2018,11,1.43
8/11/2018,12,1.44
8/11/2018,13,1.45
8/11/2018,14,1.46
8/11/2018,15,1.46
8/11/2018,16,1.47
8/11/2018,17,1.48
8/11/2018,18,1.49
8/11/2018,19,1.49
8/11/2018,20,1.48
8/11/2018,21,1.47
8/11/2018,22,1.46
8/11/2018,23,1.45
8/11/2018,24,1.44
9/11/2018,1,1.43
9/11/2018,2,1.42
9/11/2018,3,1.42
9/11/2018,4,1.41
9/11/2018,5,1.41
9/11/2018,6,1.40
9/11/2018,7,1.40
9/11/2018,8,1.40
9/11/2018,9,1.41
9/11/2018,10,1.42
9/11/2018,11,1.43
9/11/2018,12,1.43
9/11/2018,13,1.43
9/11/2018,14,1.43
9/11/2018,15,1.43
9/11/2018,16,1.43
9/11/2018,17,1.43
9/11/2018,18,1.43
9/11/2018,19,1.44
9/11/2018,20,1.44
9/11/2018,21,1.44
9/11/2018,22,1.44
9/11/2018,23,1.44
9/11/2018,24,1.44
10/11/2018,1,1.45
10/11/2018,2,1.45
10/11/2018,3,1.45
10/11/2018,4,1.45
10/11/2018,5,1.45
10/11/2018,6,1.45
10/11/2018,7,1.45
10/11/2018,8,1.45
10/11/2018,9,1.45
10/11/2018,10,1.45
10/11/2018,11,1.46
10/11/2018,12,1.46
10/11/2018,13,1.46
10/11/2018,14,1.47
10/11/2018,15,1.47
10/11/2018,16,1.49
10/11/2018,17,1.49
10/11/2018,18,1.49
10/11/2018,19,1.50
10/11/2018,20,1.50
10/11/2018,21,1.49
10/11/2018,22,1.49
10/11/2018,23,1.48
10/11/2018,24,1.47
11/11/2018,1,1.46
11/11/2018,2,1.45
11/11/2018,3,1.45
11/11/2018,4,1.44
11/11/2018,5,1.43
11/11/2018,6,1.43
11/11/2018,7,1.44
11/11/2018,8,1.45
11/11/2018,9,1.48
11/11/2018,10,1.50
11/11/2018,11,1.51
11/11/2018,12,1.53
11/11/2018,13,1.55
11/11/2018,14,1.57
11/11/2018,15,1.56
11/11/2018,16,1.55
11/11/2018,17,1.54
11/11/2018,18,1.54
11/11/2018,19,1.53
11/11/2018,20,1.52
11/11/2018,21,1.52
11/11/2018,22,1.51
11/11/2018,23,1.51
11/11/2018,24,1.50
12/11/2018,1,1.50
12/11/2018,2,1.49
12/11/2018,3,1.49
12/11/2018,4,1.49
12/11/2018,5,1.49
12/11/2018,6,1.50
12/11/2018,7,1.51
12/11/2018,8,1.53
12/11/2018,9,1.54
12/11/2018,10,1.56
12/11/2018,11,1.58
12/11/2018,12,1.61
12/11/2018,13,1.61
12/11/2018,14,1.60
12/11/2018,15,1.57
12/11/2018,16,1.55
12/11/2018,17,1.54
12/11/2018,18,1.53
12/11/2018,19,1.52
12/11/2018,20,1.51
12/11/2018,21,1.50
12/11/2018,22,1.49
12/11/2018,23,1.49
12/11/2018,24,1.48
13/11/2018,1,1.48
13/11/2018,2,1.47
13/11/2018,3,1.47
13/11/2018,4,1.46
13/11/2018,5,1.45
13/11/2018,6,1.45
13/11/2018,7,1.46
13/11/2018,8,1.47
13/11/2018,9,1.48
13/11/2018,10,1.49
13/11/2018,11,1.51
13/11/2018,12,1.53
13/11/2018,13,1.52
13/11/2018,14,1.51
13/11/2018,15,1.49
13/11/2018,16,1.48
13/11/2018,17,1.47
13/11/2018,18,1.46
13/11/2018,19,1.46
13/11/2018,20,1.45
13/11/2018,21,1.45
13/11/2018,22,1.46
13/11/2018,23,1.46
13/11/2018,24,1.46
17/7/2022,,1.42
17/7/2022,2,1.41
17/7/2022,3,1.41
17/7/2022,4,1.4
17/7/2022,5,1.4
17/7/2022,6,1.4
17/7/2022,7,1.39
17/7/2022,8,1.38
17/7/2022,9,1.37
17/7/2022,10,1.36
17/7/2022,11,1.34
17/7/2022,12,1.35
17/7/2022,13,1.41
17/7/2022,14,1.43
17/7/2022,15,1.42
17/7/2022,16,1.39
17/7/2022,17,1.36
17/7/2022,18,1.33
17/7/2022,19,1.33
17/7/2022,20,1.35
17/7/2022,21,1.39
17/7/2022,22,1.44
17/7/2022,23,1.49
17/7/2022,24,1.51
18/7/2022,1,1.51
18/7/2022,2,1.5
18/7/2022,3,1.5
18/7/2022,4,1.49
18/7/2022,5,1.47
18/7/2022,6,1.46
18/7/2022,7,1.44
18/7/2022,8,1.43
18/7/2022,9,1.4
18/7/2022,10,1.39
18/7/2022,11,1.37
18/7/2022,12,1.34
18/7/2022,13,1.33
18/7/2022,14,1.32
18/7/2022,15,1.3
18/7/2022,16,1.29
18/7/2022,17,1.28
18/7/2022,18,1.28
18/7/2022,19,1.29
18/7/2022,20,1.28
18/7/2022,21,1.28
18/7/2022,22,1.28
18/7/2022,23,1.29
18/7/2022,24,1.3
19/7/2022,1,1.31
19/7/2022,2,1.33
19/7/2022,3,1.34
19/7/2022,4,1.35
19/7/2022,5,1.36
19/7/2022,6,1.37
19/7/2022,7,1.37
19/7/2022,8,1.38
19/7/2022,9,1.39
19/7/2022,10,1.39
19/7/2022,11,1.39
19/7/2022,12,1.4
19/7/2022,13,1.41
19/7/2022,14,1.41
19/7/2022,15,1.42
19/7/2022,16,1.42
19/7/2022,17,1.43
19/7/2022,18,1.43
19/7/2022,19,1.43
19/7/2022,20,1.42
19/7/2022,21,1.41
19/7/2022,22,1.4
19/7/2022,23,1.39
19/7/2022,24,1.38
20/7/2022,1,1.36
20/7/2022,2,1.35
20/7/2022,3,1.34
20/7/2022,4,1.33
20/7/2022,5,1.32
20/7/2022,6,1.31
20/7/2022,7,1.29
20/7/2022,8,1.27
20/7/2022,9,1.26
20/7/2022,10,1.24
20/7/2022,11,1.24
20/7/2022,12,1.22
20/7/2022,13,1.21
20/7/2022,14,1.21
20/7/2022,15,1.28
20/7/2022,16,1.34
20/7/2022,17,1.4
20/7/2022,18,1.44
20/7/2022,19,1.48
20/7/2022,20,1.51
20/7/2022,21,1.53
20/7/2022,22,1.54
20/7/2022,23,1.52
20/7/2022,24,1.5
21/7/2022,1,1.49
21/7/2022,2,1.48
21/7/2022,3,1.47
21/7/2022,4,1.46
21/7/2022,5,1.45
21/7/2022,6,1.45
21/7/2022,7,1.43
21/7/2022,8,1.43
21/7/2022,9,1.41
21/7/2022,10,1.4
21/7/2022,11,1.38
21/7/2022,12,1.36
21/7/2022,13,1.32
21/7/2022,14,1.31
21/7/2022,15,1.29
21/7/2022,16,1.27
21/7/2022,17,1.26
21/7/2022,18,1.27
21/7/2022,19,1.35
21/7/2022,20,1.42
21/7/2022,21,1.47
21/7/2022,22,1.52
21/7/2022,23,1.53
21/7/2022,24,1.54
22/7/2022,1,1.55
22/7/2022,2,1.56
22/7/2022,3,1.55
22/7/2022,4,1.53
22/7/2022,5,1.5
22/7/2022,6,1.48
22/7/2022,7,1.46
22/7/2022,8,1.46
22/7/2022,9,1.44
22/7/2022,10,1.44
22/7/2022,11,1.44
22/7/2022,12,1.45
22/7/2022,13,1.46
22/7/2022,14,1.46
22/7/2022,15,1.47
22/7/2022,16,1.47
22/7/2022,17,1.48
22/7/2022,18,1.48
22/7/2022,19,1.46
22/7/2022,20,1.45
22/7/2022,21,1.45
22/7/2022,22,1.47
22/7/2022,23,1.48
22/7/2022,24,1.51
23/7/2022,1,1.52
23/7/2022,2,1.53
23/7/2022,3,1.54
23/7/2022,4,1.56
23/7/2022,5,1.58
23/7/2022,6,1.62
23/7/2022,7,1.62
23/7/2022,8,1.61
23/7/2022,9,1.61
23/7/2022,10,1.6
23/7/2022,11,1.6
23/7/2022,12,1.6
23/7/2022,13,1.61
23/7/2022,14,1.62
23/7/2022,15,1.63
23/7/2022,16,1.65
23/7/2022,17,1.67
23/7/2022,18,1.69
23/7/2022,19,1.7
23/7/2022,20,1.73
23/7/2022,21,1.75
23/7/2022,22,1.77
23/7/2022,23,1.78
23/7/2022,24,1.76
24/7/2022,1,1.75
24/7/2022,2,1.74
24/7/2022,3,1.73
24/7/2022,4,1.72
24/7/2022,5,1.71
24/7/2022,6,1.7
24/7/2022,7,1.7
24/7/2022,8,1.69
24/7/2022,9,1.69
24/7/2022,10,1.69
24/7/2022,11,1.68
24/7/2022,12,1.68
24/7/2022,13,1.68
24/7/2022,14,1.69
24/7/2022,15,1.69
24/7/2022,16,1.69
24/7/2022,17,1.69
24/7/2022,18,1.69
24/7/2022,19,1.69
24/7/2022,20,1.7
24/7/2022,21,1.7
24/7/2022,22,1.7
24/7/2022,23,1.7
24/7/2022,24,1.7
25/7/2022,1,1.71
25/7/2022,2,1.71
25/7/2022,3,1.7
25/7/2022,4,1.69
25/7/2022,5,1.68
25/7/2022,6,1.67
25/7/2022,7,1.66
25/7/2022,8,1.65
25/7/2022,9,1.64
25/7/2022,10,1.62
25/7/2022,11,1.62
25/7/2022,12,1.62
25/7/2022,13,1.62
25/7/2022,14,1.62
25/7/2022,15,1.61
25/7/2022,16,1.61
25/7/2022,17,1.61
25/7/2022,18,1.61
25/7/2022,19,1.6
25/7/2022,20,1.59
25/7/2022,21,1.59
25/7/2022,22,1.59
25/7/2022,23,1.58
25/7/2022,24,1.58
26/7/2022,1,1.57
26/7/2022,2,1.57
26/7/2022,3,1.56
26/7/2022,4,1.56
26/7/2022,5,1.56
26/7/2022,6,1.55
26/7/2022,7,1.54
26/7/2022,8,1.53
26/7/2022,9,1.52
26/7/2022,10,1.51
26/7/2022,11,1.5
26/7/2022,12,1.49
26/7/2022,13,1.48
26/7/2022,14,1.47
26/7/2022,15,1.46
26/7/2022,16,1.47
26/7/2022,17,1.48
26/7/2022,18,1.49
26/7/2022,19,1.49
26/7/2022,20,1.49
26/7/2022,21,1.48
26/7/2022,22,1.47
26/7/2022,23,1.46
26/7/2022,24,1.45
27/7/2022,1,1.43
27/7/2022,2,1.43
27/7/2022,3,1.42
27/7/2022,4,1.41
27/7/2022,5,1.4
27/7/2022,6,1.4
27/7/2022,7,1.4
27/7/2022,8,1.41
27/7/2022,9,1.43
27/7/2022,10,1.45
27/7/2022,11,1.47
27/7/2022,12,1.49
27/7/2022,13,1.5
27/7/2022,14,1.52
27/7/2022,15,1.5
27/7/2022,16,1.49
27/7/2022,17,1.47
27/7/2022,18,1.46
27/7/2022,19,1.45
27/7/2022,20,1.44
27/7/2022,21,1.43
27/7/2022,22,1.42
27/7/2022,23,1.41
27/7/2022,24,1.4
28/7/2022,1,1.39
28/7/2022,2,1.38
28/7/2022,3,1.37
28/7/2022,4,1.36
28/7/2022,5,1.35
28/7/2022,6,1.35
28/7/2022,7,1.35
28/7/2022,8,1.36
28/7/2022,9,1.37
28/7/2022,10,1.39
28/7/2022,11,1.39
28/7/2022,12,1.4
28/7/2022,13,1.41
28/7/2022,14,1.42
28/7/2022,15,1.42
28/7/2022,16,1.42
28/7/2022,17,1.43
28/7/2022,18,1.44
28/7/2022,19,1.44
28/7/2022,20,1.45
28/7/2022,21,1.45
28/7/2022,22,1.45
28/7/2022,23,1.44
28/7/2022,24,1.44
29/7/2022,1,1.43
29/7/2022,2,1.42
29/7/2022,3,1.42
29/7/2022,4,1.41
29/7/2022,5,1.4
29/7/2022,6,1.39
29/7/2022,7,1.37
29/7/2022,8,1.36
29/7/2022,9,1.34
29/7/2022,10,1.33
29/7/2022,11,1.32
29/7/2022,12,1.3
29/7/2022,13,1.3
29/7/2022,14,1.28
29/7/2022,15,1.26
29/7/2022,16,1.25
29/7/2022,17,1.25
29/7/2022,18,1.23
29/7/2022,19,1.24
29/7/2022,20,1.28
29/7/2022,21,1.31
29/7/2022,22,1.35
29/7/2022,23,1.39
29/7/2022,24,1.43
30/7/2022,1,1.46
30/7/2022,2,1.49
30/7/2022,3,1.52
30/7/2022,4,1.55
30/7/2022,5,1.58
30/7/2022,6,1.61
30/7/2022,7,1.63
30/7/2022,8,1.57
30/7/2022,9,1.52
30/7/2022,10,1.47
30/7/2022,11,1.43
30/7/2022,12,1.38
30/7/2022,13,1.37
30/7/2022,14,1.35
30/7/2022,15,1.33
30/7/2022,16,1.31
30/7/2022,17,1.29
30/7/2022,18,1.28
30/7/2022,19,1.27
30/7/2022,20,1.24
30/7/2022,21,1.24
30/7/2022,22,1.27
30/7/2022,23,1.31
30/7/2022,24,1.33
31/7/2022,1,1.38
31/7/2022,2,1.42
31/7/2022,3,1.44
31/7/2022,4,1.48
31/7/2022,5,1.52
31/7/2022,6,1.55
31/7/2022,7,1.58
31/7/2022,8,1.55
31/7/2022,9,1.53
31/7/2022,10,1.52
31/7/2022,11,1.5
31/7/2022,12,1.48
31/7/2022,13,1.47
31/7/2022,14,1.46
31/7/2022,15,1.45
31/7/2022,16,1.45
31/7/2022,17,1.45
31/7/2022,18,1.45
31/7/2022,19,1.45
31/7/2022,20,1.46
31/7/2022,21,1.47
31/7/2022,22,1.47
31/7/2022,23,1.48
31/7/2022,24,1.49
1/8/2022,1,1.5
1/8/2022,2,1.5
1/8/2022,3,1.51
1/8/2022,4,1.52
1/8/2022,5,1.52
1/8/2022,6,1.52
1/8/2022,7,1.53
1/8/2022,8,1.54
1/8/2022,9,1.55
1/8/2022,10,1.56
1/8/2022,11,1.58
1/8/2022,12,1.56
1/8/2022,13,1.55
1/8/2022,14,1.55
1/8/2022,15,1.55
1/8/2022,16,1.54
1/8/2022,17,1.54
1/8/2022,18,1.54
1/8/2022,19,1.53
1/8/2022,20,1.54
1/8/2022,21,1.55
1/8/2022,22,1.56
1/8/2022,23,1.57
1/8/2022,24,1.58
2/8/2022,1,1.57
2/8/2022,2,1.56
2/8/2022,3,1.55
2/8/2022,4,1.54
2/8/2022,5,1.54
2/8/2022,6,1.53
2/8/2022,7,1.53
2/8/2022,8,1.52
2/8/2022,9,1.52
2/8/2022,10,1.52
2/8/2022,11,1.53
2/8/2022,12,1.55
2/8/2022,13,1.58
2/8/2022,14,1.6
2/8/2022,15,1.63
2/8/2022,16,1.64
2/8/2022,17,1.64
2/8/2022,18,1.62
2/8/2022,19,1.6
2/8/2022,20,1.58
2/8/2022,21,1.56
2/8/2022,22,1.53
2/8/2022,23,1.51
2/8/2022,24,1.5
3/8/2022,1,1.49
3/8/2022,2,1.48
3/8/2022,3,1.48
3/8/2022,4,1.47
3/8/2022,5,1.47
3/8/2022,6,1.47
3/8/2022,7,1.49
3/8/2022,8,1.52
3/8/2022,9,1.56
3/8/2022,10,1.59
3/8/2022,11,1.62
3/8/2022,12,1.62
3/8/2022,13,1.58
3/8/2022,14,1.55
3/8/2022,15,1.52
3/8/2022,16,1.51
3/8/2022,17,1.5
3/8/2022,18,1.5
3/8/2022,19,1.5
3/8/2022,20,1.5
3/8/2022,21,1.5
3/8/2022,22,1.5
3/8/2022,23,1.51
3/8/2022,24,1.51
4/8/2022,1,1.52
4/8/2022,2,1.51
4/8/2022,3,1.51
4/8/2022,4,1.52
4/8/2022,5,1.53
4/8/2022,6,1.53
4/8/2022,7,1.54
4/8/2022,8,1.55
4/8/2022,9,1.56
4/8/2022,10,1.58
4/8/2022,11,1.6
4/8/2022,12,1.6
4/8/2022,13,1.58
4/8/2022,14,1.56
4/8/2022,15,1.54
4/8/2022,16,1.52
4/8/2022,17,1.5
4/8/2022,18,1.49
4/8/2022,19,1.48
4/8/2022,20,1.48
4/8/2022,21,1.48
4/8/2022,22,1.51
4/8/2022,23,1.57
4/8/2022,24,1.61
5/8/2022,1,1.63
5/8/2022,2,1.64
5/8/2022,3,1.57
5/8/2022,4,1.54
5/8/2022,5,1.52
5/8/2022,6,1.5
5/8/2022,7,1.48
5/8/2022,8,1.47
5/8/2022,9,1.46
5/8/2022,10,1.46
5/8/2022,11,1.47
5/8/2022,12,1.47
5/8/2022,13,1.48
5/8/2022,14,1.47
5/8/2022,15,1.47
5/8/2022,16,1.47
5/8/2022,17,1.47
5/8/2022,18,1.47
5/8/2022,19,1.46
5/8/2022,20,1.46
5/8/2022,21,1.45
5/8/2022,22,1.45
5/8/2022,23,1.47
5/8/2022,24,1.51
6/8/2022,1,1.59
6/8/2022,2,1.63
6/8/2022,3,1.68
6/8/2022,4,1.7
6/8/2022,5,1.71
6/8/2022,6,1.72
6/8/2022,7,1.67
6/8/2022,8,1.6
6/8/2022,9,1.54
6/8/2022,10,1.51
6/8/2022,11,1.51
6/8/2022,12,1.52
6/8/2022,13,1.54
6/8/2022,14,1.57
6/8/2022,15,1.6
6/8/2022,16,1.62
6/8/2022,17,1.64
6/8/2022,18,1.65
6/8/2022,19,1.66
6/8/2022,20,1.68
6/8/2022,21,1.7
6/8/2022,22,1.65
6/8/2022,23,1.63
6/8/2022,24,1.65
7/8/2022,1,1.67
7/8/2022,2,1.74
7/8/2022,3,1.81
7/8/2022,4,1.92
7/8/2022,5,1.98
7/8/2022,6,2
7/8/2022,7,1.95
7/8/2022,8,1.85
7/8/2022,9,1.7
7/8/2022,10,1.68
7/8/2022,11,1.67
7/8/2022,12,1.66
7/8/2022,13,1.66
7/8/2022,14,1.67
7/8/2022,15,1.68
7/8/2022,16,1.69
7/8/2022,17,1.69
7/8/2022,18,1.7
7/8/2022,19,1.71
7/8/2022,20,1.71
7/8/2022,21,1.71
7/8/2022,22,1.71
7/8/2022,23,1.72
7/8/2022,24,1.72
8/8/2022,1,1.72
8/8/2022,2,1.72
8/8/2022,3,1.71
8/8/2022,4,1.71
8/8/2022,5,1.7
8/8/2022,6,1.7
8/8/2022,7,1.7
8/8/2022,8,1.7
8/8/2022,9,1.7
8/8/2022,10,1.71
8/8/2022,11,1.7
8/8/2022,12,1.72
8/8/2022,13,1.73
8/8/2022,14,1.73
8/8/2022,15,1.74
8/8/2022,16,1.76
8/8/2022,17,1.78
8/8/2022,18,1.8
8/8/2022,19,1.85
8/8/2022,20,1.88
8/8/2022,21,1.91
8/8/2022,22,1.95
8/8/2022,23,1.99
8/8/2022,24,2.04
9/8/2022,1,2.06
9/8/2022,2,2.07
9/8/2022,3,2.08
9/8/2022,4,2.08
9/8/2022,5,2.09
9/8/2022,6,2.09
9/8/2022,7,2.11
9/8/2022,8,2.13
9/8/2022,9,2.13
9/8/2022,10,2.12
9/8/2022,11,2.09
9/8/2022,12,2.08
9/8/2022,13,2.08
9/8/2022,14,2.08
9/8/2022,15,2.09
9/8/2022,16,2.1
9/8/2022,17,2.11
9/8/2022,18,2.13
9/8/2022,19,2.15
9/8/2022,20,2.18
9/8/2022,21,2.2
9/8/2022,22,2.24
9/8/2022,23,2.28
9/8/2022,24,2.33
10/8/2022,1,2.34
10/8/2022,2,2.35
10/8/2022,3,2.37
10/8/2022,4,2.4
10/8/2022,5,2.43
10/8/2022,6,2.45
10/8/2022,7,2.48
10/8/2022,8,2.48
10/8/2022,9,2.45
10/8/2022,10,2.43
10/8/2022,11,2.4
10/8/2022,12,2.37
10/8/2022,13,2.35
10/8/2022,14,2.33
10/8/2022,15,2.32
10/8/2022,16,2.31
10/8/2022,17,2.29
10/8/2022,18,2.28
10/8/2022,19,2.28
10/8/2022,20,2.27
10/8/2022,21,2.27
10/8/2022,22,2.26
10/8/2022,23,2.26
10/8/2022,24,2.26
11/8/2022,1,2.28
11/8/2022,2,2.29
11/8/2022,3,2.3
11/8/2022,4,2.3
11/8/2022,5,2.3
11/8/2022,6,2.3
11/8/2022,7,2.3
11/8/2022,8,2.3
11/8/2022,9,2.31
11/8/2022,10,2.31
11/8/2022,11,2.31
11/8/2022,12,2.31
11/8/2022,13,2.31
11/8/2022,14,2.31
11/8/2022,15,2.32
11/8/2022,16,2.32
11/8/2022,17,2.32
11/8/2022,18,2.32
11/8/2022,19,2.31
11/8/2022,20,2.31
11/8/2022,21,2.3
11/8/2022,22,2.29
11/8/2022,23,2.28
11/8/2022,24,2.27
12/8/2022,1,2.25
12/8/2022,2,2.24
12/8/2022,3,2.23
12/8/2022,4,2.22
12/8/2022,5,2.21
12/8/2022,6,2.2
12/8/2022,7,2.19
12/8/2022,8,2.18
12/8/2022,9,2.18
12/8/2022,10,2.18
12/8/2022,11,2.18
12/8/2022,12,2.17
12/8/2022,13,2.17
12/8/2022,14,2.18
12/8/2022,15,2.18
12/8/2022,16,2.18
12/8/2022,17,2.19
12/8/2022,18,2.2
12/8/2022,19,2.21
12/8/2022,20,2.24
12/8/2022,21,2.26
12/8/2022,22,2.3
12/8/2022,23,2.33
12/8/2022,24,2.37
13/8/2022,1,2.39
13/8/2022,2,2.4
13/8/2022,3,2.43
13/8/2022,4,2.47
13/8/2022,5,2.5
13/8/2022,6,2.53
13/8/2022,7,2.57
13/8/2022,8,2.6
13/8/2022,9,2.63
13/8/2022,10,2.65
13/8/2022,11,2.68
13/8/2022,12,2.7
13/8/2022,13,2.73
13/8/2022,14,2.75
13/8/2022,15,2.77
13/8/2022,16,2.81
13/8/2022,17,2.82
13/8/2022,18,2.87
13/8/2022,19,2.92
13/8/2022,20,2.97
13/8/2022,21,3.02
13/8/2022,22,3.06
13/8/2022,23,3.14
13/8/2022,24,3.17
14/8/2022,1,3.22
14/8/2022,2,3.27
14/8/2022,3,3.31
14/8/2022,4,3.35
14/8/2022,5,3.39
14/8/2022,6,3.42
14/8/2022,7,3.45
14/8/2022,8,3.47
14/8/2022,9,3.47
14/8/2022,10,3.47
14/8/2022,11,3.47
14/8/2022,12,3.45
14/8/2022,13,3.41
14/8/2022,14,3.37
14/8/2022,15,3.32
14/8/2022,16,3.27
14/8/2022,17,3.21
14/8/2022,18,3.14
14/8/2022,19,3.07
14/8/2022,20,3
14/8/2022,21,2.94
14/8/2022,22,2.87
14/8/2022,23,2.8
14/8/2022,24,2.75
15/8/2022,1,2.69
15/8/2022,2,2.63
15/8/2022,3,2.57
15/8/2022,4,2.53
15/8/2022,5,2.49
15/8/2022,6,2.45
15/8/2022,7,2.41
15/8/2022,8,2.37
15/8/2022,9,2.34
15/8/2022,10,2.3
15/8/2022,11,2.28
15/8/2022,12,2.26
15/8/2022,13,2.24
15/8/2022,14,2.22
15/8/2022,15,2.2
15/8/2022,16,2.19
15/8/2022,17,2.18
15/8/2022,18,2.18
15/8/2022,19,2.17
15/8/2022,20,2.16
15/8/2022,21,2.15
15/8/2022,22,2.14
15/8/2022,23,2.12
15/8/2022,24,2.11
16/8/2022,1,2.09
16/8/2022,2,2.08
16/8/2022,3,2.07
16/8/2022,4,2.06
16/8/2022,5,2.05
16/8/2022,6,2.03
16/8/2022,7,2.03
16/8/2022,8,2.02
16/8/2022,9,2.01
16/8/2022,10,2.01
16/8/2022,11,2.01
16/8/2022,12,2.01
16/8/2022,13,2
16/8/2022,14,2
16/8/2022,15,2
16/8/2022,16,1.98
16/8/2022,17,1.98
16/8/2022,18,1.98
16/8/2022,19,1.97
16/8/2022,20,1.96
16/8/2022,21,1.96
16/8/2022,22,1.96
16/8/2022,23,1.96
16/8/2022,24,1.96
17/8/2022,1,1.96
17/8/2022,2,1.97
17/8/2022,3,1.98
17/8/2022,4,1.99
17/8/2022,5,2
17/8/2022,6,2.01
17/8/2022,7,2.01
17/8/2022,8,2.01
17/8/2022,9,2.02
17/8/2022,10,2.02
17/8/2022,11,2.02
17/8/2022,12,2.01
17/8/2022,13,2.01
17/8/2022,14,2.01
17/8/2022,15,2
17/8/2022,16,2
17/8/2022,17,2
17/8/2022,18,2
17/8/2022,19,2
17/8/2022,20,2
17/8/2022,21,2
17/8/2022,22,2.01
17/8/2022,23,2.01
17/8/2022,24,2.01
18/8/2022,1,2.01
18/8/2022,2,2.01
18/8/2022,3,2
18/8/2022,4,2
18/8/2022,5,2
18/8/2022,6,1.99
18/8/2022,7,1.98
18/8/2022,8,1.97
18/8/2022,9,1.97
18/8/2022,10,1.97
18/8/2022,11,1.97
18/8/2022,12,1.96
18/8/2022,13,1.96
18/8/2022,14,1.96
18/8/2022,15,1.96
18/8/2022,16,1.96
18/8/2022,17,1.96
18/8/2022,18,1.96
18/8/2022,19,1.96
18/8/2022,20,1.96
18/8/2022,21,1.96
18/8/2022,22,1.96
18/8/2022,23,1.96
18/8/2022,24,1.96
19/8/2022,1,1.96
19/8/2022,2,1.96
19/8/2022,3,1.95
19/8/2022,4,1.94
19/8/2022,5,1.93
19/8/2022,6,1.92
19/8/2022,7,1.91
19/8/2022,8,1.9
19/8/2022,9,1.9
19/8/2022,10,1.89
19/8/2022,11,1.89
19/8/2022,12,1.88
19/8/2022,13,1.87
19/8/2022,14,1.87
19/8/2022,15,1.85
19/8/2022,16,1.84
19/8/2022,17,1.83
19/8/2022,18,1.83
19/8/2022,19,1.82
19/8/2022,20,1.82
19/8/2022,21,1.82
19/8/2022,22,1.81
19/8/2022,23,1.8
19/8/2022,24,1.79
20/8/2022,1,1.78
20/8/2022,2,1.77
20/8/2022,3,1.76
20/8/2022,4,1.76
20/8/2022,5,1.76
20/8/2022,6,1.75
20/8/2022,7,1.75
20/8/2022,8,1.74
20/8/2022,9,1.73
20/8/2022,10,1.73
20/8/2022,11,1.72
20/8/2022,12,1.72
20/8/2022,13,1.72
20/8/2022,14,1.72
20/8/2022,15,1.71
20/8/2022,16,1.7
20/8/2022,17,1.69
20/8/2022,18,1.68
20/8/2022,19,1.67
20/8/2022,20,1.67
20/8/2022,21,1.68
20/8/2022,22,1.68
20/8/2022,23,1.68
20/8/2022,24,1.68
21/8/2022,1,1.66
21/8/2022,2,1.66
21/8/2022,3,1.67
21/8/2022,4,1.67
21/8/2022,5,1.66
21/8/2022,6,1.66
21/8/2022,7,1.65
21/8/2022,8,1.65
21/8/2022,9,1.65
21/8/2022,10,1.65
21/8/2022,11,1.64
21/8/2022,12,1.63
21/8/2022,13,1.63
21/8/2022,14,1.64
21/8/2022,15,1.64
21/8/2022,16,1.65
21/8/2022,17,1.66
21/8/2022,18,1.67
21/8/2022,19,1.66
21/8/2022,20,1.65
21/8/2022,21,1.65
21/8/2022,22,1.66
21/8/2022,23,1.66
21/8/2022,24,1.66
22/8/2022,1,1.66
22/8/2022,2,1.67
22/8/2022,3,1.66
22/8/2022,4,1.66
22/8/2022,5,1.65
22/8/2022,6,1.65
22/8/2022,7,1.65
22/8/2022,8,1.65
22/8/2022,9,1.64
22/8/2022,10,1.65
22/8/2022,11,1.64
22/8/2022,12,1.66
22/8/2022,13,1.67
22/8/2022,14,1.67
22/8/2022,15,1.67
22/8/2022,16,1.66
22/8/2022,17,1.66
22/8/2022,18,1.65
22/8/2022,19,1.65
22/8/2022,20,1.65
22/8/2022,21,1.65
22/8/2022,22,1.65
22/8/2022,23,1.66
22/8/2022,24,1.66
23/8/2022,1,1.67
23/8/2022,2,1.67
23/8/2022,3,1.67
23/8/2022,4,1.67
23/8/2022,5,1.68
23/8/2022,6,1.69
23/8/2022,7,1.7
23/8/2022,8,1.7
23/8/2022,9,1.71
23/8/2022,10,1.71
23/8/2022,11,1.73
23/8/2022,12,1.73
23/8/2022,13,1.74
23/8/2022,14,1.74
23/8/2022,15,1.74
23/8/2022,16,1.73
23/8/2022,17,1.75
23/8/2022,18,1.75
23/8/2022,19,1.75
23/8/2022,20,1.74
23/8/2022,21,1.74
23/8/2022,22,1.73
23/8/2022,23,1.73
23/8/2022,24,1.73
24/8/2022,1,1.74
24/8/2022,2,1.74
24/8/2022,3,1.74
24/8/2022,4,1.75
24/8/2022,5,1.76
24/8/2022,6,1.76
24/8/2022,7,1.77
24/8/2022,8,1.77
24/8/2022,9,1.78
24/8/2022,10,1.79
24/8/2022,11,1.8
24/8/2022,12,1.81
24/8/2022,13,1.81
24/8/2022,14,1.82
24/8/2022,15,1.82
24/8/2022,16,1.83
24/8/2022,17,1.83
24/8/2022,18,1.84
24/8/2022,19,1.84
24/8/2022,20,1.83
24/8/2022,21,1.83
24/8/2022,22,1.82
24/8/2022,23,1.82
24/8/2022,24,1.82
25/8/2022,1,1.81
25/8/2022,2,1.81
25/8/2022,3,1.81
25/8/2022,4,1.82
25/8/2022,5,1.82
25/8/2022,6,1.83
25/8/2022,7,1.83
25/8/2022,8,1.83
25/8/2022,9,1.83
25/8/2022,10,1.83
25/8/2022,11,1.84
25/8/2022,12,1.85
25/8/2022,13,1.86
25/8/2022,14,1.85
25/8/2022,15,1.86
25/8/2022,16,1.87
25/8/2022,17,1.86
25/8/2022,18,1.86
25/8/2022,19,1.86
25/8/2022,20,1.86
25/8/2022,21,1.87
25/8/2022,22,1.87
25/8/2022,23,1.87
25/8/2022,24,1.86
26/8/2022,1,1.87
26/8/2022,2,1.87
26/8/2022,3,1.87
26/8/2022,4,1.88
26/8/2022,5,1.88
26/8/2022,6,1.89
26/8/2022,7,1.89
26/8/2022,8,1.89
26/8/2022,9,1.89
26/8/2022,10,1.89
26/8/2022,11,1.89
26/8/2022,12,1.9
26/8/2022,13,1.91
26/8/2022,14,1.92
26/8/2022,15,1.93
26/8/2022,16,1.94
26/8/2022,17,1.94
26/8/2022,18,1.94
26/8/2022,19,1.94
26/8/2022,20,1.94
26/8/2022,21,1.93
26/8/2022,22,1.93
26/8/2022,23,1.93
26/8/2022,24,1.92
27/8/2022,1,1.91
27/8/2022,2,1.91
27/8/2022,3,1.91
27/8/2022,4,1.92
27/8/2022,5,1.93
27/8/2022,6,1.94
27/8/2022,7,1.96
27/8/2022,8,1.99
27/8/2022,9,2.01
27/8/2022,10,2.02
27/8/2022,11,2.03
27/8/2022,12,2.05
27/8/2022,13,2.07
27/8/2022,14,2.1
27/8/2022,15,2.12
27/8/2022,16,2.13
27/8/2022,17,2.16
27/8/2022,18,2.18
27/8/2022,19,2.2
27/8/2022,20,2.21
27/8/2022,21,2.22
27/8/2022,22,2.22
27/8/2022,23,2.21
27/8/2022,24,2.21
28/8/2022,1,2.2
28/8/2022,2,2.2
28/8/2022,3,2.19
28/8/2022,4,2.18
28/8/2022,5,2.18
28/8/2022,6,2.17
28/8/2022,7,2.17
28/8/2022,8,2.17
28/8/2022,9,2.17
28/8/2022,10,2.18
28/8/2022,11,2.2
28/8/2022,12,2.22
28/8/2022,13,2.25
28/8/2022,14,2.29
28/8/2022,15,2.34
28/8/2022,16,2.38
28/8/2022,17,2.42
28/8/2022,18,2.45
28/8/2022,19,2.47
28/8/2022,20,2.48
28/8/2022,21,2.49
28/8/2022,22,2.5
28/8/2022,23,2.5
28/8/2022,24,2.49
29/8/2022,1,2.48
29/8/2022,2,2.47
29/8/2022,3,2.46
29/8/2022,4,2.46
29/8/2022,5,2.45
29/8/2022,6,2.45
29/8/2022,7,2.44
29/8/2022,8,2.44
29/8/2022,9,2.43
29/8/2022,10,2.41
29/8/2022,11,2.39
29/8/2022,12,2.38
29/8/2022,13,2.37
29/8/2022,14,2.36
29/8/2022,15,2.34
29/8/2022,16,2.32
29/8/2022,17,2.27
29/8/2022,18,2.25
29/8/2022,19,2.23
29/8/2022,20,2.21
29/8/2022,21,2.19
29/8/2022,22,2.18
29/8/2022,23,2.17
29/8/2022,24,2.15
30/8/2022,1,2.13
30/8/2022,2,2.11
30/8/2022,3,2.09
30/8/2022,4,2.08
30/8/2022,5,2.07
30/8/2022,6,2.06
30/8/2022,7,2.05
30/8/2022,8,2.04
30/8/2022,9,2.03
30/8/2022,10,2.02
30/8/2022,11,2.01
30/8/2022,12,2
30/8/2022,13,1.99
30/8/2022,14,1.99
30/8/2022,15,1.98
30/8/2022,16,1.98
30/8/2022,17,1.97
30/8/2022,18,1.97
30/8/2022,19,1.97
30/8/2022,20,1.95
30/8/2022,21,1.95
30/8/2022,22,1.95
30/8/2022,23,1.95
30/8/2022,24,1.94
31/8/2022,1,1.94
31/8/2022,2,1.93
31/8/2022,3,1.93
31/8/2022,4,1.93
31/8/2022,5,1.92
31/8/2022,6,1.92
31/8/2022,7,1.91
31/8/2022,8,1.91
31/8/2022,9,1.9
31/8/2022,10,1.9
31/8/2022,11,1.89
31/8/2022,12,1.89
31/8/2022,13,1.89
31/8/2022,14,1.88
31/8/2022,15,1.88
31/8/2022,16,1.88
31/8/2022,17,1.88
31/8/2022,18,1.88
31/8/2022,19,1.88
31/8/2022,20,1.88
31/8/2022,21,1.87
31/8/2022,22,1.88
31/8/2022,23,1.89
31/8/2022,24,1.88
1/9/2022,1,1.87
1/9/2022,2,1.86
1/9/2022,3,1.86
1/9/2022,4,1.85
1/9/2022,5,1.84
1/9/2022,6,1.84
1/9/2022,7,1.83
1/9/2022,8,1.82
1/9/2022,9,1.81
1/9/2022,10,1.81
1/9/2022,11,1.82
1/9/2022,12,1.82
1/9/2022,13,1.82
1/9/2022,14,1.83
1/9/2022,15,1.83
1/9/2022,16,1.84
1/9/2022,17,1.84
1/9/2022,18,1.84
1/9/2022,19,1.85
1/9/2022,20,1.85
1/9/2022,21,1.85
1/9/2022,22,1.85
1/9/2022,23,1.85
1/9/2022,24,1.85
2/9/2022,1,1.84
2/9/2022,2,1.84
2/9/2022,3,1.83
2/9/2022,4,1.83
2/9/2022,5,1.82
2/9/2022,6,1.81
2/9/2022,7,1.8
2/9/2022,8,1.79
2/9/2022,9,1.79
2/9/2022,10,1.79
2/9/2022,11,1.79
2/9/2022,12,1.78
2/9/2022,13,1.78
2/9/2022,14,1.77
2/9/2022,15,1.77
2/9/2022,16,1.76
2/9/2022,17,1.76
2/9/2022,18,1.75
2/9/2022,19,1.76
2/9/2022,20,1.76
2/9/2022,21,1.76
2/9/2022,22,1.78
2/9/2022,23,1.78
2/9/2022,24,1.79
3/9/2022,1,1.79
3/9/2022,2,1.78
3/9/2022,3,1.77
3/9/2022,4,1.77
3/9/2022,5,1.76
3/9/2022,6,1.76
3/9/2022,7,1.76
3/9/2022,8,1.74
3/9/2022,9,1.73
3/9/2022,10,1.71
3/9/2022,11,1.7
3/9/2022,12,1.7
3/9/2022,13,1.7
3/9/2022,14,1.69
3/9/2022,15,1.68
3/9/2022,16,1.68
3/9/2022,17,1.67
3/9/2022,18,1.67
3/9/2022,19,1.67
3/9/2022,20,1.67
3/9/2022,21,1.68
3/9/2022,22,1.68
3/9/2022,23,1.68
3/9/2022,24,1.68
4/9/2022,1,1.67
4/9/2022,2,1.67
4/9/2022,3,1.67
4/9/2022,4,1.66
4/9/2022,5,1.66
4/9/2022,6,1.66
4/9/2022,7,1.66
4/9/2022,8,1.65
4/9/2022,9,1.64
4/9/2022,10,1.65
4/9/2022,11,1.65
4/9/2022,12,1.65
4/9/2022,13,1.64
4/9/2022,14,1.65
4/9/2022,15,1.66
4/9/2022,16,1.67
4/9/2022,17,1.67
4/9/2022,18,1.66
4/9/2022,19,1.66
4/9/2022,20,1.66
4/9/2022,21,1.66
4/9/2022,22,1.66
4/9/2022,23,1.66
4/9/2022,24,1.66
5/9/2022,1,1.66
5/9/2022,2,1.66
5/9/2022,3,1.65
5/9/2022,4,1.65
5/9/2022,5,1.65
5/9/2022,6,1.64
5/9/2022,7,1.64
5/9/2022,8,1.64
5/9/2022,9,1.64
5/9/2022,10,1.64
5/9/2022,11,1.63
5/9/2022,12,1.63
5/9/2022,13,1.63
5/9/2022,14,1.63
5/9/2022,15,1.63
5/9/2022,16,1.63
5/9/2022,17,1.62
5/9/2022,18,1.61
5/9/2022,19,1.61
5/9/2022,20,1.62
5/9/2022,21,1.62
5/9/2022,22,1.62
5/9/2022,23,1.62
5/9/2022,24,1.61
6/9/2022,1,1.61
6/9/2022,2,1.61
6/9/2022,3,1.6
6/9/2022,4,1.6
6/9/2022,5,1.6
6/9/2022,6,1.6
6/9/2022,7,1.6
6/9/2022,8,1.59
6/9/2022,9,1.58
6/9/2022,10,1.59
6/9/2022,11,1.59
6/9/2022,12,1.6
6/9/2022,13,1.6
6/9/2022,14,1.6
6/9/2022,15,1.59
6/9/2022,16,1.59
6/9/2022,17,1.59
6/9/2022,18,1.59
6/9/2022,19,1.6
6/9/2022,20,1.61
6/9/2022,21,1.61
6/9/2022,22,1.62
6/9/2022,23,1.62
6/9/2022,24,1.63
7/9/2022,1,1.63
7/9/2022,2,1.64
7/9/2022,3,1.64
7/9/2022,4,1.65
7/9/2022,5,1.65
7/9/2022,6,1.65
7/9/2022,7,1.65
7/9/2022,8,1.65
7/9/2022,9,1.65
7/9/2022,10,1.65
7/9/2022,11,1.65
7/9/2022,12,1.64
7/9/2022,13,1.65
7/9/2022,14,1.65
7/9/2022,15,1.66
7/9/2022,16,1.66
7/9/2022,17,1.67
7/9/2022,18,1.66
7/9/2022,19,1.66
7/9/2022,20,1.66
7/9/2022,21,1.65
7/9/2022,22,1.64
7/9/2022,23,1.63
7/9/2022,24,1.63
8/9/2022,1,1.63
8/9/2022,2,1.62
8/9/2022,3,1.61
8/9/2022,4,1.61
8/9/2022,5,1.61
8/9/2022,6,1.6
8/9/2022,7,1.6
8/9/2022,8,1.59
8/9/2022,9,1.59
8/9/2022,10,1.59
8/9/2022,11,1.59
8/9/2022,12,1.58
8/9/2022,13,1.58
8/9/2022,14,1.57
8/9/2022,15,1.57
8/9/2022,16,1.57
8/9/2022,17,1.57
8/9/2022,18,1.57
8/9/2022,19,1.56
8/9/2022,20,1.56
8/9/2022,21,1.56
8/9/2022,22,1.56
8/9/2022,23,1.56
8/9/2022,24,1.56
9/9/2022,1,1.56
9/9/2022,2,1.55
9/9/2022,3,1.55
9/9/2022,4,1.55
9/9/2022,5,1.55
9/9/2022,6,1.55
9/9/2022,7,1.56
9/9/2022,8,1.57
9/9/2022,9,1.57
9/9/2022,10,1.59
9/9/2022,11,1.6
9/9/2022,12,1.63
9/9/2022,13,1.64
9/9/2022,14,1.67
9/9/2022,15,1.68
9/9/2022,16,1.72
9/9/2022,17,1.73
9/9/2022,18,1.74
9/9/2022,19,1.79
9/9/2022,20,1.81
9/9/2022,21,1.82
9/9/2022,22,1.83
9/9/2022,23,1.84
9/9/2022,24,1.85
10/9/2022,1,1.86
10/9/2022,2,1.88
10/9/2022,3,1.9
10/9/2022,4,1.91
10/9/2022,5,1.91
10/9/2022,6,1.92
10/9/2022,7,1.93
10/9/2022,8,1.91
10/9/2022,9,1.91
10/9/2022,10,1.93
10/9/2022,11,1.93
10/9/2022,12,1.96
10/9/2022,13,1.99
10/9/2022,14,2.02
10/9/2022,15,2.04
10/9/2022,16,2.05
10/9/2022,17,2.05
10/9/2022,18,2.05
10/9/2022,19,2.04
10/9/2022,20,2.03
10/9/2022,21,2.03
10/9/2022,22,2.03
10/9/2022,23,2.04
10/9/2022,24,2.05
11/9/2022,1,2.05
11/9/2022,2,2.06
11/9/2022,3,2.06
11/9/2022,4,2.07
11/9/2022,5,2.08
11/9/2022,6,2.09
11/9/2022,7,2.1
11/9/2022,8,2.11
11/9/2022,9,2.12
11/9/2022,10,2.15
11/9/2022,11,2.17
11/9/2022,12,2.19
11/9/2022,13,2.2
11/9/2022,14,2.22
11/9/2022,15,2.24
11/9/2022,16,2.25
11/9/2022,17,2.25
11/9/2022,18,2.27
11/9/2022,19,2.3
11/9/2022,20,2.34
11/9/2022,21,2.39
11/9/2022,22,2.44
11/9/2022,23,2.49
11/9/2022,24,2.54
12/9/2022,1,2.6
12/9/2022,2,2.64
12/9/2022,3,2.66
12/9/2022,4,2.67
12/9/2022,5,2.69
12/9/2022,6,2.73
12/9/2022,7,2.77
12/9/2022,8,2.78
12/9/2022,9,2.79
12/9/2022,10,2.79
12/9/2022,11,2.8
12/9/2022,12,2.8
12/9/2022,13,2.8
12/9/2022,14,2.81
12/9/2022,15,2.81
12/9/2022,16,2.81
12/9/2022,17,2.8
12/9/2022,18,2.8
12/9/2022,19,2.8
12/9/2022,20,2.8
12/9/2022,21,2.8
12/9/2022,22,2.81
12/9/2022,23,2.81
12/9/2022,24,2.82
13/9/2022,1,2.83
13/9/2022,2,2.84
13/9/2022,3,2.85
13/9/2022,4,2.87
13/9/2022,5,2.89
13/9/2022,6,2.91
13/9/2022,7,2.92
13/9/2022,8,2.93
13/9/2022,9,2.93
13/9/2022,10,2.94
13/9/2022,11,2.94
13/9/2022,12,2.94
13/9/2022,13,2.93
13/9/2022,14,2.94
13/9/2022,15,2.94
13/9/2022,16,2.95
13/9/2022,17,2.96
13/9/2022,18,2.98
13/9/2022,19,3
13/9/2022,20,3.02
13/9/2022,21,3.03
13/9/2022,22,3.05
13/9/2022,23,3.06
13/9/2022,24,3.07
14/9/2022,1,3.08
14/9/2022,2,3.09
14/9/2022,3,3.1
14/9/2022,4,3.1
14/9/2022,5,3.11
14/9/2022,6,3.1
14/9/2022,7,3.09
14/9/2022,8,3.08
14/9/2022,9,3.07
14/9/2022,10,3.06
14/9/2022,11,3.04
14/9/2022,12,3.02
14/9/2022,13,3.01
14/9/2022,14,2.98
14/9/2022,15,2.97
14/9/2022,16,2.95
14/9/2022,17,2.93
14/9/2022,18,2.93
14/9/2022,19,2.92
14/9/2022,20,2.92
14/9/2022,21,2.92
14/9/2022,22,2.93
14/9/2022,23,2.94
14/9/2022,24,2.95
15/9/2022,1,2.95
15/9/2022,2,2.97
15/9/2022,3,3
15/9/2022,4,3.03
15/9/2022,5,3.05
15/9/2022,6,3.08
15/9/2022,7,3.12
15/9/2022,8,3.13
15/9/2022,9,3.14
15/9/2022,10,3.15
15/9/2022,11,3.14
15/9/2022,12,3.13
15/9/2022,13,3.1
15/9/2022,14,3.07
15/9/2022,15,3.03
15/9/2022,16,2.99
15/9/2022,17,2.96
15/9/2022,18,2.92
15/9/2022,19,2.9
15/9/2022,20,2.85
15/9/2022,21,2.83
15/9/2022,22,2.8
15/9/2022,23,2.77
15/9/2022,24,2.74
16/9/2022,1,2.73
16/9/2022,2,2.71
16/9/2022,3,2.7
16/9/2022,4,2.68
16/9/2022,5,2.67
16/9/2022,6,2.65
16/9/2022,7,2.65
16/9/2022,8,2.64
16/9/2022,9,2.63
16/9/2022,10,2.63
16/9/2022,11,2.63
16/9/2022,12,2.64
16/9/2022,13,2.64
16/9/2022,14,2.64
16/9/2022,15,2.64
16/9/2022,16,2.63
16/9/2022,17,2.61
16/9/2022,18,2.59
16/9/2022,19,2.57
16/9/2022,20,2.55
16/9/2022,21,2.53
16/9/2022,22,2.51
16/9/2022,23,2.49
16/9/2022,24,2.47
17/9/2022,1,2.45
17/9/2022,2,2.43
17/9/2022,3,2.42
17/9/2022,4,2.41
17/9/2022,5,2.4
17/9/2022,6,2.39
17/9/2022,7,2.38
17/9/2022,8,2.38
17/9/2022,9,2.38
17/9/2022,10,2.39
17/9/2022,11,2.4
17/9/2022,12,2.41
17/9/2022,13,2.42
17/9/2022,14,2.42
17/9/2022,15,2.41
17/9/2022,16,2.41
17/9/2022,17,2.42
17/9/2022,18,2.42
17/9/2022,19,2.42
17/9/2022,20,2.4
17/9/2022,21,2.38
17/9/2022,22,2.36
17/9/2022,23,2.35
17/9/2022,24,2.34
18/9/2022,1,2.33
18/9/2022,2,2.33
18/9/2022,3,2.32
18/9/2022,4,2.32
18/9/2022,5,2.32
18/9/2022,6,2.32
18/9/2022,7,2.31
18/9/2022,8,2.33
18/9/2022,9,2.33
18/9/2022,10,2.34
18/9/2022,11,2.34
18/9/2022,12,2.35
18/9/2022,13,2.35
18/9/2022,14,2.35
18/9/2022,15,2.36
18/9/2022,16,2.37
18/9/2022,17,2.38
18/9/2022,18,2.39
18/9/2022,19,2.39
18/9/2022,20,2.38
18/9/2022,21,2.37
18/9/2022,22,2.36
18/9/2022,23,2.35
18/9/2022,24,2.35
19/9/2022,1,2.35
19/9/2022,2,2.35
19/9/2022,3,2.35
19/9/2022,4,2.35
19/9/2022,5,2.35
19/9/2022,6,2.35
19/9/2022,7,2.35
19/9/2022,8,2.35
19/9/2022,9,2.35
19/9/2022,10,2.35
19/9/2022,11,2.35
19/9/2022,12,2.35
19/9/2022,13,2.34
19/9/2022,14,2.34
19/9/2022,15,2.32
19/9/2022,16,2.32
19/9/2022,17,2.31
19/9/2022,18,2.3
19/9/2022,19,2.3
19/9/2022,20,2.28
19/9/2022,21,2.27
19/9/2022,22,2.27
19/9/2022,23,2.26
19/9/2022,24,2.26
20/9/2022,1,2.25
20/9/2022,2,2.24
20/9/2022,3,2.23
20/9/2022,4,2.22
20/9/2022,5,2.21
20/9/2022,6,2.21
20/9/2022,7,2.2
20/9/2022,8,2.19
20/9/2022,9,2.19
20/9/2022,10,2.19
20/9/2022,11,2.19
20/9/2022,12,2.19
20/9/2022,13,2.18
20/9/2022,14,2.18
20/9/2022,15,2.17
20/9/2022,16,2.16
20/9/2022,17,2.15
20/9/2022,18,2.14
20/9/2022,19,2.14
20/9/2022,20,2.14
20/9/2022,21,2.15
20/9/2022,22,2.17
20/9/2022,23,2.18
20/9/2022,24,2.18
21/9/2022,1,2.17
21/9/2022,2,2.17
21/9/2022,3,2.16
21/9/2022,4,2.16
21/9/2022,5,2.16
21/9/2022,6,2.16
21/9/2022,7,2.16
21/9/2022,8,2.15
21/9/2022,9,2.15
21/9/2022,10,2.15
21/9/2022,11,2.15
21/9/2022,12,2.15
21/9/2022,13,2.16
21/9/2022,14,2.16
21/9/2022,15,2.17
21/9/2022,16,2.19
21/9/2022,17,2.22
21/9/2022,18,2.24
21/9/2022,19,2.25
21/9/2022,20,2.25
21/9/2022,21,2.25
21/9/2022,22,2.24
21/9/2022,23,2.23
21/9/2022,24,2.22
22/9/2022,1,2.22
22/9/2022,2,2.22
22/9/2022,3,2.22
22/9/2022,4,2.22
22/9/2022,5,2.23
22/9/2022,6,2.23
22/9/2022,7,2.24
22/9/2022,8,2.25
22/9/2022,9,2.27
22/9/2022,10,2.29
22/9/2022,11,2.3
22/9/2022,12,2.3
22/9/2022,13,2.31
22/9/2022,14,2.31
22/9/2022,15,2.3
22/9/2022,16,2.29
22/9/2022,17,2.28
22/9/2022,18,2.27
22/9/2022,19,2.25
22/9/2022,20,2.24
22/9/2022,21,2.23
22/9/2022,22,2.22
22/9/2022,23,2.22
22/9/2022,24,2.21
23/9/2022,1,2.21
23/9/2022,2,2.2
23/9/2022,3,2.2
23/9/2022,4,2.19
23/9/2022,5,2.18
23/9/2022,6,2.18
23/9/2022,7,2.23
23/9/2022,8,2.28
23/9/2022,9,2.3
23/9/2022,10,2.3
23/9/2022,11,2.31
23/9/2022,12,2.31
23/9/2022,13,2.33
23/9/2022,14,2.33
23/9/2022,15,2.33
23/9/2022,16,2.32
23/9/2022,17,2.3
23/9/2022,18,2.28
23/9/2022,19,2.27
23/9/2022,20,2.25
23/9/2022,21,2.24
23/9/2022,22,2.23
23/9/2022,23,2.23
23/9/2022,24,2.23
24/9/2022,1,2.23
24/9/2022,2,2.23
24/9/2022,3,2.23
24/9/2022,4,2.24
24/9/2022,5,2.25
24/9/2022,6,2.27
24/9/2022,7,2.3
24/9/2022,8,2.3
24/9/2022,9,2.32
24/9/2022,10,2.33
24/9/2022,11,2.34
24/9/2022,12,2.35
24/9/2022,13,2.36
24/9/2022,14,2.37
24/9/2022,15,2.38
24/9/2022,16,2.39
24/9/2022,17,2.39
24/9/2022,18,2.4
24/9/2022,19,2.4
24/9/2022,20,2.4
24/9/2022,21,2.4
24/9/2022,22,2.39
24/9/2022,23,2.39
24/9/2022,24,2.39
25/9/2022,1,2.41
25/9/2022,2,2.44
25/9/2022,3,2.47
25/9/2022,4,2.5
25/9/2022,5,2.53
25/9/2022,6,2.55
25/9/2022,7,2.58
25/9/2022,8,2.63
25/9/2022,9,2.65
25/9/2022,10,2.69
25/9/2022,11,2.74
25/9/2022,12,2.79
25/9/2022,13,2.84
25/9/2022,14,2.88
25/9/2022,15,2.9
25/9/2022,16,2.92
25/9/2022,17,2.91
25/9/2022,18,2.89
25/9/2022,19,2.87
25/9/2022,20,2.85
25/9/2022,21,2.83
25/9/2022,22,2.81
25/9/2022,23,2.79
25/9/2022,24,2.78
26/9/2022,1,2.77
26/9/2022,2,2.77
26/9/2022,3,2.75
26/9/2022,4,2.74
26/9/2022,5,2.73
26/9/2022,6,2.72
26/9/2022,7,2.7
26/9/2022,8,2.69
26/9/2022,9,2.68
26/9/2022,10,2.68
26/9/2022,11,2.67
26/9/2022,12,2.67
26/9/2022,13,2.67
26/9/2022,14,2.67
26/9/2022,15,2.67
26/9/2022,16,2.67
26/9/2022,17,2.68
26/9/2022,18,2.69
26/9/2022,19,2.69
26/9/2022,20,2.69
26/9/2022,21,2.69
26/9/2022,22,2.68
26/9/2022,23,2.67
26/9/2022,24,2.67
27/9/2022,1,2.66
27/9/2022,2,2.67
27/9/2022,3,2.69
27/9/2022,4,2.69
27/9/2022,5,2.71
27/9/2022,6,2.72
27/9/2022,7,2.74
27/9/2022,8,2.75
27/9/2022,9,2.77
27/9/2022,10,2.78
27/9/2022,11,2.79
27/9/2022,12,2.81
27/9/2022,13,2.82
27/9/2022,14,2.83
27/9/2022,15,2.84
27/9/2022,16,2.84
27/9/2022,17,2.85
27/9/2022,18,2.85
27/9/2022,19,2.84
27/9/2022,20,2.83
27/9/2022,21,2.83
27/9/2022,22,2.81
27/9/2022,23,2.79
27/9/2022,24,2.77
28/9/2022,1,2.75
28/9/2022,2,2.72
28/9/2022,3,2.7
28/9/2022,4,2.67
28/9/2022,5,2.64
28/9/2022,6,2.61
28/9/2022,7,2.59
28/9/2022,8,2.55
28/9/2022,9,2.53
28/9/2022,10,2.51
28/9/2022,11,2.5
28/9/2022,12,2.48
28/9/2022,13,2.46
28/9/2022,14,2.44
28/9/2022,15,2.43
28/9/2022,16,2.4
28/9/2022,17,2.39
28/9/2022,18,2.38
28/9/2022,19,2.37
28/9/2022,20,2.37
28/9/2022,21,2.36
28/9/2022,22,2.35
28/9/2022,23,2.34
28/9/2022,24,2.33
29/9/2022,1,2.32
29/9/2022,2,2.31
29/9/2022,3,2.3
29/9/2022,4,2.29
29/9/2022,5,2.28
29/9/2022,6,2.27
29/9/2022,7,2.26
29/9/2022,8,2.26
29/9/2022,9,2.24
29/9/2022,10,2.23
29/9/2022,11,2.23
29/9/2022,12,2.22
29/9/2022,13,2.22
29/9/2022,14,2.21
29/9/2022,15,2.21
29/9/2022,16,2.2
29/9/2022,17,2.19
29/9/2022,18,2.18
29/9/2022,19,2.17
29/9/2022,20,2.16
29/9/2022,21,2.14
29/9/2022,22,2.13
29/9/2022,23,2.13
29/9/2022,24,2.13
30/9/2022,1,2.12
30/9/2022,2,2.12
30/9/2022,3,2.12
30/9/2022,4,2.12
30/9/2022,5,2.12
30/9/2022,6,2.12
30/9/2022,7,2.1
30/9/2022,8,2.09
30/9/2022,9,2.08
30/9/2022,10,2.08
30/9/2022,11,2.08
30/9/2022,12,2.08
30/9/2022,13,2.08
30/9/2022,14,2.08
30/9/2022,15,2.08
30/9/2022,16,2.08
30/9/2022,17,2.07
30/9/2022,18,2.07
30/9/2022,19,2.06
30/9/2022,20,2.04
30/9/2022,21,2.02
30/9/2022,22,2
30/9/2022,23,1.99
30/9/2022,24,1.97
1/10/2022,1,1.94
1/10/2022,2,1.92
1/10/2022,3,1.9
1/10/2022,4,1.89
1/10/2022,5,1.89
1/10/2022,6,1.89
1/10/2022,7,1.89
1/10/2022,8,1.91
1/10/2022,9,1.93
1/10/2022,10,1.96
1/10/2022,11,1.99
1/10/2022,12,2.02
1/10/2022,13,2.05
1/10/2022,14,2.07
1/10/2022,15,2.12
1/10/2022,16,2.15
1/10/2022,17,2.19
1/10/2022,18,2.2
1/10/2022,19,2.21
1/10/2022,20,2.23
1/10/2022,21,2.25
1/10/2022,22,2.27
1/10/2022,23,2.31
1/10/2022,24,2.36
2/10/2022,1,2.4
2/10/2022,2,2.43
2/10/2022,3,2.5
2/10/2022,4,2.57
2/10/2022,5,2.63
2/10/2022,6,2.69
2/10/2022,7,2.75
2/10/2022,8,2.82
2/10/2022,9,2.89
2/10/2022,10,2.95
2/10/2022,11,3.04
2/10/2022,12,3.11
2/10/2022,13,3.23
2/10/2022,14,3.32
2/10/2022,15,3.42
2/10/2022,16,3.48
2/10/2022,17,3.56
2/10/2022,18,3.63
2/10/2022,19,3.71
2/10/2022,20,3.77
2/10/2022,21,3.8
2/10/2022,22,3.89
2/10/2022,23,3.93
2/10/2022,24,3.98
3/10/2022,1,4.03
3/10/2022,2,4.09
3/10/2022,3,4.14
3/10/2022,4,4.21
3/10/2022,5,4.28
3/10/2022,6,4.35
3/10/2022,7,4.43
3/10/2022,8,4.48
3/10/2022,9,4.52
3/10/2022,10,4.56
3/10/2022,11,4.59
3/10/2022,12,4.6
3/10/2022,13,4.61
3/10/2022,14,4.63
3/10/2022,15,4.65
3/10/2022,16,4.65
3/10/2022,17,4.65
3/10/2022,18,4.65
3/10/2022,19,4.65
3/10/2022,20,4.64
3/10/2022,21,4.63
3/10/2022,22,4.62
3/10/2022,23,4.6
3/10/2022,24,4.58
4/10/2022,1,4.57
4/10/2022,2,4.55
4/10/2022,3,4.53
4/10/2022,4,4.53
4/10/2022,5,4.52
4/10/2022,6,4.51
4/10/2022,7,4.51
4/10/2022,8,4.52
4/10/2022,9,4.52
4/10/2022,10,4.53
4/10/2022,11,4.54
4/10/2022,12,4.55
4/10/2022,13,4.55
4/10/2022,14,4.56
4/10/2022,15,4.56
4/10/2022,16,4.55
4/10/2022,17,4.53
4/10/2022,18,4.51
4/10/2022,19,4.48
4/10/2022,20,4.45
4/10/2022,21,4.41
4/10/2022,22,4.36
4/10/2022,23,4.31
4/10/2022,24,4.26
5/10/2022,1,4.2
5/10/2022,2,4.14
5/10/2022,3,4.07
5/10/2022,4,4
5/10/2022,5,3.93
5/10/2022,6,3.85
5/10/2022,7,3.78
5/10/2022,8,3.7
5/10/2022,9,3.65
5/10/2022,10,3.57
5/10/2022,11,3.51
5/10/2022,12,3.45
5/10/2022,13,3.39
5/10/2022,14,3.35
5/10/2022,15,3.28
5/10/2022,16,3.23
5/10/2022,17,3.2
5/10/2022,18,3.17
5/10/2022,19,3.14
5/10/2022,20,3.12
5/10/2022,21,3.09
5/10/2022,22,3.06
5/10/2022,23,3.02
5/10/2022,24,2.99
6/10/2022,1,2.97
6/10/2022,2,2.95
6/10/2022,3,2.94
6/10/2022,4,2.93
6/10/2022,5,2.92
6/10/2022,6,2.91
6/10/2022,7,2.9
6/10/2022,8,2.88
6/10/2022,9,2.86
6/10/2022,10,2.83
6/10/2022,11,2.81
6/10/2022,12,2.78
6/10/2022,13,2.74
6/10/2022,14,2.71
6/10/2022,15,2.69
6/10/2022,16,2.66
6/10/2022,17,2.65
6/10/2022,18,2.63
6/10/2022,19,2.6
6/10/2022,20,2.58
6/10/2022,21,2.56
6/10/2022,22,2.55
6/10/2022,23,2.54
6/10/2022,24,2.53
7/10/2022,1,2.52
7/10/2022,2,2.51
7/10/2022,3,2.49
7/10/2022,4,2.47
7/10/2022,5,2.46
7/10/2022,6,2.45
7/10/2022,7,2.43
7/10/2022,8,2.42
7/10/2022,9,2.41
7/10/2022,10,2.39
7/10/2022,11,2.39
7/10/2022,12,2.37
7/10/2022,13,2.37
7/10/2022,14,2.35
7/10/2022,15,2.34
7/10/2022,16,2.32
7/10/2022,17,2.32
7/10/2022,18,2.31
7/10/2022,19,2.29
7/10/2022,20,2.28
7/10/2022,21,2.27
7/10/2022,22,2.26
7/10/2022,23,2.25
7/10/2022,24,2.24
8/10/2022,1,2.24
8/10/2022,2,2.24
8/10/2022,3,2.25
8/10/2022,4,2.25
8/10/2022,5,2.26
8/10/2022,6,2.26
8/10/2022,7,2.27
8/10/2022,8,2.27
8/10/2022,9,2.26
8/10/2022,10,2.25
8/10/2022,11,2.24
8/10/2022,12,2.23
8/10/2022,13,2.22
8/10/2022,14,2.21
8/10/2022,15,2.21
8/10/2022,16,2.2
8/10/2022,17,2.2
8/10/2022,18,2.19
8/10/2022,19,2.18
8/10/2022,20,2.17
8/10/2022,21,2.17
8/10/2022,22,2.16
8/10/2022,23,2.16
8/10/2022,24,2.15
9/10/2022,1,2.15
9/10/2022,2,2.14
9/10/2022,3,2.14
9/10/2022,4,2.13
9/10/2022,5,2.13
9/10/2022,6,2.13
9/10/2022,7,2.12
9/10/2022,8,2.12
9/10/2022,9,2.11
9/10/2022,10,2.11
9/10/2022,11,2.1
9/10/2022,12,2.1
9/10/2022,13,2.1
9/10/2022,14,2.09
9/10/2022,15,2.09
9/10/2022,16,2.08
9/10/2022,17,2.08
9/10/2022,18,2.07
9/10/2022,19,2.06
9/10/2022,20,2.05
9/10/2022,21,2.05
9/10/2022,22,2.04
9/10/2022,23,2.04
9/10/2022,24,2.04
10/10/2022,1,2.04
10/10/2022,2,2.04
10/10/2022,3,2.03
10/10/2022,4,2.03
10/10/2022,5,2.03
10/10/2022,6,2.03
10/10/2022,7,2.03
10/10/2022,8,2.03
10/10/2022,9,2.02
10/10/2022,10,2.02
10/10/2022,11,2.03
10/10/2022,12,2.05
10/10/2022,13,2.07
10/10/2022,14,2.09
10/10/2022,15,2.1
10/10/2022,16,2.11
10/10/2022,17,2.12
10/10/2022,18,2.13
10/10/2022,19,2.13
10/10/2022,20,2.12
10/10/2022,21,2.11
10/10/2022,22,2.11
10/10/2022,23,2.11
10/10/2022,24,2.11
11/10/2022,1,2.11
11/10/2022,2,2.11
11/10/2022,3,2.11
11/10/2022,4,2.12
11/10/2022,5,2.12
11/10/2022,6,2.14
11/10/2022,7,2.15
11/10/2022,8,2.16
11/10/2022,9,2.16
11/10/2022,10,2.17
11/10/2022,11,2.18
11/10/2022,12,2.18
11/10/2022,13,2.18
11/10/2022,14,2.19
11/10/2022,15,2.2
11/10/2022,16,2.2
11/10/2022,17,2.2
11/10/2022,18,2.2
11/10/2022,19,2.23
11/10/2022,20,2.24
11/10/2022,21,2.24
11/10/2022,22,2.24
11/10/2022,23,2.23
11/10/2022,24,2.21
12/10/2022,1,2.19
12/10/2022,2,2.18
12/10/2022,3,2.17
12/10/2022,4,2.16
12/10/2022,5,2.15
12/10/2022,6,2.15
12/10/2022,7,2.15
12/10/2022,8,2.14
12/10/2022,9,2.13
12/10/2022,10,2.11
12/10/2022,11,2.09
12/10/2022,12,2.08
12/10/2022,13,2.07
12/10/2022,14,2.06
12/10/2022,15,2.05
12/10/2022,16,2.04
12/10/2022,17,2.03
12/10/2022,18,2.03
12/10/2022,19,2.02
12/10/2022,20,2.01
12/10/2022,21,2
12/10/2022,22,1.99
12/10/2022,23,1.98
12/10/2022,24,1.97
13/10/2022,1,1.96
13/10/2022,2,1.95
13/10/2022,3,1.94
13/10/2022,4,1.93
13/10/2022,5,1.93
13/10/2022,6,1.94
13/10/2022,7,1.94
13/10/2022,8,1.93
13/10/2022,9,1.93
13/10/2022,10,1.92
13/10/2022,11,1.91
13/10/2022,12,1.91
13/10/2022,13,1.91
13/10/2022,14,1.91
13/10/2022,15,1.9
13/10/2022,16,1.9
13/10/2022,17,1.89
13/10/2022,18,1.88
13/10/2022,19,1.88
13/10/2022,20,1.88
13/10/2022,21,1.88
13/10/2022,22,1.87
13/10/2022,23,1.87
13/10/2022,24,1.87
14/10/2022,1,1.87
14/10/2022,2,1.87
14/10/2022,3,1.87
14/10/2022,4,1.87
14/10/2022,5,1.87
14/10/2022,6,1.86
14/10/2022,7,1.86
14/10/2022,8,1.85
14/10/2022,9,1.85
14/10/2022,10,1.85
14/10/2022,11,1.84
14/10/2022,12,1.84
14/10/2022,13,1.84
14/10/2022,14,1.84
14/10/2022,15,1.84
14/10/2022,16,1.84
14/10/2022,17,1.84
14/10/2022,18,1.83
14/10/2022,19,1.83
14/10/2022,20,1.83
14/10/2022,21,1.84
14/10/2022,22,1.85
14/10/2022,23,1.86
14/10/2022,24,1.86
15/10/2022,1,1.87
15/10/2022,2,1.87
15/10/2022,3,1.87
15/10/2022,4,1.87
15/10/2022,5,1.87
15/10/2022,6,1.87
15/10/2022,7,1.87
15/10/2022,8,1.87
15/10/2022,9,1.88
15/10/2022,10,1.89
15/10/2022,11,1.91
15/10/2022,12,1.93
15/10/2022,13,1.94
15/10/2022,14,1.96
15/10/2022,15,1.97
15/10/2022,16,1.98
15/10/2022,17,1.98
15/10/2022,18,1.98
15/10/2022,19,1.97
15/10/2022,20,1.97
15/10/2022,21,1.97
15/10/2022,22,1.96
15/10/2022,23,1.96
15/10/2022,24,1.95
16/10/2022,1,1.95
16/10/2022,2,1.94
16/10/2022,3,1.92
16/10/2022,4,1.9
16/10/2022,5,1.88
16/10/2022,6,1.86
16/10/2022,7,1.85
16/10/2022,8,1.84
16/10/2022,9,1.83
16/10/2022,10,1.82
16/10/2022,11,1.81
16/10/2022,12,1.8
16/10/2022,13,1.8
16/10/2022,14,1.8
16/10/2022,15,1.79
16/10/2022,16,1.79
16/10/2022,17,1.79
16/10/2022,18,1.79
16/10/2022,19,1.79
16/10/2022,20,1.78
16/10/2022,21,1.78
16/10/2022,22,1.78
16/10/2022,23,1.77
16/10/2022,24,1.77
17/10/2022,1,1.77
17/10/2022,2,1.78
17/10/2022,3,1.78
17/10/2022,4,1.78
17/10/2022,5,1.78
17/10/2022,6,1.77
17/10/2022,7,1.77
17/10/2022,8,1.76
17/10/2022,9,1.76
17/10/2022,10,1.76
17/10/2022,11,1.76
17/10/2022,12,1.76
17/10/2022,13,1.77
17/10/2022,14,1.78
17/10/2022,15,1.78
17/10/2022,16,1.77
17/10/2022,17,1.77
17/10/2022,18,1.76
17/10/2022,19,1.75
17/10/2022,20,1.74
17/10/2022,21,1.74
17/10/2022,22,1.74
17/10/2022,23,1.74
17/10/2022,24,1.74
18/10/2022,1,1.73
18/10/2022,2,1.73
18/10/2022,3,1.73
18/10/2022,4,1.72
18/10/2022,5,1.72
18/10/2022,6,1.72
18/10/2022,7,1.71
18/10/2022,8,1.71
18/10/2022,9,1.71
18/10/2022,10,1.71
18/10/2022,11,1.7
18/10/2022,12,1.7
18/10/2022,13,1.7
18/10/2022,14,1.7
18/10/2022,15,1.7
18/10/2022,16,1.7
18/10/2022,17,1.7
18/10/2022,18,1.7
18/10/2022,19,1.7
18/10/2022,20,1.7
18/10/2022,21,1.7
18/10/2022,22,1.7
18/10/2022,23,1.69
18/10/2022,24,1.69
19/10/2022,1,1.69
19/10/2022,2,1.69
19/10/2022,3,1.68
19/10/2022,4,1.68
19/10/2022,5,1.68
19/10/2022,6,1.68
19/10/2022,7,1.68
19/10/2022,8,1.68
19/10/2022,9,1.67
19/10/2022,10,1.67
19/10/2022,11,1.67
19/10/2022,12,1.67
19/10/2022,13,1.66
19/10/2022,14,1.66
19/10/2022,15,1.66
19/10/2022,16,1.66
19/10/2022,17,1.66
19/10/2022,18,1.66
19/10/2022,19,1.66
19/10/2022,20,1.66
19/10/2022,21,1.66
19/10/2022,22,1.66
19/10/2022,23,1.66
19/10/2022,24,1.66
20/10/2022,1,1.66
20/10/2022,2,1.66
20/10/2022,3,1.66
20/10/2022,4,1.66
20/10/2022,5,1.65
20/10/2022,6,1.65
20/10/2022,7,1.65
20/10/2022,8,1.64
20/10/2022,9,1.64
20/10/2022,10,1.64
20/10/2022,11,1.63
20/10/2022,12,1.63
20/10/2022,13,1.64
20/10/2022,14,1.64
20/10/2022,15,1.64
20/10/2022,16,1.64
20/10/2022,17,1.64
20/10/2022,18,1.64
20/10/2022,19,1.64
20/10/2022,20,1.64
20/10/2022,21,1.64
20/10/2022,22,1.63
20/10/2022,23,1.63
20/10/2022,24,1.63
21/10/2022,1,1.62
21/10/2022,2,1.62
21/10/2022,3,1.62
21/10/2022,4,1.62
21/10/2022,5,1.61
21/10/2022,6,1.61
21/10/2022,7,1.61
21/10/2022,8,1.6
21/10/2022,9,1.6
21/10/2022,10,1.6
21/10/2022,11,1.59
21/10/2022,12,1.59
21/10/2022,13,1.59
21/10/2022,14,1.58
21/10/2022,15,1.58
21/10/2022,16,1.58
21/10/2022,17,1.58
21/10/2022,18,1.58
21/10/2022,19,1.58
21/10/2022,20,1.58
21/10/2022,21,1.58
21/10/2022,22,1.58
21/10/2022,23,1.58
21/10/2022,24,1.58
22/10/2022,1,1.58
22/10/2022,2,1.58
22/10/2022,3,1.58
22/10/2022,4,1.58
22/10/2022,5,1.58
22/10/2022,6,1.58
22/10/2022,7,1.58
22/10/2022,8,1.58
22/10/2022,9,1.58
22/10/2022,10,1.58
22/10/2022,11,1.58
22/10/2022,12,1.58
22/10/2022,13,1.58
22/10/2022,14,1.58
22/10/2022,15,1.58
22/10/2022,16,1.58
22/10/2022,17,1.58
22/10/2022,18,1.58
22/10/2022,19,1.58
22/10/2022,20,1.57
22/10/2022,21,1.57
22/10/2022,22,1.57
22/10/2022,23,1.57
22/10/2022,24,1.57
23/10/2022,1,1.57
23/10/2022,2,1.57
23/10/2022,3,1.57
23/10/2022,4,1.57
23/10/2022,5,1.57
23/10/2022,6,1.57
23/10/2022,7,1.57
23/10/2022,8,1.57
23/10/2022,9,1.57
23/10/2022,10,1.57
23/10/2022,11,1.57
23/10/2022,12,1.58
23/10/2022,13,1.59
23/10/2022,14,1.59
23/10/2022,15,1.6
23/10/2022,16,1.61
23/10/2022,17,1.62
23/10/2022,18,1.64
23/10/2022,19,1.65
23/10/2022,20,1.66
23/10/2022,21,1.67
23/10/2022,22,1.68
23/10/2022,23,1.68
23/10/2022,24,1.69
24/10/2022,1,1.69
24/10/2022,2,1.69
24/10/2022,3,1.69
24/10/2022,4,1.67
24/10/2022,5,1.67
24/10/2022,6,1.67
24/10/2022,7,1.67
24/10/2022,8,1.66
24/10/2022,9,1.66
24/10/2022,10,1.65
24/10/2022,11,1.64
24/10/2022,12,1.64
24/10/2022,13,1.62
24/10/2022,14,1.61
24/10/2022,15,1.61
24/10/2022,16,1.6
24/10/2022,17,1.59
24/10/2022,18,1.59
24/10/2022,19,1.59
24/10/2022,20,1.59
24/10/2022,21,1.59
24/10/2022,22,1.59
24/10/2022,23,1.58
24/10/2022,24,1.58
25/10/2022,1,1.58
25/10/2022,2,1.58
25/10/2022,3,1.58
25/10/2022,4,1.58
25/10/2022,5,1.58
25/10/2022,6,1.57
25/10/2022,7,1.57
25/10/2022,8,1.57
25/10/2022,9,1.56
25/10/2022,10,1.56
25/10/2022,11,1.56
25/10/2022,12,1.56
25/10/2022,13,1.56
25/10/2022,14,1.56
25/10/2022,15,1.56
25/10/2022,16,1.56
25/10/2022,17,1.56
25/10/2022,18,1.56
25/10/2022,19,1.55
25/10/2022,20,1.55
25/10/2022,21,1.55
25/10/2022,22,1.56
25/10/2022,23,1.56
25/10/2022,24,1.56
26/10/2022,1,1.56
26/10/2022,2,1.56
26/10/2022,3,1.56
26/10/2022,4,1.56
26/10/2022,5,1.55
26/10/2022,6,1.55
26/10/2022,7,1.54
26/10/2022,8,1.54
26/10/2022,9,1.53
26/10/2022,10,1.53
26/10/2022,11,1.52
26/10/2022,12,1.52
26/10/2022,13,1.52
26/10/2022,14,1.52
26/10/2022,15,1.53
26/10/2022,16,1.53
26/10/2022,17,1.52
26/10/2022,18,1.52
26/10/2022,19,1.52
26/10/2022,20,1.52
26/10/2022,21,1.52
26/10/2022,22,1.52
26/10/2022,23,1.52
26/10/2022,24,1.52
27/10/2022,1,1.52
27/10/2022,2,1.52
27/10/2022,3,1.51
27/10/2022,4,1.51
27/10/2022,5,1.51
27/10/2022,6,1.51
27/10/2022,7,1.51
27/10/2022,8,1.51
27/10/2022,9,1.5
27/10/2022,10,1.5
27/10/2022,11,1.49
27/10/2022,12,1.49
27/10/2022,13,1.49
27/10/2022,14,1.49
27/10/2022,15,1.49
27/10/2022,16,1.5
27/10/2022,17,1.5
27/10/2022,18,1.5
27/10/2022,19,1.5
27/10/2022,20,1.51
27/10/2022,21,1.57
27/10/2022,22,1.63
27/10/2022,23,1.68
27/10/2022,24,1.71
28/10/2022,1,1.69
28/10/2022,2,1.68
28/10/2022,3,1.67
28/10/2022,4,1.66
28/10/2022,5,1.65
28/10/2022,6,1.64
28/10/2022,7,1.63
28/10/2022,8,1.62
28/10/2022,9,1.61
28/10/2022,10,1.6
28/10/2022,11,1.6
28/10/2022,12,1.59
28/10/2022,13,1.59
28/10/2022,14,1.58
28/10/2022,15,1.58
28/10/2022,16,1.57
28/10/2022,17,1.57
28/10/2022,18,1.56
28/10/2022,19,1.56
28/10/2022,20,1.55
28/10/2022,21,1.54
28/10/2022,22,1.54
28/10/2022,23,1.54
28/10/2022,24,1.55
29/10/2022,1,1.56
29/10/2022,2,1.58
29/10/2022,3,1.6
29/10/2022,4,1.63
29/10/2022,5,1.65
29/10/2022,6,1.68
29/10/2022,7,1.68
29/10/2022,8,1.67
29/10/2022,9,1.67
29/10/2022,10,1.66
29/10/2022,11,1.66
29/10/2022,12,1.66
29/10/2022,13,1.65
29/10/2022,14,1.65
29/10/2022,15,1.65
29/10/2022,16,1.64
29/10/2022,17,1.64
29/10/2022,18,1.64
29/10/2022,19,1.64
29/10/2022,20,1.63
29/10/2022,21,1.63
29/10/2022,22,1.63
29/10/2022,23,1.63
29/10/2022,24,1.62
30/10/2022,1,1.62
30/10/2022,2,1.62
30/10/2022,3,1.61
30/10/2022,4,1.61
30/10/2022,5,1.6
30/10/2022,6,1.6
30/10/2022,7,1.59
30/10/2022,8,1.59
30/10/2022,9,1.58
30/10/2022,10,1.57
30/10/2022,11,1.56
30/10/2022,12,1.55
30/10/2022,13,1.54
30/10/2022,14,1.53
30/10/2022,15,1.52
30/10/2022,16,1.51
30/10/2022,17,1.51
30/10/2022,18,1.54
30/10/2022,19,1.58
30/10/2022,20,1.62
30/10/2022,21,1.64
30/10/2022,22,1.65
30/10/2022,23,1.66
30/10/2022,24,1.67
31/10/2022,1,1.68
31/10/2022,2,1.68
31/10/2022,3,1.67
31/10/2022,4,1.67
31/10/2022,5,1.66
31/10/2022,6,1.65
31/10/2022,7,1.65
31/10/2022,8,1.64
31/10/2022,9,1.63
31/10/2022,10,1.62
31/10/2022,11,1.61
31/10/2022,12,1.61
31/10/2022,13,1.6
31/10/2022,14,1.59
31/10/2022,15,1.58
31/10/2022,16,1.57
31/10/2022,17,1.56
31/10/2022,18,1.55
31/10/2022,19,1.54
31/10/2022,20,1.53
31/10/2022,21,1.52
31/10/2022,22,1.52
31/10/2022,23,1.52
31/10/2022,24,1.53
1/11/2022,1,1.53
1/11/2022,2,1.52
1/11/2022,3,1.52
1/11/2022,4,1.52
1/11/2022,5,1.52
1/11/2022,6,1.52
1/11/2022,7,1.54
1/11/2022,8,1.56
1/11/2022,9,1.58
1/11/2022,10,1.6
1/11/2022,11,1.6
1/11/2022,12,1.58
1/11/2022,13,1.56
1/11/2022,14,1.54
1/11/2022,15,1.52
1/11/2022,16,1.51
1/11/2022,17,1.5
1/11/2022,18,1.5
1/11/2022,19,1.5
1/11/2022,20,1.51
1/11/2022,21,1.51
1/11/2022,22,1.52
1/11/2022,23,1.52
1/11/2022,24,1.52
2/11/2022,1,1.52
2/11/2022,2,1.53
2/11/2022,3,1.53
2/11/2022,4,1.53
2/11/2022,5,1.53
2/11/2022,6,1.53
2/11/2022,7,1.54
2/11/2022,8,1.55
2/11/2022,9,1.56
2/11/2022,10,1.57
2/11/2022,11,1.59
2/11/2022,12,1.6
2/11/2022,13,1.61
2/11/2022,14,1.62
2/11/2022,15,1.62
2/11/2022,16,1.62
2/11/2022,17,1.62
2/11/2022,18,1.62
2/11/2022,19,1.61
2/11/2022,20,1.6
2/11/2022,21,1.59
2/11/2022,22,1.58
2/11/2022,23,1.57
2/11/2022,24,1.56
3/11/2022,1,1.55
3/11/2022,2,1.54
3/11/2022,3,1.53
3/11/2022,4,1.52
3/11/2022,5,1.51
3/11/2022,6,1.51
3/11/2022,7,1.51
3/11/2022,8,1.51
3/11/2022,9,1.51
3/11/2022,10,1.51
3/11/2022,11,1.51
3/11/2022,12,1.51
3/11/2022,13,1.51
3/11/2022,14,1.51
3/11/2022,15,1.51
3/11/2022,16,1.51
3/11/2022,17,1.51
3/11/2022,18,1.51
3/11/2022,19,1.51
3/11/2022,20,1.51
3/11/2022,21,1.51
3/11/2022,22,1.51
3/11/2022,23,1.51
3/11/2022,24,1.51
4/11/2022,1,1.51
4/11/2022,2,1.51
4/11/2022,3,1.51
4/11/2022,4,1.51
4/11/2022,5,1.51
4/11/2022,6,1.51
4/11/2022,7,1.51
4/11/2022,8,1.51
4/11/2022,9,1.5
4/11/2022,10,1.5
4/11/2022,11,1.5
4/11/2022,12,1.49
4/11/2022,13,1.49
4/11/2022,14,1.49
4/11/2022,15,1.48
4/11/2022,16,1.48
4/11/2022,17,1.48
4/11/2022,18,1.48
4/11/2022,19,1.5
4/11/2022,20,1.52
4/11/2022,21,1.53
4/11/2022,22,1.55
4/11/2022,23,1.56
4/11/2022,24,1.58
5/11/2022,1,1.6
5/11/2022,2,1.61
5/11/2022,3,1.63
5/11/2022,4,1.64
5/11/2022,5,1.65
5/11/2022,6,1.64
5/11/2022,7,1.63
5/11/2022,8,1.61
5/11/2022,9,1.6
5/11/2022,10,1.59
5/11/2022,11,1.57
5/11/2022,12,1.56
5/11/2022,13,1.55
5/11/2022,14,1.54
5/11/2022,15,1.53
5/11/2022,16,1.51
5/11/2022,17,1.5
5/11/2022,18,1.49
5/11/2022,19,1.49
5/11/2022,20,1.49
5/11/2022,21,1.48
5/11/2022,22,1.48
5/11/2022,23,1.48
5/11/2022,24,1.47
6/11/2022,1,1.47
6/11/2022,2,1.46
6/11/2022,3,1.46
6/11/2022,4,1.46
6/11/2022,5,1.47
6/11/2022,6,1.48
6/11/2022,7,1.49
6/11/2022,8,1.5
6/11/2022,9,1.51
6/11/2022,10,1.51
6/11/2022,11,1.51
6/11/2022,12,1.51
6/11/2022,13,1.52
6/11/2022,14,1.51
6/11/2022,15,1.51
6/11/2022,16,1.52
6/11/2022,17,1.51
6/11/2022,18,1.52
6/11/2022,19,1.51
6/11/2022,20,1.51
6/11/2022,21,1.51
6/11/2022,22,1.51
6/11/2022,23,1.51
6/11/2022,24,1.51
7/11/2022,1,1.51
7/11/2022,2,1.51
7/11/2022,3,1.5
7/11/2022,4,1.5
7/11/2022,5,1.5
7/11/2022,6,1.5
7/11/2022,7,1.5
7/11/2022,8,1.5
7/11/2022,9,1.5
7/11/2022,10,1.51
7/11/2022,11,1.51
7/11/2022,12,1.51
7/11/2022,13,1.51
7/11/2022,14,1.51
7/11/2022,15,1.51
7/11/2022,16,1.51
7/11/2022,17,1.51
7/11/2022,18,1.54
7/11/2022,19,1.55
7/11/2022,20,1.57
7/11/2022,21,1.57
7/11/2022,22,1.55
7/11/2022,23,1.53
7/11/2022,24,1.52
8/11/2022,1,1.51
8/11/2022,2,1.49
8/11/2022,3,1.48
8/11/2022,4,1.47
8/11/2022,5,1.46
8/11/2022,6,1.45
8/11/2022,7,1.45
8/11/2022,8,1.45
8/11/2022,9,1.46
8/11/2022,10,1.47
8/11/2022,11,1.48
8/11/2022,12,1.49
8/11/2022,13,1.5
8/11/2022,14,1.5
8/11/2022,15,1.51
8/11/2022,16,1.52
8/11/2022,17,1.52
8/11/2022,18,1.53
8/11/2022,19,1.53
8/11/2022,20,1.51
8/11/2022,21,1.5
8/11/2022,22,1.48
8/11/2022,23,1.45
8/11/2022,24,1.44
9/11/2022,1,1.43
9/11/2022,2,1.42
9/11/2022,3,1.42
9/11/2022,4,1.43
9/11/2022,5,1.43
9/11/2022,6,1.44
9/11/2022,7,1.45
9/11/2022,8,1.46
9/11/2022,9,1.47
9/11/2022,10,1.48
9/11/2022,11,1.49
9/11/2022,12,1.5
9/11/2022,13,1.51
9/11/2022,14,1.51
9/11/2022,15,1.51
9/11/2022,16,1.52
9/11/2022,17,1.52
9/11/2022,18,1.51
9/11/2022,19,1.5
9/11/2022,20,1.49
9/11/2022,21,1.48
9/11/2022,22,1.47
9/11/2022,23,1.46
9/11/2022,24,1.45
10/11/2022,1,1.44
10/11/2022,2,1.44
10/11/2022,3,1.44
10/11/2022,4,1.44
10/11/2022,5,1.44
10/11/2022,6,1.44
10/11/2022,7,1.44
10/11/2022,8,1.44
10/11/2022,9,1.44
10/11/2022,10,1.45
10/11/2022,11,1.45
10/11/2022,12,1.46
10/11/2022,13,1.47
10/11/2022,14,1.48
10/11/2022,15,1.49
10/11/2022,16,1.5
10/11/2022,17,1.52
10/11/2022,18,1.54
10/11/2022,19,1.53
10/11/2022,20,1.51
10/11/2022,21,1.49
10/11/2022,22,1.48
10/11/2022,23,1.47
10/11/2022,24,1.46
11/11/2022,1,1.45
11/11/2022,2,1.44
11/11/2022,3,1.43
11/11/2022,4,1.42
11/11/2022,5,1.41
11/11/2022,6,1.41
11/11/2022,7,1.41
11/11/2022,8,1.43
11/11/2022,9,1.45
11/11/2022,10,1.51
11/11/2022,11,1.53
11/11/2022,12,1.56
11/11/2022,13,1.56
11/11/2022,14,1.54
11/11/2022,15,1.53
11/11/2022,16,1.52
11/11/2022,17,1.5
11/11/2022,18,1.48
11/11/2022,19,1.47
11/11/2022,20,1.45
11/11/2022,21,1.44
11/11/2022,22,1.43
11/11/2022,23,1.42
11/11/2022,24,1.4
12/11/2022,1,1.4
12/11/2022,2,1.39
12/11/2022,3,1.38
12/11/2022,4,1.38
12/11/2022,5,1.38
12/11/2022,6,1.38
12/11/2022,7,1.39
12/11/2022,8,1.39
12/11/2022,9,1.4
12/11/2022,10,1.41
12/11/2022,11,1.42
12/11/2022,12,1.43
12/11/2022,13,1.43
12/11/2022,14,1.43
12/11/2022,15,1.44
12/11/2022,16,1.45
12/11/2022,17,1.46
12/11/2022,18,1.46
12/11/2022,19,1.47
12/11/2022,20,1.47
12/11/2022,21,1.48
12/11/2022,22,1.48
12/11/2022,23,1.48
12/11/2022,24,1.48
13/11/2022,1,1.49
13/11/2022,2,1.49
13/11/2022,3,1.49
13/11/2022,4,1.49
13/11/2022,5,1.49
13/11/2022,6,1.49
13/11/2022,7,1.49
13/11/2022,8,1.49
13/11/2022,9,1.49
13/11/2022,10,1.49
13/11/2022,11,1.5
13/11/2022,12,1.5
13/11/2022,13,1.49
13/11/2022,14,1.48
13/11/2022,15,1.49
13/11/2022,16,1.49
13/11/2022,17,1.49
13/11/2022,18,1.49
13/11/2022,19,1.49
13/11/2022,20,1.49
13/11/2022,21,1.48
13/11/2022,22,1.48
13/11/2022,23,1.48
13/11/2022,24,1.47
17/7/2024,,1.12
17/7/2024,2,1.13
17/7/2024,3,1.14
17/7/2024,4,1.17
17/7/2024,5,1.21
17/7/2024,6,1.25
17/7/2024,7,1.29
17/7/2024,8,1.37
17/7/2024,9,1.44
17/7/2024,10,1.54
17/7/2024,11,1.6
17/7/2024,12,1.59
17/7/2024,13,1.56
17/7/2024,14,1.54
17/7/2024,15,1.51
17/7/2024,16,1.49
17/7/2024,17,1.47
17/7/2024,18,1.45
17/7/2024,19,1.47
17/7/2024,20,1.45
17/7/2024,21,1.41
17/7/2024,22,1.4
17/7/2024,23,1.37
17/7/2024,24,1.35
18/7/2024,1,1.36
18/7/2024,2,1.41
18/7/2024,3,1.48
18/7/2024,4,1.56
18/7/2024,5,1.64
18/7/2024,6,1.71
18/7/2024,7,1.63
18/7/2024,8,1.59
18/7/2024,9,1.57
18/7/2024,10,1.56
18/7/2024,11,1.55
18/7/2024,12,1.54
18/7/2024,13,1.53
18/7/2024,14,1.53
18/7/2024,15,1.52
18/7/2024,16,1.52
18/7/2024,17,1.53
18/7/2024,18,1.55
18/7/2024,19,1.54
18/7/2024,20,1.53
18/7/2024,21,1.52
18/7/2024,22,1.51
18/7/2024,23,1.5
18/7/2024,24,1.49
19/7/2024,1,1.48
19/7/2024,2,1.47
19/7/2024,3,1.46
19/7/2024,4,1.45
19/7/2024,5,1.44
19/7/2024,6,1.43
19/7/2024,7,1.41
19/7/2024,8,1.39
19/7/2024,9,1.38
19/7/2024,10,1.38
19/7/2024,11,1.39
19/7/2024,12,1.4
19/7/2024,13,1.4
19/7/2024,14,1.4
19/7/2024,15,1.4
19/7/2024,16,1.4
19/7/2024,17,1.4
19/7/2024,18,1.4
19/7/2024,19,1.39
19/7/2024,20,1.38
19/7/2024,21,1.39
19/7/2024,22,1.4
19/7/2024,23,1.4
19/7/2024,24,1.4
20/7/2024,1,1.39
20/7/2024,2,1.39
20/7/2024,3,1.39
20/7/2024,4,1.39
20/7/2024,5,1.38
20/7/2024,6,1.38
20/7/2024,7,1.37
20/7/2024,8,1.37
20/7/2024,9,1.36
20/7/2024,10,1.36
20/7/2024,11,1.35
20/7/2024,12,1.35
20/7/2024,13,1.33
20/7/2024,14,1.32
20/7/2024,15,1.3
20/7/2024,16,1.29
20/7/2024,17,1.29
20/7/2024,18,1.28
20/7/2024,19,1.32
20/7/2024,20,1.36
20/7/2024,21,1.41
20/7/2024,22,1.45
20/7/2024,23,1.51
20/7/2024,24,1.53
21/7/2024,1,1.54
21/7/2024,2,1.56
21/7/2024,3,1.58
21/7/2024,4,1.59
21/7/2024,5,1.6
21/7/2024,6,1.61
21/7/2024,7,1.6
21/7/2024,8,1.51
21/7/2024,9,1.42
21/7/2024,10,1.36
21/7/2024,11,1.3
21/7/2024,12,1.28
21/7/2024,13,1.27
21/7/2024,14,1.26
21/7/2024,15,1.26
21/7/2024,16,1.25
21/7/2024,17,1.25
21/7/2024,18,1.25
21/7/2024,19,1.26
21/7/2024,20,1.26
21/7/2024,21,1.27
21/7/2024,22,1.27
21/7/2024,23,1.26
21/7/2024,24,1.25
22/7/2024,1,1.23
22/7/2024,2,1.22
22/7/2024,3,1.21
22/7/2024,4,1.21
22/7/2024,5,1.2
22/7/2024,6,1.2
22/7/2024,7,1.2
22/7/2024,8,1.19
22/7/2024,9,1.19
22/7/2024,10,1.18
22/7/2024,11,1.18
22/7/2024,12,1.18
22/7/2024,13,1.19
22/7/2024,14,1.2
22/7/2024,15,1.22
22/7/2024,16,1.23
22/7/2024,17,1.24
22/7/2024,18,1.29
22/7/2024,19,1.3
22/7/2024,20,1.32
22/7/2024,21,1.34
22/7/2024,22,1.35
22/7/2024,23,1.35
22/7/2024,24,1.36
23/7/2024,1,1.36
23/7/2024,2,1.37
23/7/2024,3,1.37
23/7/2024,4,1.38
23/7/2024,5,1.38
23/7/2024,6,1.39
23/7/2024,7,1.39
23/7/2024,8,1.39
23/7/2024,9,1.39
23/7/2024,10,1.39
23/7/2024,11,1.39
23/7/2024,12,1.39
23/7/2024,13,1.39
23/7/2024,14,1.4
23/7/2024,15,1.41
23/7/2024,16,1.41
23/7/2024,17,1.41
23/7/2024,18,1.41
23/7/2024,19,1.42
23/7/2024,20,1.42
23/7/2024,21,1.35
23/7/2024,22,1.32
23/7/2024,23,1.3
23/7/2024,24,1.28
24/7/2024,1,1.27
24/7/2024,2,1.27
24/7/2024,3,1.26
24/7/2024,4,1.26
24/7/2024,5,1.25
24/7/2024,6,1.25
24/7/2024,7,1.25
24/7/2024,8,1.25
24/7/2024,9,1.26
24/7/2024,10,1.28
24/7/2024,11,1.31
24/7/2024,12,1.34
24/7/2024,13,1.36
24/7/2024,14,1.38
24/7/2024,15,1.4
24/7/2024,16,1.42
24/7/2024,17,1.44
24/7/2024,18,1.46
24/7/2024,19,1.49
24/7/2024,20,1.5
24/7/2024,21,1.5
24/7/2024,22,1.51
24/7/2024,23,1.51
24/7/2024,24,1.52
25/7/2024,1,1.53
25/7/2024,2,1.53
25/7/2024,3,1.54
25/7/2024,4,1.49
25/7/2024,5,1.45
25/7/2024,6,1.42
25/7/2024,7,1.37
25/7/2024,8,1.35
25/7/2024,9,1.34
25/7/2024,10,1.33
25/7/2024,11,1.34
25/7/2024,12,1.35
25/7/2024,13,1.49
25/7/2024,14,1.52
25/7/2024,15,1.56
25/7/2024,16,1.59
25/7/2024,17,1.56
25/7/2024,18,1.53
25/7/2024,19,1.51
25/7/2024,20,1.49
25/7/2024,21,1.47
25/7/2024,22,1.44
25/7/2024,23,1.42
25/7/2024,24,1.39
26/7/2024,1,1.37
26/7/2024,2,1.35
26/7/2024,3,1.31
26/7/2024,4,1.29
26/7/2024,5,1.27
26/7/2024,6,1.24
26/7/2024,7,1.23
26/7/2024,8,1.22
26/7/2024,9,1.22
26/7/2024,10,1.23
26/7/2024,11,1.26
26/7/2024,12,1.27
26/7/2024,13,1.29
26/7/2024,14,1.3
26/7/2024,15,1.32
26/7/2024,16,1.34
26/7/2024,17,1.35
26/7/2024,18,1.36
26/7/2024,19,1.38
26/7/2024,20,1.39
26/7/2024,21,1.41
26/7/2024,22,1.41
26/7/2024,23,1.42
26/7/2024,24,1.42
27/7/2024,1,1.43
27/7/2024,2,1.34
27/7/2024,3,1.34
27/7/2024,4,1.33
27/7/2024,5,1.32
27/7/2024,6,1.31
27/7/2024,7,1.3
27/7/2024,8,1.3
27/7/2024,9,1.29
27/7/2024,10,1.27
27/7/2024,11,1.26
27/7/2024,12,1.26
27/7/2024,13,1.26
27/7/2024,14,1.26
27/7/2024,15,1.26
27/7/2024,16,1.26
27/7/2024,17,1.26
27/7/2024,18,1.26
27/7/2024,19,1.26
27/7/2024,20,1.25
27/7/2024,21,1.24
27/7/2024,22,1.23
27/7/2024,23,1.22
27/7/2024,24,1.21
28/7/2024,1,1.2
28/7/2024,2,1.19
28/7/2024,3,1.18
28/7/2024,4,1.17
28/7/2024,5,1.16
28/7/2024,6,1.15
28/7/2024,7,1.15
28/7/2024,8,1.13
28/7/2024,9,1.12
28/7/2024,10,1.11
28/7/2024,11,1.11
28/7/2024,12,1.12
28/7/2024,13,1.14
28/7/2024,14,1.16
28/7/2024,15,1.18
28/7/2024,16,1.22
28/7/2024,17,1.25
28/7/2024,18,1.27
28/7/2024,19,1.29
28/7/2024,20,1.3
28/7/2024,21,1.34
28/7/2024,22,1.35
28/7/2024,23,1.37
28/7/2024,24,1.39
29/7/2024,1,1.42
29/7/2024,2,1.44
29/7/2024,3,1.46
29/7/2024,4,1.47
29/7/2024,5,1.49
29/7/2024,6,1.48
29/7/2024,7,1.46
29/7/2024,8,1.41
29/7/2024,9,1.37
29/7/2024,10,1.33
29/7/2024,11,1.3
29/7/2024,12,1.27
29/7/2024,13,1.24
29/7/2024,14,1.2
29/7/2024,15,1.18
29/7/2024,16,1.16
29/7/2024,17,1.14
29/7/2024,18,1.12
29/7/2024,19,1.11
29/7/2024,20,1.1
29/7/2024,21,1.1
29/7/2024,22,1.11
29/7/2024,23,1.11
29/7/2024,24,1.12
30/7/2024,1,1.12
30/7/2024,2,1.13
30/7/2024,3,1.13
30/7/2024,4,1.14
30/7/2024,5,1.14
30/7/2024,6,1.15
30/7/2024,7,1.15
30/7/2024,8,1.16
30/7/2024,9,1.18
30/7/2024,10,1.19
30/7/2024,11,1.22
30/7/2024,12,1.25
30/7/2024,13,1.26
30/7/2024,14,1.3
30/7/2024,15,1.32
30/7/2024,16,1.36
30/7/2024,17,1.39
30/7/2024,18,1.42
30/7/2024,19,1.44
30/7/2024,20,1.46
30/7/2024,21,1.48
30/7/2024,22,1.51
30/7/2024,23,1.54
30/7/2024,24,1.55
31/7/2024,1,1.56
31/7/2024,2,1.56
31/7/2024,3,1.56
31/7/2024,4,1.55
31/7/2024,5,1.47
31/7/2024,6,1.37
31/7/2024,7,1.3
31/7/2024,8,1.27
31/7/2024,9,1.27
31/7/2024,10,1.26
31/7/2024,11,1.27
31/7/2024,12,1.28
31/7/2024,13,1.29
31/7/2024,14,1.3
31/7/2024,15,1.31
31/7/2024,16,1.33
31/7/2024,17,1.34
31/7/2024,18,1.36
31/7/2024,19,1.36
31/7/2024,20,1.37
31/7/2024,21,1.37
31/7/2024,22,1.38
31/7/2024,23,1.4
31/7/2024,24,1.42
1/8/2024,1,1.44
1/8/2024,2,1.44
1/8/2024,3,1.45
1/8/2024,4,1.46
1/8/2024,5,1.46
1/8/2024,6,1.46
1/8/2024,7,1.48
1/8/2024,8,1.5
1/8/2024,9,1.51
1/8/2024,10,1.52
1/8/2024,11,1.53
1/8/2024,12,1.54
1/8/2024,13,1.55
1/8/2024,14,1.55
1/8/2024,15,1.55
1/8/2024,16,1.56
1/8/2024,17,1.6
1/8/2024,18,1.61
1/8/2024,19,1.66
1/8/2024,20,1.68
1/8/2024,21,1.72
1/8/2024,22,1.73
1/8/2024,23,1.75
1/8/2024,24,1.75
2/8/2024,1,1.72
2/8/2024,2,1.73
2/8/2024,3,1.75
2/8/2024,4,1.77
2/8/2024,5,1.81
2/8/2024,6,1.84
2/8/2024,7,1.87
2/8/2024,8,1.87
2/8/2024,9,1.87
2/8/2024,10,1.87
2/8/2024,11,1.89
2/8/2024,12,1.89
2/8/2024,13,1.9
2/8/2024,14,1.9
2/8/2024,15,1.9
2/8/2024,16,1.9
2/8/2024,17,1.9
2/8/2024,18,1.9
2/8/2024,19,1.9
2/8/2024,20,1.9
2/8/2024,21,1.9
2/8/2024,22,1.9
2/8/2024,23,1.89
2/8/2024,24,1.89
3/8/2024,1,1.89
3/8/2024,2,1.89
3/8/2024,3,1.89
3/8/2024,4,1.89
3/8/2024,5,1.89
3/8/2024,6,1.89
3/8/2024,7,1.89
3/8/2024,8,1.9
3/8/2024,9,1.9
3/8/2024,10,1.91
3/8/2024,11,1.91
3/8/2024,12,1.91
3/8/2024,13,1.91
3/8/2024,14,1.91
3/8/2024,15,1.91
3/8/2024,16,1.91
3/8/2024,17,1.91
3/8/2024,18,1.91
3/8/2024,19,1.91
3/8/2024,20,1.91
3/8/2024,21,1.91
3/8/2024,22,1.91
3/8/2024,23,1.91
3/8/2024,24,1.9
4/8/2024,1,1.9
4/8/2024,2,1.9
4/8/2024,3,1.89
4/8/2024,4,1.89
4/8/2024,5,1.89
4/8/2024,6,1.88
4/8/2024,7,1.87
4/8/2024,8,1.87
4/8/2024,9,1.85
4/8/2024,10,1.84
4/8/2024,11,1.82
4/8/2024,12,1.82
4/8/2024,13,1.81
4/8/2024,14,1.8
4/8/2024,15,1.8
4/8/2024,16,1.79
4/8/2024,17,1.77
4/8/2024,18,1.76
4/8/2024,19,1.74
4/8/2024,20,1.72
4/8/2024,21,1.72
4/8/2024,22,1.71
4/8/2024,23,1.7
4/8/2024,24,1.69
5/8/2024,1,1.69
5/8/2024,2,1.68
5/8/2024,3,1.68
5/8/2024,4,1.68
5/8/2024,5,1.67
5/8/2024,6,1.66
5/8/2024,7,1.65
5/8/2024,8,1.64
5/8/2024,9,1.63
5/8/2024,10,1.62
5/8/2024,11,1.62
5/8/2024,12,1.62
5/8/2024,13,1.6
5/8/2024,14,1.59
5/8/2024,15,1.58
5/8/2024,16,1.58
5/8/2024,17,1.57
5/8/2024,18,1.57
5/8/2024,19,1.57
5/8/2024,20,1.56
5/8/2024,21,1.56
5/8/2024,22,1.56
5/8/2024,23,1.56
5/8/2024,24,1.56
6/8/2024,1,1.56
6/8/2024,2,1.56
6/8/2024,3,1.56
6/8/2024,4,1.56
6/8/2024,5,1.56
6/8/2024,6,1.57
6/8/2024,7,1.58
6/8/2024,8,1.58
6/8/2024,9,1.58
6/8/2024,10,1.58
6/8/2024,11,1.59
6/8/2024,12,1.59
6/8/2024,13,1.59
6/8/2024,14,1.59
6/8/2024,15,1.59
6/8/2024,16,1.58
6/8/2024,17,1.58
6/8/2024,18,1.57
6/8/2024,19,1.57
6/8/2024,20,1.57
6/8/2024,21,1.56
6/8/2024,22,1.56
6/8/2024,23,1.57
6/8/2024,24,1.58
7/8/2024,1,1.59
7/8/2024,2,1.6
7/8/2024,3,1.61
7/8/2024,4,1.62
7/8/2024,5,1.63
7/8/2024,6,1.63
7/8/2024,7,1.64
7/8/2024,8,1.65
7/8/2024,9,1.65
7/8/2024,10,1.66
7/8/2024,11,1.67
7/8/2024,12,1.68
7/8/2024,13,1.69
7/8/2024,14,1.69
7/8/2024,15,1.7
7/8/2024,16,1.7
7/8/2024,17,1.7
7/8/2024,18,1.7
7/8/2024,19,1.7
7/8/2024,20,1.7
7/8/2024,21,1.7
7/8/2024,22,1.7
7/8/2024,23,1.7
7/8/2024,24,1.72
8/8/2024,1,1.73
8/8/2024,2,1.75
8/8/2024,3,1.77
8/8/2024,4,1.79
8/8/2024,5,1.79
8/8/2024,6,1.78
8/8/2024,7,1.78
8/8/2024,8,1.77
8/8/2024,9,1.77
8/8/2024,10,1.77
8/8/2024,11,1.77
8/8/2024,12,1.77
8/8/2024,13,1.77
8/8/2024,14,1.77
8/8/2024,15,1.77
8/8/2024,16,1.77
8/8/2024,17,1.77
8/8/2024,18,1.76
8/8/2024,19,1.75
8/8/2024,20,1.75
8/8/2024,21,1.74
8/8/2024,22,1.74
8/8/2024,23,1.74
8/8/2024,24,1.73
9/8/2024,1,1.73
9/8/2024,2,1.72
9/8/2024,3,1.72
9/8/2024,4,1.72
9/8/2024,5,1.71
9/8/2024,6,1.7
9/8/2024,7,1.69
9/8/2024,8,1.68
9/8/2024,9,1.67
9/8/2024,10,1.66
9/8/2024,11,1.65
9/8/2024,12,1.64
9/8/2024,13,1.63
9/8/2024,14,1.63
9/8/2024,15,1.62
9/8/2024,16,1.61
9/8/2024,17,1.61
9/8/2024,18,1.6
9/8/2024,19,1.59
9/8/2024,20,1.58
9/8/2024,21,1.57
9/8/2024,22,1.56
9/8/2024,23,1.56
9/8/2024,24,1.55
10/8/2024,1,1.55
10/8/2024,2,1.55
10/8/2024,3,1.55
10/8/2024,4,1.54
10/8/2024,5,1.54
10/8/2024,6,1.53
10/8/2024,7,1.49
10/8/2024,8,1.44
10/8/2024,9,1.43
10/8/2024,10,1.46
10/8/2024,11,1.46
10/8/2024,12,1.46
10/8/2024,13,1.45
10/8/2024,14,1.48
10/8/2024,15,1.46
10/8/2024,16,1.45
10/8/2024,17,1.44
10/8/2024,18,1.44
10/8/2024,19,1.44
10/8/2024,20,1.44
10/8/2024,21,1.44
10/8/2024,22,1.44
10/8/2024,23,1.43
10/8/2024,24,1.43
11/8/2024,1,1.43
11/8/2024,2,1.43
11/8/2024,3,1.42
11/8/2024,4,1.42
11/8/2024,5,1.42
11/8/2024,6,1.42
11/8/2024,7,1.4
11/8/2024,8,1.38
11/8/2024,9,1.38
11/8/2024,10,1.36
11/8/2024,11,1.34
11/8/2024,12,1.38
11/8/2024,13,1.38
11/8/2024,14,1.37
11/8/2024,15,1.37
11/8/2024,16,1.36
11/8/2024,17,1.35
11/8/2024,18,1.35
11/8/2024,19,1.35
11/8/2024,20,1.35
11/8/2024,21,1.35
11/8/2024,22,1.34
11/8/2024,23,1.34
11/8/2024,24,1.34
12/8/2024,1,1.34
12/8/2024,2,1.34
12/8/2024,3,1.34
12/8/2024,4,1.34
12/8/2024,5,1.34
12/8/2024,6,1.34
12/8/2024,7,1.34
12/8/2024,8,1.34
12/8/2024,9,1.34
12/8/2024,10,1.34
12/8/2024,11,1.34
12/8/2024,12,1.33
12/8/2024,13,1.33
12/8/2024,14,1.33
12/8/2024,15,1.33
12/8/2024,16,1.32
12/8/2024,17,1.32
12/8/2024,18,1.32
12/8/2024,19,1.32
12/8/2024,20,1.32
12/8/2024,21,1.32
12/8/2024,22,1.32
12/8/2024,23,1.32
12/8/2024,24,1.32
13/8/2024,1,1.31
13/8/2024,2,1.31
13/8/2024,3,1.31
13/8/2024,4,1.31
13/8/2024,5,1.31
13/8/2024,6,1.31
13/8/2024,7,1.32
13/8/2024,8,1.32
13/8/2024,9,1.32
13/8/2024,10,1.32
13/8/2024,11,1.33
13/8/2024,12,1.33
13/8/2024,13,1.33
13/8/2024,14,1.33
13/8/2024,15,1.33
13/8/2024,16,1.33
13/8/2024,17,1.33
13/8/2024,18,1.34
13/8/2024,19,1.34
13/8/2024,20,1.35
13/8/2024,21,1.37
13/8/2024,22,1.38
13/8/2024,23,1.39
13/8/2024,24,1.39
14/8/2024,1,1.4
14/8/2024,2,1.41
14/8/2024,3,1.41
14/8/2024,4,1.41
14/8/2024,5,1.42
14/8/2024,6,1.42
14/8/2024,7,1.43
14/8/2024,8,1.44
14/8/2024,9,1.44
14/8/2024,10,1.44
14/8/2024,11,1.45
14/8/2024,12,1.45
14/8/2024,13,1.45
14/8/2024,14,1.45
14/8/2024,15,1.45
14/8/2024,16,1.45
14/8/2024,17,1.45
14/8/2024,18,1.45
14/8/2024,19,1.45
14/8/2024,20,1.45
14/8/2024,21,1.45
14/8/2024,22,1.44
14/8/2024,23,1.44
14/8/2024,24,1.44
15/8/2024,1,1.43
15/8/2024,2,1.43
15/8/2024,3,1.42
15/8/2024,4,1.42
15/8/2024,5,1.41
15/8/2024,6,1.41
15/8/2024,7,1.4
15/8/2024,8,1.4
15/8/2024,9,1.41
15/8/2024,10,1.41
15/8/2024,11,1.42
15/8/2024,12,1.42
15/8/2024,13,1.43
15/8/2024,14,1.43
15/8/2024,15,1.44
15/8/2024,16,1.44
15/8/2024,17,1.44
15/8/2024,18,1.44
15/8/2024,19,1.45
15/8/2024,20,1.45
15/8/2024,21,1.45
15/8/2024,22,1.45
15/8/2024,23,1.45
15/8/2024,24,1.45
16/8/2024,1,1.45
16/8/2024,2,1.44
16/8/2024,3,1.43
16/8/2024,4,1.42
16/8/2024,5,1.41
16/8/2024,6,1.41
16/8/2024,7,1.41
16/8/2024,8,1.41
16/8/2024,9,1.41
16/8/2024,10,1.41
16/8/2024,11,1.42
16/8/2024,12,1.44
16/8/2024,13,1.45
16/8/2024,14,1.47
16/8/2024,15,1.49
16/8/2024,16,1.52
16/8/2024,17,1.54
16/8/2024,18,1.56
16/8/2024,19,1.57
16/8/2024,20,1.58
16/8/2024,21,1.6
16/8/2024,22,1.61
16/8/2024,23,1.62
16/8/2024,24,1.63
17/8/2024,1,1.63
17/8/2024,2,1.64
17/8/2024,3,1.65
17/8/2024,4,1.67
17/8/2024,5,1.68
17/8/2024,6,1.69
17/8/2024,7,1.71
17/8/2024,8,1.72
17/8/2024,9,1.74
17/8/2024,10,1.76
17/8/2024,11,1.77
17/8/2024,12,1.79
17/8/2024,13,1.8
17/8/2024,14,1.83
17/8/2024,15,1.86
17/8/2024,16,1.89
17/8/2024,17,1.91
17/8/2024,18,1.94
17/8/2024,19,1.96
17/8/2024,20,1.99
17/8/2024,21,2
17/8/2024,22,2
17/8/2024,23,2.02
17/8/2024,24,2.05
18/8/2024,1,2.08
18/8/2024,2,2.1
18/8/2024,3,2.11
18/8/2024,4,2.12
18/8/2024,5,2.12
18/8/2024,6,2.1
18/8/2024,7,2.08
18/8/2024,8,2.07
18/8/2024,9,2.06
18/8/2024,10,2.05
18/8/2024,11,2.05
18/8/2024,12,2.04
18/8/2024,13,2.03
18/8/2024,14,2.01
18/8/2024,15,2
18/8/2024,16,1.99
18/8/2024,17,1.97
18/8/2024,18,1.96
18/8/2024,19,1.95
18/8/2024,20,1.94
18/8/2024,21,1.93
18/8/2024,22,1.92
18/8/2024,23,1.93
18/8/2024,24,1.93
19/8/2024,1,1.92
19/8/2024,2,1.91
19/8/2024,3,1.9
19/8/2024,4,1.89
19/8/2024,5,1.87
19/8/2024,6,1.86
19/8/2024,7,1.85
19/8/2024,8,1.83
19/8/2024,9,1.81
19/8/2024,10,1.81
19/8/2024,11,1.81
19/8/2024,12,1.8
19/8/2024,13,1.8
19/8/2024,14,1.79
19/8/2024,15,1.78
19/8/2024,16,1.77
19/8/2024,17,1.77
19/8/2024,18,1.76
19/8/2024,19,1.76
19/8/2024,20,1.76
19/8/2024,21,1.77
19/8/2024,22,1.78
19/8/2024,23,1.78
19/8/2024,24,1.78
20/8/2024,1,1.78
20/8/2024,2,1.78
20/8/2024,3,1.78
20/8/2024,4,1.78
20/8/2024,5,1.79
20/8/2024,6,1.8
20/8/2024,7,1.81
20/8/2024,8,1.8
20/8/2024,9,1.81
20/8/2024,10,1.81
20/8/2024,11,1.8
20/8/2024,12,1.8
20/8/2024,13,1.8
20/8/2024,14,1.79
20/8/2024,15,1.79
20/8/2024,16,1.78
20/8/2024,17,1.78
20/8/2024,18,1.77
20/8/2024,19,1.76
20/8/2024,20,1.76
20/8/2024,21,1.75
20/8/2024,22,1.75
20/8/2024,23,1.74
20/8/2024,24,1.74
21/8/2024,1,1.74
21/8/2024,2,1.74
21/8/2024,3,1.74
21/8/2024,4,1.74
21/8/2024,5,1.74
21/8/2024,6,1.74
21/8/2024,7,1.75
21/8/2024,8,1.75
21/8/2024,9,1.75
21/8/2024,10,1.76
21/8/2024,11,1.78
21/8/2024,12,1.8
21/8/2024,13,1.82
21/8/2024,14,1.83
21/8/2024,15,1.85
21/8/2024,16,1.87
21/8/2024,17,1.89
21/8/2024,18,1.91
21/8/2024,19,1.93
21/8/2024,20,1.95
21/8/2024,21,1.97
21/8/2024,22,1.99
21/8/2024,23,2
21/8/2024,24,2.02
22/8/2024,1,2.03
22/8/2024,2,2.05
22/8/2024,3,2.06
22/8/2024,4,2.07
22/8/2024,5,2.08
22/8/2024,6,2.08
22/8/2024,7,2.08
22/8/2024,8,2.08
22/8/2024,9,2.08
22/8/2024,10,2.08
22/8/2024,11,2.08
22/8/2024,12,2.08
22/8/2024,13,2.08
22/8/2024,14,2.07
22/8/2024,15,2.07
22/8/2024,16,2.07
22/8/2024,17,2.07
22/8/2024,18,2.08
22/8/2024,19,2.1
22/8/2024,20,2.13
22/8/2024,21,2.14
22/8/2024,22,2.15
22/8/2024,23,2.17
22/8/2024,24,2.18
23/8/2024,1,2.19
23/8/2024,2,2.21
23/8/2024,3,2.23
23/8/2024,4,2.25
23/8/2024,5,2.26
23/8/2024,6,2.27
23/8/2024,7,2.28
23/8/2024,8,2.29
23/8/2024,9,2.3
23/8/2024,10,2.3
23/8/2024,11,2.31
23/8/2024,12,2.31
23/8/2024,13,2.32
23/8/2024,14,2.32
23/8/2024,15,2.33
23/8/2024,16,2.34
23/8/2024,17,2.35
23/8/2024,18,2.36
23/8/2024,19,2.36
23/8/2024,20,2.36
23/8/2024,21,2.36
23/8/2024,22,2.36
23/8/2024,23,2.36
23/8/2024,24,2.35
24/8/2024,1,2.35
24/8/2024,2,2.34
24/8/2024,3,2.34
24/8/2024,4,2.33
24/8/2024,5,2.33
24/8/2024,6,2.32
24/8/2024,7,2.31
24/8/2024,8,2.3
24/8/2024,9,2.3
24/8/2024,10,2.29
24/8/2024,11,2.28
24/8/2024,12,2.27
24/8/2024,13,2.26
24/8/2024,14,2.25
24/8/2024,15,2.25
24/8/2024,16,2.25
24/8/2024,17,2.24
24/8/2024,18,2.24
24/8/2024,19,2.24
24/8/2024,20,2.25
24/8/2024,21,2.25
24/8/2024,22,2.25
24/8/2024,23,2.25
24/8/2024,24,2.26
25/8/2024,1,2.27
25/8/2024,2,2.27
25/8/2024,3,2.28
25/8/2024,4,2.29
25/8/2024,5,2.29
25/8/2024,6,2.3
25/8/2024,7,2.3
25/8/2024,8,2.3
25/8/2024,9,2.29
25/8/2024,10,2.29
25/8/2024,11,2.28
25/8/2024,12,2.27
25/8/2024,13,2.27
25/8/2024,14,2.26
25/8/2024,15,2.25
25/8/2024,16,2.25
25/8/2024,17,2.25
25/8/2024,18,2.25
25/8/2024,19,2.25
25/8/2024,20,2.25
25/8/2024,21,2.25
25/8/2024,22,2.25
25/8/2024,23,2.25
25/8/2024,24,2.25
26/8/2024,1,2.24
26/8/2024,2,2.24
26/8/2024,3,2.23
26/8/2024,4,2.23
26/8/2024,5,2.23
26/8/2024,6,2.23
26/8/2024,7,2.22
26/8/2024,8,2.21
26/8/2024,9,2.21
26/8/2024,10,2.21
26/8/2024,11,2.21
26/8/2024,12,2.21
26/8/2024,13,2.22
26/8/2024,14,2.22
26/8/2024,15,2.23
26/8/2024,16,2.23
26/8/2024,17,2.23
26/8/2024,18,2.23
26/8/2024,19,2.23
26/8/2024,20,2.23
26/8/2024,21,2.23
26/8/2024,22,2.23
26/8/2024,23,2.23
26/8/2024,24,2.22
27/8/2024,1,2.21
27/8/2024,2,2.21
27/8/2024,3,2.2
27/8/2024,4,2.19
27/8/2024,5,2.17
27/8/2024,6,2.16
27/8/2024,7,2.15
27/8/2024,8,2.14
27/8/2024,9,2.13
27/8/2024,10,2.12
27/8/2024,11,2.11
27/8/2024,12,2.11
27/8/2024,13,2.11
27/8/2024,14,2.11
27/8/2024,15,2.11
27/8/2024,16,2.13
27/8/2024,17,2.15
27/8/2024,18,2.17
27/8/2024,19,2.21
27/8/2024,20,2.25
27/8/2024,21,2.3
27/8/2024,22,2.34
27/8/2024,23,2.35
27/8/2024,24,2.35
28/8/2024,1,2.34
28/8/2024,2,2.34
28/8/2024,3,2.34
28/8/2024,4,2.35
28/8/2024,5,2.35
28/8/2024,6,2.35
28/8/2024,7,2.36
28/8/2024,8,2.37
28/8/2024,9,2.39
28/8/2024,10,2.4
28/8/2024,11,2.41
28/8/2024,12,2.42
28/8/2024,13,2.42
28/8/2024,14,2.42
28/8/2024,15,2.42
28/8/2024,16,2.42
28/8/2024,17,2.42
28/8/2024,18,2.42
28/8/2024,19,2.42
28/8/2024,20,2.42
28/8/2024,21,2.42
28/8/2024,22,2.42
28/8/2024,23,2.42
28/8/2024,24,2.43
29/8/2024,1,2.43
29/8/2024,2,2.43
29/8/2024,3,2.44
29/8/2024,4,2.45
29/8/2024,5,2.45
29/8/2024,6,2.46
29/8/2024,7,2.47
29/8/2024,8,2.49
29/8/2024,9,2.5
29/8/2024,10,2.51
29/8/2024,11,2.54
29/8/2024,12,2.56
29/8/2024,13,2.58
29/8/2024,14,2.59
29/8/2024,15,2.6
29/8/2024,16,2.61
29/8/2024,17,2.62
29/8/2024,18,2.63
29/8/2024,19,2.64
29/8/2024,20,2.65
29/8/2024,21,2.66
29/8/2024,22,2.66
29/8/2024,23,2.66
29/8/2024,24,2.66
30/8/2024,1,2.65
30/8/2024,2,2.65
30/8/2024,3,2.64
30/8/2024,4,2.63
30/8/2024,5,2.62
30/8/2024,6,2.61
30/8/2024,7,2.6
30/8/2024,8,2.59
30/8/2024,9,2.58
30/8/2024,10,2.57
30/8/2024,11,2.57
30/8/2024,12,2.56
30/8/2024,13,2.56
30/8/2024,14,2.55
30/8/2024,15,2.54
30/8/2024,16,2.53
30/8/2024,17,2.52
30/8/2024,18,2.51
30/8/2024,19,2.5
30/8/2024,20,2.5
30/8/2024,21,2.49
30/8/2024,22,2.48
30/8/2024,23,2.47
30/8/2024,24,2.45
31/8/2024,1,2.44
31/8/2024,2,2.42
31/8/2024,3,2.4
31/8/2024,4,2.38
31/8/2024,5,2.36
31/8/2024,6,2.35
31/8/2024,7,2.34
31/8/2024,8,2.32
31/8/2024,9,2.3
31/8/2024,10,2.29
31/8/2024,11,2.28
31/8/2024,12,2.27
31/8/2024,13,2.25
31/8/2024,14,2.24
31/8/2024,15,2.23
31/8/2024,16,2.22
31/8/2024,17,2.21
31/8/2024,18,2.2
31/8/2024,19,2.19
31/8/2024,20,2.18
31/8/2024,21,2.17
31/8/2024,22,2.16
31/8/2024,23,2.16
31/8/2024,24,2.17
1/9/2024,1,2.2
1/9/2024,2,2.25
1/9/2024,3,2.32
1/9/2024,4,2.39
1/9/2024,5,2.48
1/9/2024,6,2.57
1/9/2024,7,2.66
1/9/2024,8,2.74
1/9/2024,9,2.78
1/9/2024,10,2.8
1/9/2024,11,2.81
1/9/2024,12,2.82
1/9/2024,13,2.83
1/9/2024,14,2.84
1/9/2024,15,2.85
1/9/2024,16,2.86
1/9/2024,17,2.86
1/9/2024,18,2.87
1/9/2024,19,2.88
1/9/2024,20,2.88
1/9/2024,21,2.89
1/9/2024,22,2.89
1/9/2024,23,2.89
1/9/2024,24,2.86
2/9/2024,1,2.84
2/9/2024,2,2.81
2/9/2024,3,2.78
2/9/2024,4,2.75
2/9/2024,5,2.72
2/9/2024,6,2.69
2/9/2024,7,2.65
2/9/2024,8,2.62
2/9/2024,9,2.59
2/9/2024,10,2.56
2/9/2024,11,2.54
2/9/2024,12,2.52
2/9/2024,13,2.5
2/9/2024,14,2.48
2/9/2024,15,2.46
2/9/2024,16,2.45
2/9/2024,17,2.44
2/9/2024,18,2.43
2/9/2024,19,2.42
2/9/2024,20,2.41
2/9/2024,21,2.41
2/9/2024,22,2.4
2/9/2024,23,2.4
2/9/2024,24,2.39
3/9/2024,1,2.38
3/9/2024,2,2.37
3/9/2024,3,2.36
3/9/2024,4,2.35
3/9/2024,5,2.34
3/9/2024,6,2.33
3/9/2024,7,2.32
3/9/2024,8,2.31
3/9/2024,9,2.3
3/9/2024,10,2.29
3/9/2024,11,2.28
3/9/2024,12,2.27
3/9/2024,13,2.26
3/9/2024,14,2.25
3/9/2024,15,2.24
3/9/2024,16,2.23
3/9/2024,17,2.22
3/9/2024,18,2.21
3/9/2024,19,2.2
3/9/2024,20,2.19
3/9/2024,21,2.19
3/9/2024,22,2.18
3/9/2024,23,2.17
3/9/2024,24,2.16
4/9/2024,1,2.15
4/9/2024,2,2.14
4/9/2024,3,2.13
4/9/2024,4,2.12
4/9/2024,5,2.11
4/9/2024,6,2.1
4/9/2024,7,2.1
4/9/2024,8,2.09
4/9/2024,9,2.08
4/9/2024,10,2.07
4/9/2024,11,2.06
4/9/2024,12,2.06
4/9/2024,13,2.04
4/9/2024,14,2.04
4/9/2024,15,2.04
4/9/2024,16,2.03
4/9/2024,17,2.03
4/9/2024,18,2.03
4/9/2024,19,2.02
4/9/2024,20,2.02
4/9/2024,21,2.01
4/9/2024,22,2.01
4/9/2024,23,2.01
4/9/2024,24,2
5/9/2024,1,2
5/9/2024,2,2
5/9/2024,3,1.99
5/9/2024,4,1.99
5/9/2024,5,1.99
5/9/2024,6,1.98
5/9/2024,7,1.98
5/9/2024,8,1.97
5/9/2024,9,1.97
5/9/2024,10,1.96
5/9/2024,11,1.96
5/9/2024,12,1.96
5/9/2024,13,1.95
5/9/2024,14,1.95
5/9/2024,15,1.95
5/9/2024,16,1.94
5/9/2024,17,1.94
5/9/2024,18,1.94
5/9/2024,19,1.94
5/9/2024,20,1.95
5/9/2024,21,1.97
5/9/2024,22,1.99
5/9/2024,23,2
5/9/2024,24,2.01
6/9/2024,1,2.01
6/9/2024,2,2.01
6/9/2024,3,2.01
6/9/2024,4,2.01
6/9/2024,5,2.01
6/9/2024,6,2.01
6/9/2024,7,2.01
6/9/2024,8,2.01
6/9/2024,9,2.01
6/9/2024,10,2.01
6/9/2024,11,2.01
6/9/2024,12,2.01
6/9/2024,13,2.01
6/9/2024,14,2
6/9/2024,15,1.99
6/9/2024,16,1.99
6/9/2024,17,1.98
6/9/2024,18,1.98
6/9/2024,19,1.98
6/9/2024,20,1.98
6/9/2024,21,1.98
6/9/2024,22,1.98
6/9/2024,23,1.98
6/9/2024,24,1.98
7/9/2024,1,1.98
7/9/2024,2,1.98
7/9/2024,3,1.98
7/9/2024,4,1.98
7/9/2024,5,1.99
7/9/2024,6,2.01
7/9/2024,7,2.01
7/9/2024,8,2.02
7/9/2024,9,2.03
7/9/2024,10,2.03
7/9/2024,11,2.03
7/9/2024,12,2.03
7/9/2024,13,2.02
7/9/2024,14,2.02
7/9/2024,15,2.01
7/9/2024,16,2
7/9/2024,17,1.98
7/9/2024,18,1.97
7/9/2024,19,1.96
7/9/2024,20,1.95
7/9/2024,21,1.94
7/9/2024,22,1.93
7/9/2024,23,1.92
7/9/2024,24,1.92
8/9/2024,1,1.92
8/9/2024,2,1.91
8/9/2024,3,1.9
8/9/2024,4,1.89
8/9/2024,5,1.89
8/9/2024,6,1.88
8/9/2024,7,1.88
8/9/2024,8,1.87
8/9/2024,9,1.87
8/9/2024,10,1.86
8/9/2024,11,1.86
8/9/2024,12,1.85
8/9/2024,13,1.85
8/9/2024,14,1.84
8/9/2024,15,1.84
8/9/2024,16,1.84
8/9/2024,17,1.84
8/9/2024,18,1.84
8/9/2024,19,1.84
8/9/2024,20,1.84
8/9/2024,21,1.84
8/9/2024,22,1.84
8/9/2024,23,1.84
8/9/2024,24,1.84
9/9/2024,1,1.84
9/9/2024,2,1.83
9/9/2024,3,1.83
9/9/2024,4,1.82
9/9/2024,5,1.81
9/9/2024,6,1.81
9/9/2024,7,1.81
9/9/2024,8,1.81
9/9/2024,9,1.81
9/9/2024,10,1.81
9/9/2024,11,1.81
9/9/2024,12,1.81
9/9/2024,13,1.8
9/9/2024,14,1.8
9/9/2024,15,1.8
9/9/2024,16,1.8
9/9/2024,17,1.8
9/9/2024,18,1.8
9/9/2024,19,1.8
9/9/2024,20,1.8
9/9/2024,21,1.8
9/9/2024,22,1.81
9/9/2024,23,1.81
9/9/2024,24,1.81
10/9/2024,1,1.81
10/9/2024,2,1.82
10/9/2024,3,1.83
10/9/2024,4,1.83
10/9/2024,5,1.83
10/9/2024,6,1.83
10/9/2024,7,1.83
10/9/2024,8,1.83
10/9/2024,9,1.82
10/9/2024,10,1.81
10/9/2024,11,1.8
10/9/2024,12,1.8
10/9/2024,13,1.8
10/9/2024,14,1.8
10/9/2024,15,1.8
10/9/2024,16,1.8
10/9/2024,17,1.81
10/9/2024,18,1.81
10/9/2024,19,1.8
10/9/2024,20,1.8
10/9/2024,21,1.79
10/9/2024,22,1.79
10/9/2024,23,1.78
10/9/2024,24,1.78
11/9/2024,1,1.78
11/9/2024,2,1.78
11/9/2024,3,1.79
11/9/2024,4,1.8
11/9/2024,5,1.82
11/9/2024,6,1.84
11/9/2024,7,1.85
11/9/2024,8,1.87
11/9/2024,9,1.88
11/9/2024,10,1.9
11/9/2024,11,1.91
11/9/2024,12,1.93
11/9/2024,13,1.95
11/9/2024,14,1.97
11/9/2024,15,2
11/9/2024,16,2.03
11/9/2024,17,2.04
11/9/2024,18,2.05
11/9/2024,19,2.07
11/9/2024,20,2.08
11/9/2024,21,2.1
11/9/2024,22,2.11
11/9/2024,23,2.12
11/9/2024,24,2.13
12/9/2024,1,2.14
12/9/2024,2,2.15
12/9/2024,3,2.16
12/9/2024,4,2.17
12/9/2024,5,2.18
12/9/2024,6,2.19
12/9/2024,7,2.21
12/9/2024,8,2.22
12/9/2024,9,2.23
12/9/2024,10,2.24
12/9/2024,11,2.25
12/9/2024,12,2.26
12/9/2024,13,2.26
12/9/2024,14,2.27
12/9/2024,15,2.28
12/9/2024,16,2.28
12/9/2024,17,2.28
12/9/2024,18,2.28
12/9/2024,19,2.28
12/9/2024,20,2.28
12/9/2024,21,2.28
12/9/2024,22,2.28
12/9/2024,23,2.28
12/9/2024,24,2.28
13/9/2024,1,2.27
13/9/2024,2,2.27
13/9/2024,3,2.26
13/9/2024,4,2.25
13/9/2024,5,2.24
13/9/2024,6,2.23
13/9/2024,7,2.23
13/9/2024,8,2.22
13/9/2024,9,2.22
13/9/2024,10,2.22
13/9/2024,11,2.22
13/9/2024,12,2.22
13/9/2024,13,2.21
13/9/2024,14,2.2
13/9/2024,15,2.19
13/9/2024,16,2.18
13/9/2024,17,2.16
13/9/2024,18,2.13
13/9/2024,19,2.12
13/9/2024,20,2.1
13/9/2024,21,2.08
13/9/2024,22,2.06
13/9/2024,23,2.05
13/9/2024,24,2.03
14/9/2024,1,2.02
14/9/2024,2,2.01
14/9/2024,3,2
14/9/2024,4,1.99
14/9/2024,5,1.97
14/9/2024,6,1.95
14/9/2024,7,1.95
14/9/2024,8,1.94
14/9/2024,9,1.93
14/9/2024,10,1.92
14/9/2024,11,1.91
14/9/2024,12,1.9
14/9/2024,13,1.89
14/9/2024,14,1.89
14/9/2024,15,1.88
14/9/2024,16,1.87
14/9/2024,17,1.87
14/9/2024,18,1.86
14/9/2024,19,1.85
14/9/2024,20,1.84
14/9/2024,21,1.84
14/9/2024,22,1.83
14/9/2024,23,1.83
14/9/2024,24,1.82
15/9/2024,1,1.81
15/9/2024,2,1.81
15/9/2024,3,1.8
15/9/2024,4,1.8
15/9/2024,5,1.79
15/9/2024,6,1.78
15/9/2024,7,1.78
15/9/2024,8,1.78
15/9/2024,9,1.77
15/9/2024,10,1.77
15/9/2024,11,1.77
15/9/2024,12,1.76
15/9/2024,13,1.76
15/9/2024,14,1.75
15/9/2024,15,1.75
15/9/2024,16,1.74
15/9/2024,17,1.73
15/9/2024,18,1.73
15/9/2024,19,1.75
15/9/2024,20,1.77
15/9/2024,21,1.82
15/9/2024,22,1.84
15/9/2024,23,1.85
15/9/2024,24,1.83
16/9/2024,1,1.81
16/9/2024,2,1.79
16/9/2024,3,1.77
16/9/2024,4,1.76
16/9/2024,5,1.75
16/9/2024,6,1.75
16/9/2024,7,1.74
16/9/2024,8,1.74
16/9/2024,9,1.74
16/9/2024,10,1.74
16/9/2024,11,1.73
16/9/2024,12,1.73
16/9/2024,13,1.72
16/9/2024,14,1.71
16/9/2024,15,1.7
16/9/2024,16,1.7
16/9/2024,17,1.7
16/9/2024,18,1.7
16/9/2024,19,1.7
16/9/2024,20,1.7
16/9/2024,21,1.7
16/9/2024,22,1.7
16/9/2024,23,1.7
16/9/2024,24,1.7
17/9/2024,1,1.71
17/9/2024,2,1.71
17/9/2024,3,1.72
17/9/2024,4,1.72
17/9/2024,5,1.73
17/9/2024,6,1.73
17/9/2024,7,1.74
17/9/2024,8,1.75
17/9/2024,9,1.75
17/9/2024,10,1.75
17/9/2024,11,1.76
17/9/2024,12,1.76
17/9/2024,13,1.76
17/9/2024,14,1.77
17/9/2024,15,1.76
17/9/2024,16,1.76
17/9/2024,17,1.76
17/9/2024,18,1.76
17/9/2024,19,1.76
17/9/2024,20,1.76
17/9/2024,21,1.76
17/9/2024,22,1.76
17/9/2024,23,1.76
17/9/2024,24,1.76
18/9/2024,1,1.75
18/9/2024,2,1.74
18/9/2024,3,1.74
18/9/2024,4,1.74
18/9/2024,5,1.74
18/9/2024,6,1.74
18/9/2024,7,1.73
18/9/2024,8,1.73
18/9/2024,9,1.73
18/9/2024,10,1.73
18/9/2024,11,1.74
18/9/2024,12,1.76
18/9/2024,13,1.77
18/9/2024,14,1.78
18/9/2024,15,1.8
18/9/2024,16,1.79
18/9/2024,17,1.79
18/9/2024,18,1.78
18/9/2024,19,1.77
18/9/2024,20,1.76
18/9/2024,21,1.76
18/9/2024,22,1.75
18/9/2024,23,1.74
18/9/2024,24,1.73
19/9/2024,1,1.72
19/9/2024,2,1.71
19/9/2024,3,1.71
19/9/2024,4,1.7
19/9/2024,5,1.7
19/9/2024,6,1.69
19/9/2024,7,1.68
19/9/2024,8,1.67
19/9/2024,9,1.66
19/9/2024,10,1.66
19/9/2024,11,1.66
19/9/2024,12,1.66
19/9/2024,13,1.66
19/9/2024,14,1.66
19/9/2024,15,1.66
19/9/2024,16,1.66
19/9/2024,17,1.66
19/9/2024,18,1.65
19/9/2024,19,1.65
19/9/2024,20,1.64
19/9/2024,21,1.64
19/9/2024,22,1.63
19/9/2024,23,1.63
19/9/2024,24,1.63
20/9/2024,1,1.63
20/9/2024,2,1.63
20/9/2024,3,1.63
20/9/2024,4,1.63
20/9/2024,5,1.62
20/9/2024,6,1.62
20/9/2024,7,1.62
20/9/2024,8,1.62
20/9/2024,9,1.62
20/9/2024,10,1.63
20/9/2024,11,1.63
20/9/2024,12,1.63
20/9/2024,13,1.64
20/9/2024,14,1.65
20/9/2024,15,1.66
20/9/2024,16,1.67
20/9/2024,17,1.68
20/9/2024,18,1.69
20/9/2024,19,1.7
20/9/2024,20,1.71
20/9/2024,21,1.72
20/9/2024,22,1.73
20/9/2024,23,1.74
20/9/2024,24,1.74
21/9/2024,1,1.74
21/9/2024,2,1.75
21/9/2024,3,1.75
21/9/2024,4,1.75
21/9/2024,5,1.74
21/9/2024,6,1.74
21/9/2024,7,1.74
21/9/2024,8,1.73
21/9/2024,9,1.72
21/9/2024,10,1.71
21/9/2024,11,1.71
21/9/2024,12,1.71
21/9/2024,13,1.71
21/9/2024,14,1.71
21/9/2024,15,1.71
21/9/2024,16,1.71
21/9/2024,17,1.71
21/9/2024,18,1.71
21/9/2024,19,1.71
21/9/2024,20,1.71
21/9/2024,21,1.74
21/9/2024,22,1.76
21/9/2024,23,1.77
21/9/2024,24,1.77
22/9/2024,1,1.76
22/9/2024,2,1.76
22/9/2024,3,1.76
22/9/2024,4,1.77
22/9/2024,5,1.78
22/9/2024,6,1.78
22/9/2024,7,1.78
22/9/2024,8,1.79
22/9/2024,9,1.8
22/9/2024,10,1.82
22/9/2024,11,1.85
22/9/2024,12,1.87
22/9/2024,13,1.9
22/9/2024,14,1.92
22/9/2024,15,1.95
22/9/2024,16,1.98
22/9/2024,17,2
22/9/2024,18,2
22/9/2024,19,2.04
22/9/2024,20,2.06
22/9/2024,21,2.08
22/9/2024,22,2.1
22/9/2024,23,2.1
22/9/2024,24,2.12
23/9/2024,1,2.13
23/9/2024,2,2.14
23/9/2024,3,2.13
23/9/2024,4,2.12
23/9/2024,5,2.12
23/9/2024,6,2.16
23/9/2024,7,2.21
23/9/2024,8,2.25
23/9/2024,9,2.28
23/9/2024,10,2.27
23/9/2024,11,2.27
23/9/2024,12,2.27
23/9/2024,13,2.30
23/9/2024,14,2.37
23/9/2024,15,2.46
23/9/2024,16,2.54
23/9/2024,17,2.63
23/9/2024,18,2.67
23/9/2024,19,2.69
23/9/2024,20,2.70
23/9/2024,21,2.71
23/9/2024,22,2.73
23/9/2024,23,2.76
23/9/2024,24,2.82
24/9/2024,1,2.88
24/9/2024,2,2.95
24/9/2024,3,3.01
24/9/2024,4,3.07
24/9/2024,5,3.11
24/9/2024,6,3.16
24/9/2024,7,3.20
24/9/2024,8,3.26
24/9/2024,9,3.31
24/9/2024,10,3.35
24/9/2024,11,3.40
24/9/2024,12,3.45
24/9/2024,13,3.50
24/9/2024,14,3.55
24/9/2024,15,3.60
24/9/2024,16,3.67
24/9/2024,17,3.73
24/9/2024,18,3.81
24/9/2024,19,3.89
24/9/2024,20,3.97
24/9/2024,21,4.06
24/9/2024,22,4.13
24/9/2024,23,4.21
24/9/2024,24,4.29
25/9/2024,1,4.35
25/9/2024,2,4.39
25/9/2024,3,4.41
25/9/2024,4,4.43
25/9/2024,5,4.45
25/9/2024,6,4.45
25/9/2024,7,4.45
25/9/2024,8,4.45
25/9/2024,9,4.45
25/9/2024,10,4.45
25/9/2024,11,4.46
25/9/2024,12,4.48
25/9/2024,13,4.50
25/9/2024,14,4.53
25/9/2024,15,4.57
25/9/2024,16,4.61
25/9/2024,17,4.66
25/9/2024,18,4.70
25/9/2024,19,4.75
25/9/2024,20,4.79
25/9/2024,21,4.83
25/9/2024,22,4.86
25/9/2024,23,4.89
25/9/2024,24,4.90
26/9/2024,1,4.92
26/9/2024,2,4.93
26/9/2024,3,4.93
26/9/2024,4,4.92
26/9/2024,5,4.90
26/9/2024,6,4.88
26/9/2024,7,4.86
26/9/2024,8,4.84
26/9/2024,9,4.82
26/9/2024,10,4.80
26/9/2024,11,4.77
26/9/2024,12,4.75
26/9/2024,13,4.72
26/9/2024,14,4.69
26/9/2024,15,4.66
26/9/2024,16,4.63
26/9/2024,17,4.59
26/9/2024,18,4.54
26/9/2024,19,4.49
26/9/2024,20,4.44
26/9/2024,21,4.39
26/9/2024,22,4.35
26/9/2024,23,4.31
26/9/2024,24,4.28
27/9/2024,1,4.25
27/9/2024,2,4.23
27/9/2024,3,4.21
27/9/2024,4,4.21
27/9/2024,5,4.19
27/9/2024,6,4.19
27/9/2024,7,4.19
27/9/2024,8,4.22
27/9/2024,9,4.23
27/9/2024,10,4.23
27/9/2024,11,4.23
27/9/2024,12,4.24
27/9/2024,13,4.24
27/9/2024,14,4.24
27/9/2024,15,4.24
27/9/2024,16,4.23
27/9/2024,17,4.23
27/9/2024,18,4.22
27/9/2024,19,4.21
27/9/2024,20,4.20
27/9/2024,21,4.18
27/9/2024,22,4.16
27/9/2024,23,4.14
27/9/2024,24,4.12
28/9/2024,1,4.10
28/9/2024,2,4.08
28/9/2024,3,4.05
28/9/2024,4,4.02
28/9/2024,5,3.99
28/9/2024,6,3.96
28/9/2024,7,3.93
28/9/2024,8,3.89
28/9/2024,9,3.86
28/9/2024,10,3.83
28/9/2024,11,3.78
28/9/2024,12,3.74
28/9/2024,13,3.71
28/9/2024,14,3.68
28/9/2024,15,3.64
28/9/2024,16,3.60
28/9/2024,17,3.56
28/9/2024,18,3.53
28/9/2024,19,3.48
28/9/2024,20,3.44
28/9/2024,21,3.40
28/9/2024,22,3.36
28/9/2024,23,3.33
28/9/2024,24,3.28
29/9/2024,1,3.24
29/9/2024,2,3.22
29/9/2024,3,3.19
29/9/2024,4,3.16
29/9/2024,5,3.13
29/9/2024,6,3.10
29/9/2024,7,3.09
29/9/2024,8,3.06
29/9/2024,9,3.05
29/9/2024,10,3.05
29/9/2024,11,3.05
29/9/2024,12,3.06
29/9/2024,13,3.06
29/9/2024,14,3.06
29/9/2024,15,3.06
29/9/2024,16,3.05
29/9/2024,17,3.04
29/9/2024,18,3.04
29/9/2024,19,3.05
29/9/2024,20,3.09
29/9/2024,21,3.13
29/9/2024,22,3.17
29/9/2024,23,3.22
29/9/2024,24,3.27
30/9/2024,1,3.31
30/9/2024,2,3.35
30/9/2024,3,3.39
30/9/2024,4,3.43
30/9/2024,5,3.45
30/9/2024,6,3.45
30/9/2024,7,3.45
30/9/2024,8,3.45
30/9/2024,9,3.45
30/9/2024,10,3.45
30/9/2024,11,3.44
30/9/2024,12,3.43
30/9/2024,13,3.40
30/9/2024,14,3.39
30/9/2024,15,3.37
30/9/2024,16,3.36
30/9/2024,17,3.34
30/9/2024,18,3.32
30/9/2024,19,3.31
30/9/2024,20,3.30
30/9/2024,21,3.29
30/9/2024,22,3.28
30/9/2024,23,3.27
30/9/2024,24,3.26
1/10/2024,1,3.26
1/10/2024,2,3.26
1/10/2024,3,3.26
1/10/2024,4,3.25
1/10/2024,5,3.23
1/10/2024,6,3.20
1/10/2024,7,3.15
1/10/2024,8,3.09
1/10/2024,9,3.00
1/10/2024,10,2.94
1/10/2024,11,2.87
1/10/2024,12,2.79
1/10/2024,13,2.77
1/10/2024,14,2.65
1/10/2024,15,2.59
1/10/2024,16,2.55
1/10/2024,17,2.50
1/10/2024,18,2.48
1/10/2024,19,2.45
1/10/2024,20,2.44
1/10/2024,21,2.43
1/10/2024,22,2.44
1/10/2024,23,2.49
1/10/2024,24,2.52
2/10/2024,1,2.57
2/10/2024,2,2.61
2/10/2024,3,2.65
2/10/2024,4,2.69
2/10/2024,5,2.75
2/10/2024,6,2.79
2/10/2024,7,2.83
2/10/2024,8,2.87
2/10/2024,9,2.92
2/10/2024,10,2.96
2/10/2024,11,3.01
2/10/2024,12,3.05
2/10/2024,13,3.08
2/10/2024,14,3.10
2/10/2024,15,3.11
2/10/2024,16,3.12
2/10/2024,17,3.12
2/10/2024,18,3.12
2/10/2024,19,3.13
2/10/2024,20,3.14
2/10/2024,21,3.15
2/10/2024,22,3.16
2/10/2024,23,3.17
2/10/2024,24,3.18
3/10/2024,1,3.18
3/10/2024,2,3.19
3/10/2024,3,3.20
3/10/2024,4,3.23
3/10/2024,5,3.28
3/10/2024,6,3.36
3/10/2024,7,3.46
3/10/2024,8,3.61
3/10/2024,9,3.73
3/10/2024,10,3.83
3/10/2024,11,3.91
3/10/2024,12,3.94
3/10/2024,13,3.98
3/10/2024,14,4.02
3/10/2024,15,4.07
3/10/2024,16,4.15
3/10/2024,17,4.23
3/10/2024,18,4.33
3/10/2024,19,4.45
3/10/2024,20,4.55
3/10/2024,21,4.63
3/10/2024,22,4.70
3/10/2024,23,4.75
3/10/2024,24,4.76
4/10/2024,1,4.79
4/10/2024,2,4.81
4/10/2024,3,4.81
4/10/2024,4,4.81
4/10/2024,5,4.80
4/10/2024,6,4.80
4/10/2024,7,4.80
4/10/2024,8,4.81
4/10/2024,9,4.83
4/10/2024,10,4.85
4/10/2024,11,4.88
4/10/2024,12,4.90
4/10/2024,13,4.92
4/10/2024,14,4.94
4/10/2024,15,4.96
4/10/2024,16,4.99
4/10/2024,17,5.01
4/10/2024,18,5.04
4/10/2024,19,5.09
4/10/2024,20,5.12
4/10/2024,21,5.15
4/10/2024,22,5.17
4/10/2024,23,5.20
4/10/2024,24,5.21
5/10/2024,1,5.23
5/10/2024,2,5.25
5/10/2024,3,5.25
5/10/2024,4,5.25
5/10/2024,5,5.25
5/10/2024,6,5.27
5/10/2024,7,5.28
5/10/2024,8,5.28
5/10/2024,9,5.28
5/10/2024,10,5.28
5/10/2024,11,5.29
5/10/2024,12,5.30
5/10/2024,13,5.30
5/10/2024,14,5.29
5/10/2024,15,5.29
5/10/2024,16,5.29
5/10/2024,17,5.29
5/10/2024,18,5.29
5/10/2024,19,5.28
5/10/2024,20,5.28
5/10/2024,21,5.28
5/10/2024,22,5.27
5/10/2024,23,5.26
5/10/2024,24,5.23
6/10/2024,1,5.21
6/10/2024,2,5.19
6/10/2024,3,5.17
6/10/2024,4,5.15
6/10/2024,5,5.13
6/10/2024,6,5.09
6/10/2024,7,5.05
6/10/2024,8,5.00
6/10/2024,9,4.95
6/10/2024,10,4.90
6/10/2024,11,4.85
6/10/2024,12,4.80
6/10/2024,13,4.76
6/10/2024,14,4.71
6/10/2024,15,4.66
6/10/2024,16,4.62
6/10/2024,17,4.58
6/10/2024,18,4.52
6/10/2024,19,4.48
6/10/2024,20,4.42
6/10/2024,21,4.37
6/10/2024,22,4.35
6/10/2024,23,4.32
6/10/2024,24,4.28
7/10/2024,1,4.23
7/10/2024,2,4.18
7/10/2024,3,4.13
7/10/2024,4,4.09
7/10/2024,5,4.04
7/10/2024,6,4.00
7/10/2024,7,3.95
7/10/2024,8,3.93
7/10/2024,9,3.89
7/10/2024,10,3.85
7/10/2024,11,3.81
7/10/2024,12,3.77
7/10/2024,13,3.73
7/10/2024,14,3.69
7/10/2024,15,3.67
7/10/2024,16,3.63
7/10/2024,17,3.60
7/10/2024,18,3.57
7/10/2024,19,3.53
7/10/2024,20,3.50
7/10/2024,21,3.47
7/10/2024,22,3.45
7/10/2024,23,3.43
7/10/2024,24,3.41
8/10/2024,1,3.39
8/10/2024,2,3.37
8/10/2024,3,3.35
8/10/2024,4,3.33
8/10/2024,5,3.31
8/10/2024,6,3.29
8/10/2024,7,3.27
8/10/2024,8,3.24
8/10/2024,9,3.22
8/10/2024,10,3.2
8/10/2024,11,3.18
8/10/2024,12,3.16
8/10/2024,13,3.15
8/10/2024,14,3.14
8/10/2024,15,3.13
8/10/2024,16,3.11
8/10/2024,17,3.09
8/10/2024,18,3.07
8/10/2024,19,3.05
8/10/2024,20,3.03
8/10/2024,21,3.01
8/10/2024,22,2.99
8/10/2024,23,2.97
8/10/2024,24,2.95
9/10/2024,1,2.93
9/10/2024,2,2.91
9/10/2024,3,2.89
9/10/2024,4,2.87
9/10/2024,5,2.85
9/10/2024,6,2.84
9/10/2024,7,2.83
9/10/2024,8,2.81
9/10/2024,9,2.8
9/10/2024,10,2.79
9/10/2024,11,2.78
9/10/2024,12,2.77
9/10/2024,13,2.77
9/10/2024,14,2.76
9/10/2024,15,2.74
9/10/2024,16,2.73
9/10/2024,17,2.72
9/10/2024,18,2.71
9/10/2024,19,2.7
9/10/2024,20,2.69
9/10/2024,21,2.67
9/10/2024,22,2.65
9/10/2024,23,2.64
9/10/2024,24,2.63
10/10/2024,1,2.61
10/10/2024,2,2.59
10/10/2024,3,2.57
10/10/2024,4,2.56
10/10/2024,5,2.55
10/10/2024,6,2.54
10/10/2024,7,2.53
10/10/2024,8,2.52
10/10/2024,9,2.51
10/10/2024,10,2.5
10/10/2024,11,2.5
10/10/2024,12,2.5
10/10/2024,13,2.5
10/10/2024,14,2.5
10/10/2024,15,2.49
10/10/2024,16,2.48
10/10/2024,17,2.47
10/10/2024,18,2.47
10/10/2024,19,2.46
10/10/2024,20,2.46
10/10/2024,21,2.46
10/10/2024,22,2.44
10/10/2024,23,2.43
10/10/2024,24,2.42
11/10/2024,1,2.42
11/10/2024,2,2.41
11/10/2024,3,2.4
11/10/2024,4,2.39
11/10/2024,5,2.38
11/10/2024,6,2.37
11/10/2024,7,2.37
11/10/2024,8,2.37
11/10/2024,9,2.37
11/10/2024,10,2.37
11/10/2024,11,2.37
11/10/2024,12,2.37
11/10/2024,13,2.36
11/10/2024,14,2.36
11/10/2024,15,2.36
11/10/2024,16,2.36
11/10/2024,17,2.36
11/10/2024,18,2.35
11/10/2024,19,2.35
11/10/2024,20,2.35
11/10/2024,21,2.34
11/10/2024,22,2.34
11/10/2024,23,2.33
11/10/2024,24,2.33
12/10/2024,1,2.32
12/10/2024,2,2.32
12/10/2024,3,2.31
12/10/2024,4,2.31
12/10/2024,5,2.3
12/10/2024,6,2.29
12/10/2024,7,2.29
12/10/2024,8,2.29
12/10/2024,9,2.29
12/10/2024,10,2.29
12/10/2024,11,2.29
12/10/2024,12,2.29
12/10/2024,13,2.29
12/10/2024,14,2.28
12/10/2024,15,2.28
12/10/2024,16,2.28
12/10/2024,17,2.27
12/10/2024,18,2.27
12/10/2024,19,2.27
12/10/2024,20,2.27
12/10/2024,21,2.28
12/10/2024,22,2.29
12/10/2024,23,2.3
12/10/2024,24,2.31
13/10/2024,1,2.31
13/10/2024,2,2.32
13/10/2024,3,2.32
13/10/2024,4,2.32
13/10/2024,5,2.32
13/10/2024,6,2.31
13/10/2024,7,2.3
13/10/2024,8,2.29
13/10/2024,9,2.28
13/10/2024,10,2.28
13/10/2024,11,2.27
13/10/2024,12,2.27
13/10/2024,13,2.26
13/10/2024,14,2.26
13/10/2024,15,2.26
13/10/2024,16,2.26
13/10/2024,17,2.26
13/10/2024,18,2.25
13/10/2024,19,2.25
13/10/2024,20,2.25
13/10/2024,21,2.25
13/10/2024,22,2.24
13/10/2024,23,2.24
13/10/2024,24,2.23
14/10/2024,1,2.23
14/10/2024,2,2.23
14/10/2024,3,2.22
14/10/2024,4,2.21
14/10/2024,5,2.21
14/10/2024,6,2.2
14/10/2024,7,2.2
14/10/2024,8,2.2
14/10/2024,9,2.2
14/10/2024,10,2.2
14/10/2024,11,2.2
14/10/2024,12,2.2
14/10/2024,13,2.2
14/10/2024,14,2.19
14/10/2024,15,2.19
14/10/2024,16,2.19
14/10/2024,17,2.18
14/10/2024,18,2.18
14/10/2024,19,2.18
14/10/2024,20,2.17
14/10/2024,21,2.17
14/10/2024,22,2.17
14/10/2024,23,2.16
14/10/2024,24,2.16
15/10/2024,1,2.15
15/10/2024,2,2.15
15/10/2024,3,2.15
15/10/2024,4,2.15
15/10/2024,5,2.15
15/10/2024,6,2.15
15/10/2024,7,2.15
15/10/2024,8,2.15
15/10/2024,9,2.15
15/10/2024,10,2.17
15/10/2024,11,2.2
15/10/2024,12,2.23
15/10/2024,13,2.2
15/10/2024,14,2.19
15/10/2024,15,2.17
15/10/2024,16,2.16
15/10/2024,17,2.16
15/10/2024,18,2.15
15/10/2024,19,2.15
15/10/2024,20,2.15
15/10/2024,21,2.15
15/10/2024,22,2.14
15/10/2024,23,2.14
15/10/2024,24,2.14
16/10/2024,1,2.14
16/10/2024,2,2.15
16/10/2024,3,2.16
16/10/2024,4,2.17
16/10/2024,5,2.18
16/10/2024,6,2.19
16/10/2024,7,2.19
16/10/2024,8,2.19
16/10/2024,9,2.19
16/10/2024,10,2.2
16/10/2024,11,2.21
16/10/2024,12,2.21
16/10/2024,13,2.23
16/10/2024,14,2.23
16/10/2024,15,2.24
16/10/2024,16,2.24
16/10/2024,17,2.24
16/10/2024,18,2.24
16/10/2024,19,2.24
16/10/2024,20,2.25
16/10/2024,21,2.25
16/10/2024,22,2.25
16/10/2024,23,2.24
16/10/2024,24,2.23
17/10/2024,1,2.21
17/10/2024,2,2.2
17/10/2024,3,2.19
17/10/2024,4,2.18
17/10/2024,5,2.17
17/10/2024,6,2.17
17/10/2024,7,2.17
17/10/2024,8,2.17
17/10/2024,9,2.18
17/10/2024,10,2.19
17/10/2024,11,2.2
17/10/2024,12,2.25
17/10/2024,13,2.3
17/10/2024,14,2.33
17/10/2024,15,2.33
17/10/2024,16,2.33
17/10/2024,17,2.32
17/10/2024,18,2.31
17/10/2024,19,2.3
17/10/2024,20,2.29
17/10/2024,21,2.28
17/10/2024,22,2.27
17/10/2024,23,2.26
17/10/2024,24,2.25
18/10/2024,1,2.24
18/10/2024,2,2.24
18/10/2024,3,2.23
18/10/2024,4,2.23
18/10/2024,5,2.22
18/10/2024,6,2.22
18/10/2024,7,2.22
18/10/2024,8,2.22
18/10/2024,9,2.22
18/10/2024,10,2.21
18/10/2024,11,2.21
18/10/2024,12,2.2
18/10/2024,13,2.2
18/10/2024,14,2.19
18/10/2024,15,2.17
18/10/2024,16,2.15
18/10/2024,17,2.13
18/10/2024,18,2.12
18/10/2024,19,2.11
18/10/2024,20,2.1
18/10/2024,21,2.09
18/10/2024,22,2.08
18/10/2024,23,2.07
18/10/2024,24,2.06
19/10/2024,1,2.05
19/10/2024,2,2.04
19/10/2024,3,2.03
19/10/2024,4,2.02
19/10/2024,5,2.01
19/10/2024,6,2.01
19/10/2024,7,2
19/10/2024,8,1.99
19/10/2024,9,1.97
19/10/2024,10,1.97
19/10/2024,11,1.96
19/10/2024,12,1.95
19/10/2024,13,1.95
19/10/2024,14,1.94
19/10/2024,15,1.94
19/10/2024,16,1.94
19/10/2024,17,1.93
19/10/2024,18,1.92
19/10/2024,19,1.92
19/10/2024,20,1.91
19/10/2024,21,1.92
19/10/2024,22,1.93
19/10/2024,23,1.95
19/10/2024,24,1.95
20/10/2024,1,1.95
20/10/2024,2,1.94
20/10/2024,3,1.94
20/10/2024,4,1.95
20/10/2024,5,1.97
20/10/2024,6,2
20/10/2024,7,2.01
20/10/2024,8,2.04
20/10/2024,9,2.07
20/10/2024,10,2.1
20/10/2024,11,2.14
20/10/2024,12,2.16
20/10/2024,13,2.18
20/10/2024,14,2.19
20/10/2024,15,2.2
20/10/2024,16,2.2
20/10/2024,17,2.2
20/10/2024,18,2.21
20/10/2024,19,2.22
20/10/2024,20,2.21
20/10/2024,21,2.21
20/10/2024,22,2.22
20/10/2024,23,2.22
20/10/2024,24,2.23
21/10/2024,1,2.22
21/10/2024,2,2.22
21/10/2024,3,2.21
21/10/2024,4,2.19
21/10/2024,5,2.17
21/10/2024,6,2.15
21/10/2024,7,2.15
21/10/2024,8,2.11
21/10/2024,9,2.1
21/10/2024,10,2.09
21/10/2024,11,2.09
21/10/2024,12,2.08
21/10/2024,13,2.06
21/10/2024,14,2.05
21/10/2024,15,2.04
21/10/2024,16,2.03
21/10/2024,17,2.02
21/10/2024,18,2.01
21/10/2024,19,2
21/10/2024,20,2
21/10/2024,21,2
21/10/2024,22,1.99
21/10/2024,23,1.99
21/10/2024,24,1.99
22/10/2024,1,1.99
22/10/2024,2,1.98
22/10/2024,3,1.98
22/10/2024,4,1.99
22/10/2024,5,1.99
22/10/2024,6,2.01
22/10/2024,7,2.01
22/10/2024,8,2.04
22/10/2024,9,2.04
22/10/2024,10,2.05
22/10/2024,11,2.06
22/10/2024,12,2.06
22/10/2024,13,2.07
22/10/2024,14,2.08
22/10/2024,15,2.08
22/10/2024,16,2.08
22/10/2024,17,2.08
22/10/2024,18,2.08
22/10/2024,19,2.08
22/10/2024,20,2.08
22/10/2024,21,2.08
22/10/2024,22,2.07
22/10/2024,23,2.07
22/10/2024,24,2.07
23/10/2024,1,2.09
23/10/2024,2,2.12
23/10/2024,3,2.15
23/10/2024,4,2.18
23/10/2024,5,2.17
23/10/2024,6,2.16
23/10/2024,7,2.16
23/10/2024,8,2.15
23/10/2024,9,2.15
23/10/2024,10,2.14
23/10/2024,11,2.14
23/10/2024,12,2.14
23/10/2024,13,2.14
23/10/2024,14,2.14
23/10/2024,15,2.14
23/10/2024,16,2.14
23/10/2024,17,2.15
23/10/2024,18,2.15
23/10/2024,19,2.15
23/10/2024,20,2.14
23/10/2024,21,2.14
23/10/2024,22,2.15
23/10/2024,23,2.15
23/10/2024,24,2.15
24/10/2024,1,2.14
24/10/2024,2,2.13
24/10/2024,3,2.12
24/10/2024,4,2.09
24/10/2024,5,2.06
24/10/2024,6,2.03
24/10/2024,7,2
24/10/2024,8,1.97
24/10/2024,9,1.94
24/10/2024,10,1.93
24/10/2024,11,1.92
24/10/2024,12,1.91
24/10/2024,13,1.91
24/10/2024,14,1.91
24/10/2024,15,1.9
24/10/2024,16,1.9
24/10/2024,17,1.9
24/10/2024,18,1.9
24/10/2024,19,1.9
24/10/2024,20,1.9
24/10/2024,21,1.9
24/10/2024,22,1.9
24/10/2024,23,1.89
24/10/2024,24,1.89
25/10/2024,1,1.89
25/10/2024,2,1.88
25/10/2024,3,1.87
25/10/2024,4,1.86
25/10/2024,5,1.86
25/10/2024,6,1.85
25/10/2024,7,1.85
25/10/2024,8,1.84
25/10/2024,9,1.83
25/10/2024,10,1.83
25/10/2024,11,1.83
25/10/2024,12,1.83
25/10/2024,13,1.82
25/10/2024,14,1.82
25/10/2024,15,1.82
25/10/2024,16,1.81
25/10/2024,17,1.81
25/10/2024,18,1.81
25/10/2024,19,1.8
25/10/2024,20,1.8
25/10/2024,21,1.8
25/10/2024,22,1.81
25/10/2024,23,1.8
25/10/2024,24,1.8
26/10/2024,1,1.8
26/10/2024,2,1.79
26/10/2024,3,1.79
26/10/2024,4,1.78
26/10/2024,5,1.78
26/10/2024,6,1.78
26/10/2024,7,1.77
26/10/2024,8,1.77
26/10/2024,9,1.79
26/10/2024,10,1.81
26/10/2024,11,1.8
26/10/2024,12,1.79
26/10/2024,13,1.78
26/10/2024,14,1.77
26/10/2024,15,1.76
26/10/2024,16,1.76
26/10/2024,17,1.76
26/10/2024,18,1.76
26/10/2024,19,1.75
26/10/2024,20,1.75
26/10/2024,21,1.75
26/10/2024,22,1.75
26/10/2024,23,1.74
26/10/2024,24,1.74
27/10/2024,1,1.74
27/10/2024,2,1.74
27/10/2024,3,1.74
27/10/2024,4,1.74
27/10/2024,5,1.74
27/10/2024,6,1.74
27/10/2024,7,1.74
27/10/2024,8,1.74
27/10/2024,9,1.74
27/10/2024,10,1.73
27/10/2024,11,1.73
27/10/2024,12,1.73
27/10/2024,13,1.73
27/10/2024,14,1.73
27/10/2024,15,1.73
27/10/2024,16,1.73
27/10/2024,17,1.73
27/10/2024,18,1.73
27/10/2024,19,1.72
27/10/2024,20,1.72
27/10/2024,21,1.71
27/10/2024,22,1.71
27/10/2024,23,1.71
27/10/2024,24,1.7
28/10/2024,1,1.7
28/10/2024,2,1.69
28/10/2024,3,1.68
28/10/2024,4,1.67
28/10/2024,5,1.67
28/10/2024,6,1.67
28/10/2024,7,1.67
28/10/2024,8,1.67
28/10/2024,9,1.67
28/10/2024,10,1.69
28/10/2024,11,1.69
28/10/2024,12,1.7
28/10/2024,13,1.7
28/10/2024,14,1.7
28/10/2024,15,1.7
28/10/2024,16,1.71
28/10/2024,17,1.71
28/10/2024,18,1.71
28/10/2024,19,1.72
28/10/2024,20,1.72
28/10/2024,21,1.72
28/10/2024,22,1.72
28/10/2024,23,1.72
28/10/2024,24,1.72
29/10/2024,1,1.72
29/10/2024,2,1.72
29/10/2024,3,1.72
29/10/2024,4,1.71
29/10/2024,5,1.69
29/10/2024,6,1.66
29/10/2024,7,1.65
29/10/2024,8,1.64
29/10/2024,9,1.62
29/10/2024,10,1.6
29/10/2024,11,1.6
29/10/2024,12,1.59
29/10/2024,13,1.59
29/10/2024,14,1.59
29/10/2024,15,1.59
29/10/2024,16,1.59
29/10/2024,17,1.59
29/10/2024,18,1.6
29/10/2024,19,1.6
29/10/2024,20,1.6
29/10/2024,21,1.6
29/10/2024,22,1.6
29/10/2024,23,1.6
29/10/2024,24,1.6
30/10/2024,1,1.6
30/10/2024,2,1.6
30/10/2024,3,1.6
30/10/2024,4,1.59
30/10/2024,5,1.59
30/10/2024,6,1.59
30/10/2024,7,1.59
30/10/2024,8,1.58
30/10/2024,9,1.57
30/10/2024,10,1.57
30/10/2024,11,1.57
30/10/2024,12,1.57
30/10/2024,13,1.57
30/10/2024,14,1.57
30/10/2024,15,1.56
30/10/2024,16,1.55
30/10/2024,17,1.55
30/10/2024,18,1.55
30/10/2024,19,1.55
30/10/2024,20,1.55
30/10/2024,21,1.54
30/10/2024,22,1.54
30/10/2024,23,1.54
30/10/2024,24,1.54
31/10/2024,1,1.53
31/10/2024,2,1.53
31/10/2024,3,1.53
31/10/2024,4,1.53
31/10/2024,5,1.53
31/10/2024,6,1.53
31/10/2024,7,1.53
31/10/2024,8,1.53
31/10/2024,9,1.52
31/10/2024,10,1.6
31/10/2024,11,1.59
31/10/2024,12,1.58
31/10/2024,13,1.58
31/10/2024,14,1.57
31/10/2024,15,1.56
31/10/2024,16,1.55
31/10/2024,17,1.54
31/10/2024,18,1.53
31/10/2024,19,1.53
31/10/2024,20,1.53
31/10/2024,21,1.52
31/10/2024,22,1.52
31/10/2024,23,1.52
31/10/2024,24,1.51
1/11/2024,1,1.51
1/11/2024,2,1.51
1/11/2024,3,1.51
1/11/2024,4,1.51
1/11/2024,5,1.51
1/11/2024,6,1.51
1/11/2024,7,1.51
1/11/2024,8,1.55
1/11/2024,9,1.66
1/11/2024,10,1.63
1/11/2024,11,1.6
1/11/2024,12,1.58
1/11/2024,13,1.57
1/11/2024,14,1.56
1/11/2024,15,1.54
1/11/2024,16,1.53
1/11/2024,17,1.53
1/11/2024,18,1.53
1/11/2024,19,1.53
1/11/2024,20,1.53
1/11/2024,21,1.54
1/11/2024,22,1.56
1/11/2024,23,1.57
1/11/2024,24,1.57
2/11/2024,1,1.57
2/11/2024,2,1.57
2/11/2024,3,1.57
2/11/2024,4,1.57
2/11/2024,5,1.58
2/11/2024,6,1.58
2/11/2024,7,1.57
2/11/2024,8,1.57
2/11/2024,9,1.55
2/11/2024,10,1.55
2/11/2024,11,1.56
2/11/2024,12,1.57
2/11/2024,13,1.66
2/11/2024,14,1.67
2/11/2024,15,1.67
2/11/2024,16,1.67
2/11/2024,17,1.67
2/11/2024,18,1.67
2/11/2024,19,1.68
2/11/2024,20,1.68
2/11/2024,21,1.68
2/11/2024,22,1.68
2/11/2024,23,1.69
2/11/2024,24,1.69
3/11/2024,1,1.63
3/11/2024,2,1.64
3/11/2024,3,1.65
3/11/2024,4,1.67
3/11/2024,5,1.68
3/11/2024,6,1.68
3/11/2024,7,1.68
3/11/2024,8,1.66
3/11/2024,9,1.65
3/11/2024,10,1.65
3/11/2024,11,1.64
3/11/2024,12,1.62
3/11/2024,13,1.63
3/11/2024,14,1.64
3/11/2024,15,1.63
3/11/2024,16,1.61
3/11/2024,17,1.6
3/11/2024,18,1.59
3/11/2024,19,1.57
3/11/2024,20,1.56
3/11/2024,21,1.55
3/11/2024,22,1.54
3/11/2024,23,1.55
3/11/2024,24,1.56
4/11/2024,1,1.57
4/11/2024,2,1.57
4/11/2024,3,1.57
4/11/2024,4,1.58
4/11/2024,5,1.64
4/11/2024,6,1.71
4/11/2024,7,1.63
4/11/2024,8,1.55
4/11/2024,9,1.53
4/11/2024,10,1.52
4/11/2024,11,1.51
4/11/2024,12,1.51
4/11/2024,13,1.56
4/11/2024,14,1.64
4/11/2024,15,1.65
4/11/2024,16,1.65
4/11/2024,17,1.64
4/11/2024,18,1.64
4/11/2024,19,1.64
4/11/2024,20,1.63
4/11/2024,21,1.63
4/11/2024,22,1.62
4/11/2024,23,1.62
4/11/2024,24,1.61
5/11/2024,1,1.61
5/11/2024,2,1.6
5/11/2024,3,1.59
5/11/2024,4,1.58
5/11/2024,5,1.57
5/11/2024,6,1.57
5/11/2024,7,1.57
5/11/2024,8,1.57
5/11/2024,9,1.57
5/11/2024,10,1.57
5/11/2024,11,1.57
5/11/2024,12,1.57
5/11/2024,13,1.57
5/11/2024,14,1.57
5/11/2024,15,1.57
5/11/2024,16,1.57
5/11/2024,17,1.57
5/11/2024,18,1.57
5/11/2024,19,1.58
5/11/2024,20,1.58
5/11/2024,21,1.59
5/11/2024,22,1.59
5/11/2024,23,1.6
5/11/2024,24,1.61
6/11/2024,1,1.62
6/11/2024,2,1.62
6/11/2024,3,1.62
6/11/2024,4,1.62
6/11/2024,5,1.62
6/11/2024,6,1.62
6/11/2024,7,1.62
6/11/2024,8,1.62
6/11/2024,9,1.61
6/11/2024,10,1.6
6/11/2024,11,1.6
6/11/2024,12,1.59
6/11/2024,13,1.59
6/11/2024,14,1.59
6/11/2024,15,1.58
6/11/2024,16,1.58
6/11/2024,17,1.58
6/11/2024,18,1.58
6/11/2024,19,1.58
6/11/2024,20,1.6
6/11/2024,21,1.61
6/11/2024,22,1.63
6/11/2024,23,1.65
6/11/2024,24,1.68
7/11/2024,1,1.86
7/11/2024,2,1.91
7/11/2024,3,1.95
7/11/2024,4,1.99
7/11/2024,5,1.87
7/11/2024,6,1.82
7/11/2024,7,1.81
7/11/2024,8,1.79
7/11/2024,9,1.77
7/11/2024,10,1.76
7/11/2024,11,1.76
7/11/2024,12,1.75
7/11/2024,13,1.75
7/11/2024,14,1.75
7/11/2024,15,1.75
7/11/2024,16,1.75
7/11/2024,17,1.76
7/11/2024,18,1.77
7/11/2024,19,1.78
7/11/2024,20,1.79
7/11/2024,21,1.82
7/11/2024,22,1.85
7/11/2024,23,1.87
7/11/2024,24,1.89
8/11/2024,1,1.91
8/11/2024,2,1.93
8/11/2024,3,1.95
8/11/2024,4,1.97
8/11/2024,5,1.99
8/11/2024,6,2.01
8/11/2024,7,2.02
8/11/2024,8,2.06
8/11/2024,9,2.14
8/11/2024,10,2.23
8/11/2024,11,2.35
8/11/2024,12,2.37
8/11/2024,13,2.42
8/11/2024,14,2.48
8/11/2024,15,2.59
8/11/2024,16,2.63
8/11/2024,17,2.63
8/11/2024,18,2.69
8/11/2024,19,2.72
8/11/2024,20,2.7
8/11/2024,21,2.68
8/11/2024,22,2.66
8/11/2024,23,2.64
8/11/2024,24,2.62
9/11/2024,1,2.61
9/11/2024,2,2.6
9/11/2024,3,2.59
9/11/2024,4,2.58
9/11/2024,5,2.57
9/11/2024,6,2.56
9/11/2024,7,2.55
9/11/2024,8,2.53
9/11/2024,9,2.55
9/11/2024,10,2.55
9/11/2024,11,2.53
9/11/2024,12,2.51
9/11/2024,13,2.49
9/11/2024,14,2.47
9/11/2024,15,2.45
9/11/2024,16,2.43
9/11/2024,17,2.34
9/11/2024,18,2.37
9/11/2024,19,2.35
9/11/2024,20,2.32
9/11/2024,21,2.28
9/11/2024,22,2.25
9/11/2024,23,2.21
9/11/2024,24,2.17
10/11/2024,1,2.14
10/11/2024,2,2.11
10/11/2024,3,2.09
10/11/2024,4,2.08
10/11/2024,5,2.07
10/11/2024,6,2.05
10/11/2024,7,2.05
10/11/2024,8,2.05
10/11/2024,9,2.04
10/11/2024,10,2.03
10/11/2024,11,2.01
10/11/2024,12,2
10/11/2024,13,1.99
10/11/2024,14,1.98
10/11/2024,15,1.97
10/11/2024,16,1.97
10/11/2024,17,1.97
10/11/2024,18,1.97
10/11/2024,19,1.97
10/11/2024,20,1.96
10/11/2024,21,1.94
10/11/2024,22,1.94
10/11/2024,23,1.95
10/11/2024,24,1.95
11/11/2024,1,1.95
11/11/2024,2,1.95
11/11/2024,3,1.95
11/11/2024,4,1.94
11/11/2024,5,1.93
11/11/2024,6,1.92
11/11/2024,7,1.91
11/11/2024,8,1.9
11/11/2024,9,1.89
11/11/2024,10,1.92
11/11/2024,11,1.98
11/11/2024,12,1.96
11/11/2024,13,1.96
11/11/2024,14,1.95
11/11/2024,15,1.95
11/11/2024,16,1.94
11/11/2024,17,1.93
11/11/2024,18,1.92
11/11/2024,19,1.89
11/11/2024,20,1.87
11/11/2024,21,1.85
11/11/2024,22,1.85
11/11/2024,23,1.85
11/11/2024,24,1.85
12/11/2024,1,1.84
12/11/2024,2,1.83
12/11/2024,3,1.83
12/11/2024,4,1.82
12/11/2024,5,1.82
12/11/2024,6,1.8
12/11/2024,7,1.8
12/11/2024,8,1.8
12/11/2024,9,1.8
12/11/2024,10,1.79
12/11/2024,11,1.77
12/11/2024,12,1.77
12/11/2024,13,1.76
12/11/2024,14,1.76
12/11/2024,15,1.75
12/11/2024,16,1.75
12/11/2024,17,1.74
12/11/2024,18,1.73
12/11/2024,19,1.72
12/11/2024,20,1.71
12/11/2024,21,1.7
12/11/2024,22,1.7
12/11/2024,23,1.69
12/11/2024,24,1.69
13/11/2024,1,1.69
13/11/2024,2,1.69
13/11/2024,3,1.68
13/11/2024,4,1.68
13/11/2024,5,1.68
13/11/2024,6,1.68
13/11/2024,7,1.67
13/11/2024,8,1.67
13/11/2024,9,1.67
13/11/2024,10,1.67
13/11/2024,11,1.66
13/11/2024,12,1.66
13/11/2024,13,1.66
13/11/2024,14,1.66
13/11/2024,15,1.66
13/11/2024,16,1.66
13/11/2024,17,1.65
13/11/2024,18,1.65
13/11/2024,19,1.64
13/11/2024,20,1.64
13/11/2024,21,1.64
13/11/2024,22,1.64
13/11/2024,23,1.63
13/11/2024,24,1.63
,,